image,actual,prediction,confidence
0000.jpg,Annual poa,Annual poa,0.034512460231781006
0001.jpg,Annual poa,Annual poa,0.03453157842159271
0002.jpg,Annual poa,Annual poa,0.034528713673353195
0003.jpg,Annual poa,Annual poa,0.03450066223740578
0004.jpg,Annual poa,Annual poa,0.02830544486641884
0005.jpg,Annual poa,Annual poa,0.03452637046575546
0006.jpg,Annual poa,Annual poa,0.03448014333844185
0007.jpg,Annual poa,Annual poa,0.034531235694885254
0008.jpg,Annual poa,Annual poa,0.034531354904174805
0009.jpg,Annual poa,Annual poa,0.034526653587818146
0010.jpg,Annual poa,Annual poa,0.033538494259119034
0011.jpg,Annual poa,Annual poa,0.03437865525484085
0012.jpg,Annual poa,Annual poa,0.03452988713979721
0013.jpg,Annual poa,Annual poa,0.029284823685884476
0014.jpg,Annual poa,Yarrow,0.029699943959712982
0015.jpg,Annual poa,Annual poa,0.034526266157627106
0016.jpg,Annual poa,Annual poa,0.03453167900443077
0017.jpg,Annual poa,Annual poa,0.03444821015000343
0018.jpg,Annual poa,Annual poa,0.03453144431114197
0019.jpg,Annual poa,Annual poa,0.03452527895569801
0020.jpg,Annual poa,Annual poa,0.034529346972703934
0021.jpg,Annual poa,Annual poa,0.03452885150909424
0022.jpg,Annual poa,Annual poa,0.03453027084469795
0023.jpg,Annual poa,Annual poa,0.034344278275966644
0024.jpg,Annual poa,Annual poa,0.03453041985630989
0025.jpg,Annual poa,Annual poa,0.03453056886792183
0026.jpg,Annual poa,Annual poa,0.03452111780643463
0027.jpg,Annual poa,Annual poa,0.01629742980003357
0028.jpg,Annual poa,Annual poa,0.033733777701854706
0029.jpg,Annual poa,Annual poa,0.03449688479304314
0030.jpg,Annual poa,Annual poa,0.03452382981777191
0031.jpg,Annual poa,Annual poa,0.03330133855342865
0032.jpg,Annual poa,Annual poa,0.03452804684638977
0033.jpg,Annual poa,Annual poa,0.034526675939559937
0034.jpg,Annual poa,Annual poa,0.034519538283348083
0035.jpg,Annual poa,Annual poa,0.032786980271339417
0036.jpg,Annual poa,Annual poa,0.0345301628112793
0037.jpg,Annual poa,Annual poa,0.034530237317085266
0038.jpg,Annual poa,Annual poa,0.03452985733747482
0039.jpg,Annual poa,Annual poa,0.034520700573921204
0040.jpg,Annual poa,Annual poa,0.034531597048044205
0041.jpg,Annual poa,Annual poa,0.034523021429777145
0042.jpg,Annual poa,Annual poa,0.034524206072092056
0043.jpg,Annual poa,Annual poa,0.034514304250478745
0044.jpg,Annual poa,Annual poa,0.03452012687921524
0045.jpg,Annual poa,Annual poa,0.0345289371907711
0046.jpg,Annual poa,Annual poa,0.03450768440961838
0047.jpg,Annual poa,Annual poa,0.0345267690718174
0048.jpg,Annual poa,Annual poa,0.034504517912864685
0049.jpg,Annual poa,Annual poa,0.03451874107122421
0050.jpg,Annual poa,Annual poa,0.034525174647569656
0051.jpg,Annual poa,Annual poa,0.03451598063111305
0052.jpg,Annual poa,Annual poa,0.03452514484524727
0053.jpg,Annual poa,Annual poa,0.034336503595113754
0054.jpg,Annual poa,Annual poa,0.029101397842168808
0055.jpg,Annual poa,Annual poa,0.034512825310230255
0056.jpg,Annual poa,Annual poa,0.03450663015246391
0057.jpg,Annual poa,Annual poa,0.034089986234903336
0058.jpg,Annual poa,Annual poa,0.0345316044986248
0059.jpg,Annual poa,Annual poa,0.03434070572257042
0060.jpg,Annual poa,Annual poa,0.034531693905591965
0061.jpg,Annual poa,Annual poa,0.034531693905591965
0062.jpg,Annual poa,Annual poa,0.03453171253204346
0063.jpg,Annual poa,Annual poa,0.03450777754187584
0064.jpg,Annual poa,Annual poa,0.03447819873690605
0065.jpg,Annual poa,Annual poa,0.0345282219350338
0066.jpg,Annual poa,Annual poa,0.03452557325363159
0067.jpg,Annual poa,Annual poa,0.0345262736082077
0068.jpg,Annual poa,Annual poa,0.03453173115849495
0069.jpg,Annual poa,Annual poa,0.03452856093645096
0070.jpg,Annual poa,Annual poa,0.03452477976679802
0071.jpg,Annual poa,Annual poa,0.03453158214688301
0072.jpg,Annual poa,Annual poa,0.03448944911360741
0073.jpg,Annual poa,Annual poa,0.0345308892428875
0074.jpg,Annual poa,Annual poa,0.03391687572002411
0075.jpg,Annual poa,Chickweed,0.019318483769893646
0076.jpg,Annual poa,Annual poa,0.0345144048333168
0077.jpg,Annual poa,Annual poa,0.03444210812449455
0078.jpg,Annual poa,Annual poa,0.03210795298218727
0079.jpg,Annual poa,Annual poa,0.03452718257904053
0080.jpg,Annual poa,Annual poa,0.03452566638588905
0081.jpg,Annual poa,Annual poa,0.02663704752922058
0082.jpg,Annual poa,Annual poa,0.03447733819484711
0083.jpg,Annual poa,Annual poa,0.03444556146860123
0084.jpg,Annual poa,Annual poa,0.034530509263277054
0085.jpg,Annual poa,Annual poa,0.03452952578663826
0086.jpg,Annual poa,Wireweed,0.016651855781674385
0087.jpg,Annual poa,Annual poa,0.0345274917781353
0088.jpg,Annual poa,Annual poa,0.03437986224889755
0089.jpg,Annual poa,Annual poa,0.03453127294778824
0090.jpg,Annual poa,Annual poa,0.03452910855412483
0091.jpg,Annual poa,Annual poa,0.034526702016592026
0092.jpg,Annual poa,Annual poa,0.03453168645501137
0093.jpg,Annual poa,Annual poa,0.03451663255691528
0094.jpg,Annual poa,Broad-leaved fleabane,0.017115959897637367
0095.jpg,Annual poa,Annual poa,0.03450893610715866
0096.jpg,Annual poa,Annual poa,0.034530315548181534
0097.jpg,Annual poa,Annual poa,0.03387129679322243
0098.jpg,Annual poa,Annual poa,0.0345236174762249
0099.jpg,Annual poa,Annual poa,0.034526027739048004
0000.jpg,Black nightshade,Black nightshade,0.034512296319007874
0001.jpg,Black nightshade,Black nightshade,0.03452703729271889
0002.jpg,Black nightshade,Black nightshade,0.03451838716864586
0003.jpg,Black nightshade,Wild radish,0.02167065255343914
0004.jpg,Black nightshade,Black nightshade,0.03290846198797226
0005.jpg,Black nightshade,Black nightshade,0.03441556170582771
0006.jpg,Black nightshade,Black nightshade,0.03452567011117935
0007.jpg,Black nightshade,Black nightshade,0.034531496465206146
0008.jpg,Black nightshade,Black nightshade,0.03453174978494644
0009.jpg,Black nightshade,Black nightshade,0.034531693905591965
0010.jpg,Black nightshade,Black nightshade,0.03452174738049507
0011.jpg,Black nightshade,Black nightshade,0.03451982140541077
0012.jpg,Black nightshade,Black nightshade,0.03453156352043152
0013.jpg,Black nightshade,Black nightshade,0.030561519786715508
0014.jpg,Black nightshade,Black nightshade,0.033974919468164444
0015.jpg,Black nightshade,Black nightshade,0.034529220312833786
0016.jpg,Black nightshade,Black nightshade,0.03453158959746361
0017.jpg,Black nightshade,Black nightshade,0.03453102335333824
0018.jpg,Black nightshade,Black nightshade,0.03443935886025429
0019.jpg,Black nightshade,Black nightshade,0.03453132510185242
0020.jpg,Black nightshade,Black nightshade,0.03453103452920914
0021.jpg,Black nightshade,Black nightshade,0.033906180411577225
0022.jpg,Black nightshade,Black nightshade,0.03452499955892563
0023.jpg,Black nightshade,Black nightshade,0.034423913806676865
0024.jpg,Black nightshade,Black nightshade,0.03452581167221069
0025.jpg,Black nightshade,Black nightshade,0.03452949970960617
0026.jpg,Black nightshade,Black nightshade,0.03430098295211792
0027.jpg,Black nightshade,Hedge mustard,0.02530081570148468
0028.jpg,Black nightshade,Black nightshade,0.024272862821817398
0029.jpg,Black nightshade,Black nightshade,0.034437671303749084
0030.jpg,Black nightshade,Black nightshade,0.03452937677502632
0031.jpg,Black nightshade,Black nightshade,0.034154005348682404
0032.jpg,Black nightshade,Black nightshade,0.03452291339635849
0033.jpg,Black nightshade,Black nightshade,0.03453074395656586
0034.jpg,Black nightshade,Black nightshade,0.03453143313527107
0035.jpg,Black nightshade,Black nightshade,0.02078763209283352
0036.jpg,Black nightshade,Black nightshade,0.03447432070970535
0037.jpg,Black nightshade,Black nightshade,0.034510668367147446
0038.jpg,Black nightshade,Black nightshade,0.034531522542238235
0039.jpg,Black nightshade,Black nightshade,0.03452327474951744
0040.jpg,Black nightshade,Black nightshade,0.0345303975045681
0041.jpg,Black nightshade,Black nightshade,0.03445589914917946
0042.jpg,Black nightshade,Black nightshade,0.03453126922249794
0043.jpg,Black nightshade,Black nightshade,0.034530527889728546
0044.jpg,Black nightshade,Black nightshade,0.034531690180301666
0045.jpg,Black nightshade,Black nightshade,0.0345313735306263
0046.jpg,Black nightshade,Black nightshade,0.03453171253204346
0047.jpg,Black nightshade,Black nightshade,0.03453176096081734
0048.jpg,Black nightshade,Black nightshade,0.03452511131763458
0049.jpg,Black nightshade,Black nightshade,0.034530919045209885
0050.jpg,Black nightshade,Black nightshade,0.03449033945798874
0051.jpg,Black nightshade,Black nightshade,0.034529831260442734
0052.jpg,Black nightshade,Black nightshade,0.03453090041875839
0053.jpg,Black nightshade,Black nightshade,0.0345303937792778
0054.jpg,Black nightshade,Creeping buttercup,0.01579367369413376
0055.jpg,Black nightshade,Black nightshade,0.03453109785914421
0056.jpg,Black nightshade,Black nightshade,0.034531403332948685
0057.jpg,Black nightshade,Black nightshade,0.03453128784894943
0058.jpg,Black nightshade,Black nightshade,0.03453175351023674
0059.jpg,Black nightshade,Black nightshade,0.034511957317590714
0060.jpg,Black nightshade,Black nightshade,0.03452913835644722
0061.jpg,Black nightshade,Black nightshade,0.03399535268545151
0062.jpg,Black nightshade,Black nightshade,0.03453078493475914
0063.jpg,Black nightshade,Black nightshade,0.034531429409980774
0064.jpg,Black nightshade,Black nightshade,0.034522537142038345
0065.jpg,Black nightshade,Black nightshade,0.034214530140161514
0066.jpg,Black nightshade,Black nightshade,0.03452783077955246
0067.jpg,Black nightshade,Black nightshade,0.034530267119407654
0068.jpg,Black nightshade,Black nightshade,0.03452882170677185
0069.jpg,Black nightshade,Black nightshade,0.033441148698329926
0070.jpg,Black nightshade,Black nightshade,0.03451232984662056
0071.jpg,Black nightshade,Black nightshade,0.03452146798372269
0072.jpg,Black nightshade,Black nightshade,0.03440754860639572
0073.jpg,Black nightshade,Black nightshade,0.034340910613536835
0074.jpg,Black nightshade,Black nightshade,0.034462820738554
0075.jpg,Black nightshade,Black nightshade,0.021417705342173576
0076.jpg,Black nightshade,Black nightshade,0.034491635859012604
0077.jpg,Black nightshade,Black nightshade,0.03451671451330185
0078.jpg,Black nightshade,Black nightshade,0.03453153744339943
0079.jpg,Black nightshade,Black nightshade,0.03452173247933388
0080.jpg,Black nightshade,Black nightshade,0.03453171253204346
0081.jpg,Black nightshade,Black nightshade,0.03250972181558609
0082.jpg,Black nightshade,Black nightshade,0.034531671553850174
0083.jpg,Black nightshade,Black nightshade,0.03453085571527481
0084.jpg,Black nightshade,Black nightshade,0.03452720120549202
0085.jpg,Black nightshade,Black nightshade,0.034514375030994415
0086.jpg,Black nightshade,Ivy,0.02884592115879059
0087.jpg,Black nightshade,Black nightshade,0.03452828899025917
0088.jpg,Black nightshade,Black nightshade,0.034499164670705795
0089.jpg,Black nightshade,Black nightshade,0.03453138843178749
0090.jpg,Black nightshade,Black nightshade,0.034525174647569656
0091.jpg,Black nightshade,Black nightshade,0.03453151509165764
0092.jpg,Black nightshade,Black nightshade,0.03453155234456062
0093.jpg,Black nightshade,Black nightshade,0.034521203488111496
0094.jpg,Black nightshade,Black nightshade,0.023525800555944443
0095.jpg,Black nightshade,Black nightshade,0.034270867705345154
0096.jpg,Black nightshade,Black nightshade,0.03452514484524727
0097.jpg,Black nightshade,Black nightshade,0.032663241028785706
0098.jpg,Black nightshade,Black nightshade,0.03452786058187485
0099.jpg,Black nightshade,Black nightshade,0.03451772779226303
0000.jpg,Blackberry,Blackberry,0.03453093767166138
0001.jpg,Blackberry,Blackberry,0.03452485427260399
0002.jpg,Blackberry,Blackberry,0.03453025594353676
0003.jpg,Blackberry,Blackberry,0.02221449837088585
0004.jpg,Blackberry,Blackberry,0.03200892359018326
0005.jpg,Blackberry,Blackberry,0.03453172370791435
0006.jpg,Blackberry,Blackberry,0.03452998399734497
0007.jpg,Blackberry,Blackberry,0.03447659686207771
0008.jpg,Blackberry,Blackberry,0.034531690180301666
0009.jpg,Blackberry,Blackberry,0.03453153744339943
0010.jpg,Blackberry,Blackberry,0.03444957360625267
0011.jpg,Blackberry,Blackberry,0.021653251722455025
0012.jpg,Blackberry,Blackberry,0.034531619399785995
0013.jpg,Blackberry,Blackberry,0.03278147056698799
0014.jpg,Blackberry,Blackberry,0.03406575694680214
0015.jpg,Blackberry,Blackberry,0.03447696939110756
0016.jpg,Blackberry,Blackberry,0.034529998898506165
0017.jpg,Blackberry,Nettle,0.028695879504084587
0018.jpg,Blackberry,Blackberry,0.034531693905591965
0019.jpg,Blackberry,Blackberry,0.03452586010098457
0020.jpg,Blackberry,Blackberry,0.03452301770448685
0021.jpg,Blackberry,Blackberry,0.03452003374695778
0022.jpg,Blackberry,Blackberry,0.034531012177467346
0023.jpg,Blackberry,Blackberry,0.034531209617853165
0024.jpg,Blackberry,Blackberry,0.034467052668333054
0025.jpg,Blackberry,Blackberry,0.03232956677675247
0026.jpg,Blackberry,Blackberry,0.03434617072343826
0027.jpg,Blackberry,Black nightshade,0.030740361660718918
0028.jpg,Blackberry,Blackberry,0.027217978611588478
0029.jpg,Blackberry,Blackberry,0.02656698413193226
0030.jpg,Blackberry,Blackberry,0.03439043089747429
0031.jpg,Blackberry,Wild radish,0.03406618908047676
0032.jpg,Blackberry,Blackberry,0.034326087683439255
0033.jpg,Blackberry,Blackberry,0.034502625465393066
0034.jpg,Blackberry,Blackberry,0.034518610686063766
0035.jpg,Blackberry,Blackberry,0.023743653669953346
0036.jpg,Blackberry,Blackberry,0.03453163430094719
0037.jpg,Blackberry,Blackberry,0.0345240980386734
0038.jpg,Blackberry,Blackberry,0.03453085944056511
0039.jpg,Blackberry,Blackberry,0.034531693905591965
0040.jpg,Blackberry,Blackberry,0.03453155606985092
0041.jpg,Blackberry,Blackberry,0.03452422097325325
0042.jpg,Blackberry,Blackberry,0.034524768590927124
0043.jpg,Blackberry,Blackberry,0.03453143313527107
0044.jpg,Blackberry,Blackberry,0.03451704978942871
0045.jpg,Blackberry,Blackberry,0.03439649939537048
0046.jpg,Blackberry,Blackberry,0.034531716257333755
0047.jpg,Blackberry,Blackberry,0.03452263027429581
0048.jpg,Blackberry,Blackberry,0.0345313660800457
0049.jpg,Blackberry,Blackberry,0.03453175723552704
0050.jpg,Blackberry,Blackberry,0.034531671553850174
0051.jpg,Blackberry,Blackberry,0.03452324867248535
0052.jpg,Blackberry,Blackberry,0.034495268017053604
0053.jpg,Blackberry,Blackberry,0.034531496465206146
0054.jpg,Blackberry,Hedge mustard,0.03392552211880684
0055.jpg,Blackberry,Blackberry,0.0345316044986248
0056.jpg,Blackberry,Blackberry,0.034531526267528534
0057.jpg,Blackberry,Blackberry,0.03453175723552704
0058.jpg,Blackberry,Blackberry,0.03449369594454765
0059.jpg,Blackberry,Blackberry,0.034520912915468216
0060.jpg,Blackberry,Blackberry,0.03453173115849495
0061.jpg,Blackberry,Blackberry,0.03453173115849495
0062.jpg,Blackberry,Blackberry,0.03453170880675316
0063.jpg,Blackberry,Blackberry,0.03453177213668823
0064.jpg,Blackberry,Blackberry,0.034526798874139786
0065.jpg,Blackberry,Blackberry,0.03453162685036659
0066.jpg,Blackberry,Blackberry,0.03453174605965614
0067.jpg,Blackberry,Blackberry,0.03452910855412483
0068.jpg,Blackberry,Blackberry,0.03453163430094719
0069.jpg,Blackberry,Broad-leaved dock,0.018135540187358856
0070.jpg,Blackberry,Blackberry,0.03452969714999199
0071.jpg,Blackberry,Blackberry,0.03452831134200096
0072.jpg,Blackberry,Blackberry,0.03452441096305847
0073.jpg,Blackberry,Blackberry,0.03452608361840248
0074.jpg,Blackberry,Blackberry,0.03452581539750099
0075.jpg,Blackberry,Blackberry,0.03450965881347656
0076.jpg,Blackberry,Blackberry,0.034513067454099655
0077.jpg,Blackberry,Blackberry,0.03452498838305473
0078.jpg,Blackberry,Blackberry,0.03453068062663078
0079.jpg,Blackberry,Blackberry,0.03453165292739868
0080.jpg,Blackberry,Blackberry,0.03453171253204346
0081.jpg,Blackberry,Blackberry,0.03437802568078041
0082.jpg,Blackberry,Blackberry,0.03453175351023674
0083.jpg,Blackberry,Blackberry,0.034531425684690475
0084.jpg,Blackberry,Blackberry,0.03453148156404495
0085.jpg,Blackberry,Blackberry,0.03453175723552704
0086.jpg,Blackberry,Blackberry,0.03453120216727257
0087.jpg,Blackberry,Blackberry,0.03453173488378525
0088.jpg,Blackberry,Blackberry,0.034460507333278656
0089.jpg,Blackberry,Blackberry,0.034512683749198914
0090.jpg,Blackberry,Blackberry,0.03450336679816246
0091.jpg,Blackberry,Blackberry,0.0345270149409771
0092.jpg,Blackberry,Blackberry,0.03453173488378525
0093.jpg,Blackberry,Blackberry,0.034528542309999466
0094.jpg,Blackberry,Blackberry,0.03439253941178322
0095.jpg,Blackberry,Blackberry,0.034529734402894974
0096.jpg,Blackberry,Blackberry,0.034529805183410645
0097.jpg,Blackberry,Blackberry,0.03268656134605408
0098.jpg,Blackberry,Blackberry,0.03453170880675316
0099.jpg,Blackberry,Blackberry,0.03440142795443535
0000.jpg,Bracken,Bracken,0.034526750445365906
0001.jpg,Bracken,Bracken,0.03447457402944565
0002.jpg,Bracken,Bracken,0.034459300339221954
0003.jpg,Bracken,Bracken,0.034529346972703934
0004.jpg,Bracken,Bracken,0.03453003242611885
0005.jpg,Bracken,Bracken,0.034478623420000076
0006.jpg,Bracken,Bracken,0.03453093394637108
0007.jpg,Bracken,Bracken,0.03453046828508377
0008.jpg,Bracken,Bracken,0.03453042358160019
0009.jpg,Bracken,Bracken,0.03451165556907654
0010.jpg,Bracken,Bracken,0.03370354697108269
0011.jpg,Bracken,Bracken,0.03451193869113922
0012.jpg,Bracken,Bracken,0.034406356513500214
0013.jpg,Bracken,Bracken,0.03433464467525482
0014.jpg,Bracken,Bracken,0.03415372595191002
0015.jpg,Bracken,Bracken,0.03019857406616211
0016.jpg,Bracken,Bracken,0.034514281898736954
0017.jpg,Bracken,Bracken,0.033643487840890884
0018.jpg,Bracken,Bracken,0.034524593502283096
0019.jpg,Bracken,Bracken,0.03452296927571297
0020.jpg,Bracken,Bracken,0.034514471888542175
0021.jpg,Bracken,Bracken,0.03450833633542061
0022.jpg,Bracken,Bracken,0.03447255864739418
0023.jpg,Bracken,Bracken,0.0344160720705986
0024.jpg,Bracken,Bracken,0.03438403457403183
0025.jpg,Bracken,Bracken,0.03451564162969589
0026.jpg,Bracken,Bracken,0.0345272570848465
0027.jpg,Bracken,Musky storksbill,0.03441639244556427
0028.jpg,Bracken,Bracken,0.034350182861089706
0029.jpg,Bracken,Bracken,0.03442820906639099
0030.jpg,Bracken,Bracken,0.03451060503721237
0031.jpg,Bracken,Bracken,0.03452962636947632
0032.jpg,Bracken,Bracken,0.034521568566560745
0033.jpg,Bracken,Bracken,0.03447145223617554
0034.jpg,Bracken,Bracken,0.034474752843379974
0035.jpg,Bracken,Bracken,0.03334863856434822
0036.jpg,Bracken,Bracken,0.03451128304004669
0037.jpg,Bracken,Bracken,0.03452913463115692
0038.jpg,Bracken,Bracken,0.03448833152651787
0039.jpg,Bracken,Bracken,0.03451944887638092
0040.jpg,Bracken,Bracken,0.0345303975045681
0041.jpg,Bracken,Bracken,0.034531451761722565
0042.jpg,Bracken,Bracken,0.03444261476397514
0043.jpg,Bracken,Bracken,0.03452659025788307
0044.jpg,Bracken,Bracken,0.0345163494348526
0045.jpg,Bracken,Bracken,0.03442210704088211
0046.jpg,Bracken,Bracken,0.02834024466574192
0047.jpg,Bracken,Bracken,0.03361332416534424
0048.jpg,Bracken,Bracken,0.0344991460442543
0049.jpg,Bracken,Bracken,0.03452485054731369
0050.jpg,Bracken,Bracken,0.03452511504292488
0051.jpg,Bracken,Bracken,0.034506868571043015
0052.jpg,Bracken,Bracken,0.0345316044986248
0053.jpg,Bracken,Bracken,0.034401312470436096
0054.jpg,Bracken,Bracken,0.03207722306251526
0055.jpg,Bracken,Bracken,0.034531738609075546
0056.jpg,Bracken,Bracken,0.03447341546416283
0057.jpg,Bracken,Bracken,0.034525152295827866
0058.jpg,Bracken,Bracken,0.034466736018657684
0059.jpg,Bracken,Bracken,0.03442411497235298
0060.jpg,Bracken,Bracken,0.034434445202350616
0061.jpg,Bracken,Bracken,0.03452635928988457
0062.jpg,Bracken,Bracken,0.022478418424725533
0063.jpg,Bracken,Bracken,0.03444187343120575
0064.jpg,Bracken,Bracken,0.03240710869431496
0065.jpg,Bracken,Bracken,0.034424129873514175
0066.jpg,Bracken,Bracken,0.03320331126451492
0067.jpg,Bracken,Bracken,0.03452827408909798
0068.jpg,Bracken,Bracken,0.0344274528324604
0069.jpg,Bracken,Bracken,0.034098394215106964
0070.jpg,Bracken,Bracken,0.03432818502187729
0071.jpg,Bracken,Bracken,0.03453173115849495
0072.jpg,Bracken,Bracken,0.03443256393074989
0073.jpg,Bracken,Bracken,0.0345294214785099
0074.jpg,Bracken,Bracken,0.03452518209815025
0075.jpg,Bracken,Bracken,0.03452016040682793
0076.jpg,Bracken,Bracken,0.03450017049908638
0077.jpg,Bracken,Bracken,0.034531690180301666
0078.jpg,Bracken,Bracken,0.03453017398715019
0079.jpg,Bracken,Bracken,0.03451330587267876
0080.jpg,Bracken,Bracken,0.03452623263001442
0081.jpg,Bracken,Bracken,0.03429480642080307
0082.jpg,Bracken,Bracken,0.03450119495391846
0083.jpg,Bracken,Bracken,0.03452879562973976
0084.jpg,Bracken,Bracken,0.03452768549323082
0085.jpg,Bracken,Bracken,0.034530315548181534
0086.jpg,Bracken,Bracken,0.03440840542316437
0087.jpg,Bracken,Bracken,0.03453129157423973
0088.jpg,Bracken,Bracken,0.03450385853648186
0089.jpg,Bracken,Bracken,0.03428417816758156
0090.jpg,Bracken,Bracken,0.03452890366315842
0091.jpg,Bracken,Bracken,0.03453105688095093
0092.jpg,Bracken,Bracken,0.03452985733747482
0093.jpg,Bracken,Bracken,0.03450488671660423
0094.jpg,Bracken,Bracken,0.021948639303445816
0095.jpg,Bracken,Bracken,0.0345282182097435
0096.jpg,Bracken,Bracken,0.03452600538730621
0097.jpg,Bracken,Bracken,0.0345238521695137
0098.jpg,Bracken,Bracken,0.034180719405412674
0099.jpg,Bracken,Bracken,0.034497007727622986
0000.jpg,Broad-leaved dock,Broad-leaved dock,0.03451034799218178
0001.jpg,Broad-leaved dock,Broad-leaved dock,0.03447970002889633
0002.jpg,Broad-leaved dock,Broad-leaved dock,0.034530747681856155
0003.jpg,Broad-leaved dock,Broad-leaved dock,0.034467197954654694
0004.jpg,Broad-leaved dock,Broad-leaved dock,0.03452066332101822
0005.jpg,Broad-leaved dock,Broad-leaved dock,0.03437609225511551
0006.jpg,Broad-leaved dock,Broad-leaved dock,0.034515414386987686
0007.jpg,Broad-leaved dock,Broad-leaved dock,0.03452564775943756
0008.jpg,Broad-leaved dock,Broad-leaved dock,0.031754020601511
0009.jpg,Broad-leaved dock,Broad-leaved dock,0.034530192613601685
0010.jpg,Broad-leaved dock,Broad-leaved dock,0.034389059990644455
0011.jpg,Broad-leaved dock,Broad-leaved dock,0.034280627965927124
0012.jpg,Broad-leaved dock,Broad-leaved dock,0.034531671553850174
0013.jpg,Broad-leaved dock,Broad-leaved dock,0.02396991103887558
0014.jpg,Broad-leaved dock,Broad-leaved dock,0.034482691437006
0015.jpg,Broad-leaved dock,Broad-leaved dock,0.0344691127538681
0016.jpg,Broad-leaved dock,Broad-leaved dock,0.03452370688319206
0017.jpg,Broad-leaved dock,Broad-leaved dock,0.02559303678572178
0018.jpg,Broad-leaved dock,Broad-leaved dock,0.03451317921280861
0019.jpg,Broad-leaved dock,Broad-leaved dock,0.03453076258301735
0020.jpg,Broad-leaved dock,Broad-leaved dock,0.034531690180301666
0021.jpg,Broad-leaved dock,Broad-leaved dock,0.03453020378947258
0022.jpg,Broad-leaved dock,Broad-leaved dock,0.034524135291576385
0023.jpg,Broad-leaved dock,Broad-leaved dock,0.034520164132118225
0024.jpg,Broad-leaved dock,Broad-leaved dock,0.034420598298311234
0025.jpg,Broad-leaved dock,Broad-leaved dock,0.03452342376112938
0026.jpg,Broad-leaved dock,Broad-leaved dock,0.03449758514761925
0027.jpg,Broad-leaved dock,Broad-leaved dock,0.031234946101903915
0028.jpg,Broad-leaved dock,Broad-leaved dock,0.033842988312244415
0029.jpg,Broad-leaved dock,Broad-leaved dock,0.03438476473093033
0030.jpg,Broad-leaved dock,Broad-leaved dock,0.03447446972131729
0031.jpg,Broad-leaved dock,Broad-leaved dock,0.034522976726293564
0032.jpg,Broad-leaved dock,Broad-leaved dock,0.03452225401997566
0033.jpg,Broad-leaved dock,Broad-leaved dock,0.03452735394239426
0034.jpg,Broad-leaved dock,Broad-leaved dock,0.03452881798148155
0035.jpg,Broad-leaved dock,Broad-leaved dock,0.034369975328445435
0036.jpg,Broad-leaved dock,Broad-leaved dock,0.034527216106653214
0037.jpg,Broad-leaved dock,Broad-leaved dock,0.034479886293411255
0038.jpg,Broad-leaved dock,Broad-leaved dock,0.03453105688095093
0039.jpg,Broad-leaved dock,Broad-leaved dock,0.03452443331480026
0040.jpg,Broad-leaved dock,Broad-leaved dock,0.03453025966882706
0041.jpg,Broad-leaved dock,Broad-leaved dock,0.03453151509165764
0042.jpg,Broad-leaved dock,Broad-leaved dock,0.03452969714999199
0043.jpg,Broad-leaved dock,Broad-leaved dock,0.03452405333518982
0044.jpg,Broad-leaved dock,Broad-leaved dock,0.034504763782024384
0045.jpg,Broad-leaved dock,Broad-leaved dock,0.03389153257012367
0046.jpg,Broad-leaved dock,Broad-leaved dock,0.034530919045209885
0047.jpg,Broad-leaved dock,Broad-leaved dock,0.03453033044934273
0048.jpg,Broad-leaved dock,Broad-leaved dock,0.03451991081237793
0049.jpg,Broad-leaved dock,Broad-leaved dock,0.03445529565215111
0050.jpg,Broad-leaved dock,Broad-leaved dock,0.02999180741608143
0051.jpg,Broad-leaved dock,Broad-leaved dock,0.03452650457620621
0052.jpg,Broad-leaved dock,Broad-leaved dock,0.03449113667011261
0053.jpg,Broad-leaved dock,Broad-leaved dock,0.03451473265886307
0054.jpg,Broad-leaved dock,Broad-leaved dock,0.03453010693192482
0055.jpg,Broad-leaved dock,Broad-leaved dock,0.03450421988964081
0056.jpg,Broad-leaved dock,Broad-leaved dock,0.03452955186367035
0057.jpg,Broad-leaved dock,Broad-leaved dock,0.03391914814710617
0058.jpg,Broad-leaved dock,Broad-leaved dock,0.03452719375491142
0059.jpg,Broad-leaved dock,Broad-leaved dock,0.03450699895620346
0060.jpg,Broad-leaved dock,Broad-leaved dock,0.034460801631212234
0061.jpg,Broad-leaved dock,Broad-leaved dock,0.03451338782906532
0062.jpg,Broad-leaved dock,Broad-leaved dock,0.034527141600847244
0063.jpg,Broad-leaved dock,Broad-leaved dock,0.03452926501631737
0064.jpg,Broad-leaved dock,Broad-leaved dock,0.03422533720731735
0065.jpg,Broad-leaved dock,Broad-leaved dock,0.03448663651943207
0066.jpg,Broad-leaved dock,Broad-leaved dock,0.03453048691153526
0067.jpg,Broad-leaved dock,Broad-leaved dock,0.03441284969449043
0068.jpg,Broad-leaved dock,Broad-leaved dock,0.03450201824307442
0069.jpg,Broad-leaved dock,Broad-leaved dock,0.03447864577174187
0070.jpg,Broad-leaved dock,Broad-leaved dock,0.03451016917824745
0071.jpg,Broad-leaved dock,Broad-leaved dock,0.03449355438351631
0072.jpg,Broad-leaved dock,Broad-leaved dock,0.034529171884059906
0073.jpg,Broad-leaved dock,Broad-leaved dock,0.03452949970960617
0074.jpg,Broad-leaved dock,Broad-leaved dock,0.034527648240327835
0075.jpg,Broad-leaved dock,Broad-leaved dock,0.03443068638443947
0076.jpg,Broad-leaved dock,Broad-leaved dock,0.03452816605567932
0077.jpg,Broad-leaved dock,Broad-leaved dock,0.03453122824430466
0078.jpg,Broad-leaved dock,Broad-leaved dock,0.03452850133180618
0079.jpg,Broad-leaved dock,Broad-leaved dock,0.03451859578490257
0080.jpg,Broad-leaved dock,Broad-leaved dock,0.033302515745162964
0081.jpg,Broad-leaved dock,Clustered dock,0.024314571171998978
0082.jpg,Broad-leaved dock,Broad-leaved dock,0.03453081473708153
0083.jpg,Broad-leaved dock,Broad-leaved dock,0.034442201256752014
0084.jpg,Broad-leaved dock,Broad-leaved dock,0.03452155366539955
0085.jpg,Broad-leaved dock,Broad-leaved dock,0.03452591225504875
0086.jpg,Broad-leaved dock,Broad-leaved dock,0.03441291302442551
0087.jpg,Broad-leaved dock,Broad-leaved dock,0.03452831134200096
0088.jpg,Broad-leaved dock,Broad-leaved dock,0.034432217478752136
0089.jpg,Broad-leaved dock,Broad-leaved dock,0.03341285139322281
0090.jpg,Broad-leaved dock,Broad-leaved dock,0.034470461308956146
0091.jpg,Broad-leaved dock,Broad-leaved dock,0.034531183540821075
0092.jpg,Broad-leaved dock,Broad-leaved dock,0.03425886482000351
0093.jpg,Broad-leaved dock,Broad-leaved dock,0.03453151509165764
0094.jpg,Broad-leaved dock,Broad-leaved dock,0.033943917602300644
0095.jpg,Broad-leaved dock,Broad-leaved dock,0.03452621027827263
0096.jpg,Broad-leaved dock,Broad-leaved dock,0.03452560305595398
0097.jpg,Broad-leaved dock,Fiddle dock,0.034253139048814774
0098.jpg,Broad-leaved dock,Broad-leaved dock,0.034002017229795456
0099.jpg,Broad-leaved dock,Broad-leaved dock,0.03452156111598015
0000.jpg,Broad-leaved fleabane,Broad-leaved fleabane,0.03453177213668823
0001.jpg,Broad-leaved fleabane,Broad-leaved fleabane,0.03453092277050018
0002.jpg,Broad-leaved fleabane,Broad-leaved fleabane,0.03440514951944351
0003.jpg,Broad-leaved fleabane,Broad-leaved fleabane,0.026148388162255287
0004.jpg,Broad-leaved fleabane,Broad-leaved fleabane,0.02339072711765766
0005.jpg,Broad-leaved fleabane,Broad-leaved fleabane,0.03441659361124039
0006.jpg,Broad-leaved fleabane,Broad-leaved fleabane,0.03452468663454056
0007.jpg,Broad-leaved fleabane,Broad-leaved fleabane,0.03452860563993454
0008.jpg,Broad-leaved fleabane,Broad-leaved fleabane,0.03453173115849495
0009.jpg,Broad-leaved fleabane,Broad-leaved fleabane,0.03452889248728752
0010.jpg,Broad-leaved fleabane,Broad-leaved fleabane,0.034517671912908554
0011.jpg,Broad-leaved fleabane,Broad-leaved fleabane,0.029010020196437836
0012.jpg,Broad-leaved fleabane,Broad-leaved fleabane,0.03453156724572182
0013.jpg,Broad-leaved fleabane,Broad-leaved fleabane,0.03441209718585014
0014.jpg,Broad-leaved fleabane,Broad-leaved fleabane,0.03433221951127052
0015.jpg,Broad-leaved fleabane,Broad-leaved fleabane,0.03453173488378525
0016.jpg,Broad-leaved fleabane,Broad-leaved fleabane,0.03369804099202156
0017.jpg,Broad-leaved fleabane,Broad-leaved dock,0.0330687016248703
0018.jpg,Broad-leaved fleabane,Broad-leaved fleabane,0.03453177213668823
0019.jpg,Broad-leaved fleabane,Broad-leaved fleabane,0.03450976312160492
0020.jpg,Broad-leaved fleabane,Broad-leaved fleabane,0.03453157842159271
0021.jpg,Broad-leaved fleabane,Broad-leaved fleabane,0.03450290486216545
0022.jpg,Broad-leaved fleabane,Broad-leaved fleabane,0.03453158959746361
0023.jpg,Broad-leaved fleabane,Broad-leaved fleabane,0.03452208638191223
0024.jpg,Broad-leaved fleabane,Broad-leaved fleabane,0.03453125059604645
0025.jpg,Broad-leaved fleabane,Broad-leaved fleabane,0.03453049808740616
0026.jpg,Broad-leaved fleabane,Broad-leaved fleabane,0.03404299169778824
0027.jpg,Broad-leaved fleabane,Redroot,0.027407297864556313
0028.jpg,Broad-leaved fleabane,Broad-leaved fleabane,0.03404299169778824
0029.jpg,Broad-leaved fleabane,Broad-leaved fleabane,0.03447108343243599
0030.jpg,Broad-leaved fleabane,Broad-leaved fleabane,0.03445990011096001
0031.jpg,Broad-leaved fleabane,Broad-leaved fleabane,0.018102416768670082
0032.jpg,Broad-leaved fleabane,Broad-leaved fleabane,0.03442945331335068
0033.jpg,Broad-leaved fleabane,Broad-leaved fleabane,0.03453176096081734
0034.jpg,Broad-leaved fleabane,Broad-leaved fleabane,0.03453173488378525
0035.jpg,Broad-leaved fleabane,Broad-leaved fleabane,0.03409230336546898
0036.jpg,Broad-leaved fleabane,Broad-leaved fleabane,0.034530509263277054
0037.jpg,Broad-leaved fleabane,Broad-leaved fleabane,0.034531693905591965
0038.jpg,Broad-leaved fleabane,Broad-leaved fleabane,0.03453175351023674
0039.jpg,Broad-leaved fleabane,Broad-leaved fleabane,0.03453177213668823
0040.jpg,Broad-leaved fleabane,Broad-leaved fleabane,0.03443232551217079
0041.jpg,Broad-leaved fleabane,Broad-leaved fleabane,0.03451932221651077
0042.jpg,Broad-leaved fleabane,Broad-leaved fleabane,0.0345248319208622
0043.jpg,Broad-leaved fleabane,Broad-leaved fleabane,0.034531015902757645
0044.jpg,Broad-leaved fleabane,Broad-leaved fleabane,0.034531619399785995
0045.jpg,Broad-leaved fleabane,Broad-leaved fleabane,0.03453085571527481
0046.jpg,Broad-leaved fleabane,Broad-leaved fleabane,0.03450263291597366
0047.jpg,Broad-leaved fleabane,Broad-leaved fleabane,0.034531425684690475
0048.jpg,Broad-leaved fleabane,Broad-leaved fleabane,0.03452509641647339
0049.jpg,Broad-leaved fleabane,Broad-leaved fleabane,0.03453066200017929
0050.jpg,Broad-leaved fleabane,Broad-leaved fleabane,0.0345308780670166
0051.jpg,Broad-leaved fleabane,Broad-leaved fleabane,0.03453139215707779
0052.jpg,Broad-leaved fleabane,Broad-leaved fleabane,0.034529682248830795
0053.jpg,Broad-leaved fleabane,Broad-leaved fleabane,0.034531593322753906
0054.jpg,Broad-leaved fleabane,Broad-leaved fleabane,0.03452568128705025
0055.jpg,Broad-leaved fleabane,Broad-leaved fleabane,0.03453148156404495
0056.jpg,Broad-leaved fleabane,Broad-leaved fleabane,0.03453013673424721
0057.jpg,Broad-leaved fleabane,Broad-leaved fleabane,0.03452315554022789
0058.jpg,Broad-leaved fleabane,Broad-leaved fleabane,0.03447088971734047
0059.jpg,Broad-leaved fleabane,Broad-leaved fleabane,0.034512218087911606
0060.jpg,Broad-leaved fleabane,Broad-leaved fleabane,0.03452887013554573
0061.jpg,Broad-leaved fleabane,Broad-leaved fleabane,0.034531597048044205
0062.jpg,Broad-leaved fleabane,Broad-leaved fleabane,0.0344482883810997
0063.jpg,Broad-leaved fleabane,Broad-leaved fleabane,0.034523867070674896
0064.jpg,Broad-leaved fleabane,Broad-leaved fleabane,0.034528788179159164
0065.jpg,Broad-leaved fleabane,Broad-leaved fleabane,0.034457728266716
0066.jpg,Broad-leaved fleabane,Broad-leaved fleabane,0.03453141078352928
0067.jpg,Broad-leaved fleabane,Broad-leaved fleabane,0.034530460834503174
0068.jpg,Broad-leaved fleabane,Broad-leaved fleabane,0.034415103495121
0069.jpg,Broad-leaved fleabane,Broad-leaved fleabane,0.03440793976187706
0070.jpg,Broad-leaved fleabane,Broad-leaved fleabane,0.03452618792653084
0071.jpg,Broad-leaved fleabane,Broad-leaved fleabane,0.03453168645501137
0072.jpg,Broad-leaved fleabane,Broad-leaved fleabane,0.03453116863965988
0073.jpg,Broad-leaved fleabane,Broad-leaved fleabane,0.034524861723184586
0074.jpg,Broad-leaved fleabane,Broad-leaved fleabane,0.03421971574425697
0075.jpg,Broad-leaved fleabane,Broad-leaved plantain,0.01990918070077896
0076.jpg,Broad-leaved fleabane,Broad-leaved fleabane,0.03452923148870468
0077.jpg,Broad-leaved fleabane,Broad-leaved fleabane,0.034516796469688416
0078.jpg,Broad-leaved fleabane,Broad-leaved fleabane,0.034523267298936844
0079.jpg,Broad-leaved fleabane,Broad-leaved fleabane,0.034531641751527786
0080.jpg,Broad-leaved fleabane,Broad-leaved fleabane,0.03449876978993416
0081.jpg,Broad-leaved fleabane,Broad-leaved fleabane,0.032566506415605545
0082.jpg,Broad-leaved fleabane,Broad-leaved fleabane,0.034451674669981
0083.jpg,Broad-leaved fleabane,Broad-leaved fleabane,0.03453003242611885
0084.jpg,Broad-leaved fleabane,Broad-leaved fleabane,0.03453128784894943
0085.jpg,Broad-leaved fleabane,Broad-leaved fleabane,0.03453168645501137
0086.jpg,Broad-leaved fleabane,Broad-leaved fleabane,0.03451753780245781
0087.jpg,Broad-leaved fleabane,Broad-leaved fleabane,0.034530866891145706
0088.jpg,Broad-leaved fleabane,Cleavers,0.026374079287052155
0089.jpg,Broad-leaved fleabane,Broad-leaved fleabane,0.03453173488378525
0090.jpg,Broad-leaved fleabane,Broad-leaved fleabane,0.034531738609075546
0091.jpg,Broad-leaved fleabane,Broad-leaved fleabane,0.03452927991747856
0092.jpg,Broad-leaved fleabane,Broad-leaved fleabane,0.0345316007733345
0093.jpg,Broad-leaved fleabane,Broad-leaved fleabane,0.03452245891094208
0094.jpg,Broad-leaved fleabane,Annual poa,0.021412301808595657
0095.jpg,Broad-leaved fleabane,Broad-leaved fleabane,0.03452829644083977
0096.jpg,Broad-leaved fleabane,Broad-leaved fleabane,0.034530311822891235
0097.jpg,Broad-leaved fleabane,Broad-leaved fleabane,0.034519851207733154
0098.jpg,Broad-leaved fleabane,Broad-leaved fleabane,0.03453053906559944
0099.jpg,Broad-leaved fleabane,Broad-leaved fleabane,0.034483205527067184
0000.jpg,Broad-leaved plantain,Broad-leaved plantain,0.034530289471149445
0001.jpg,Broad-leaved plantain,Broad-leaved plantain,0.03453134372830391
0002.jpg,Broad-leaved plantain,Broad-leaved plantain,0.034523677080869675
0003.jpg,Broad-leaved plantain,Broad-leaved plantain,0.03392919525504112
0004.jpg,Broad-leaved plantain,Broad-leaved plantain,0.034092869609594345
0005.jpg,Broad-leaved plantain,Broad-leaved plantain,0.034526024013757706
0006.jpg,Broad-leaved plantain,Broad-leaved plantain,0.03446505218744278
0007.jpg,Broad-leaved plantain,Broad-leaved plantain,0.03452925756573677
0008.jpg,Broad-leaved plantain,Broad-leaved plantain,0.03452999144792557
0009.jpg,Broad-leaved plantain,Broad-leaved plantain,0.034520138055086136
0010.jpg,Broad-leaved plantain,Broad-leaved plantain,0.03438004106283188
0011.jpg,Broad-leaved plantain,Broad-leaved plantain,0.034488823264837265
0012.jpg,Broad-leaved plantain,Broad-leaved plantain,0.034528698772192
0013.jpg,Broad-leaved plantain,White clover,0.03302626684308052
0014.jpg,Broad-leaved plantain,Mallow,0.017235765233635902
0015.jpg,Broad-leaved plantain,Broad-leaved plantain,0.03453174605965614
0016.jpg,Broad-leaved plantain,Broad-leaved plantain,0.034365732222795486
0017.jpg,Broad-leaved plantain,Broad-leaved plantain,0.03453068062663078
0018.jpg,Broad-leaved plantain,Broad-leaved plantain,0.034531671553850174
0019.jpg,Broad-leaved plantain,Broad-leaved plantain,0.03452994301915169
0020.jpg,Broad-leaved plantain,Broad-leaved plantain,0.0345294326543808
0021.jpg,Broad-leaved plantain,Broad-leaved plantain,0.03443700075149536
0022.jpg,Broad-leaved plantain,Broad-leaved plantain,0.03453158959746361
0023.jpg,Broad-leaved plantain,Broad-leaved plantain,0.03453107178211212
0024.jpg,Broad-leaved plantain,Broad-leaved plantain,0.034531522542238235
0025.jpg,Broad-leaved plantain,Broad-leaved plantain,0.03453132137656212
0026.jpg,Broad-leaved plantain,Broad-leaved plantain,0.03453170508146286
0027.jpg,Broad-leaved plantain,Broad-leaved plantain,0.02096630446612835
0028.jpg,Broad-leaved plantain,Mallow,0.02830839529633522
0029.jpg,Broad-leaved plantain,Broad-leaved plantain,0.033104460686445236
0030.jpg,Broad-leaved plantain,Broad-leaved plantain,0.034521132707595825
0031.jpg,Broad-leaved plantain,Broad-leaved plantain,0.03093681111931801
0032.jpg,Broad-leaved plantain,Broad-leaved plantain,0.03452712297439575
0033.jpg,Broad-leaved plantain,Broad-leaved plantain,0.034531593322753906
0034.jpg,Broad-leaved plantain,Broad-leaved plantain,0.03451288118958473
0035.jpg,Broad-leaved plantain,Broad-leaved plantain,0.0345306396484375
0036.jpg,Broad-leaved plantain,Broad-leaved plantain,0.03451797738671303
0037.jpg,Broad-leaved plantain,Broad-leaved plantain,0.034527737647295
0038.jpg,Broad-leaved plantain,Broad-leaved plantain,0.034531619399785995
0039.jpg,Broad-leaved plantain,Broad-leaved plantain,0.034460000693798065
0040.jpg,Broad-leaved plantain,Broad-leaved plantain,0.03424163535237312
0041.jpg,Broad-leaved plantain,Broad-leaved plantain,0.034531716257333755
0042.jpg,Broad-leaved plantain,Broad-leaved plantain,0.03453103080391884
0043.jpg,Broad-leaved plantain,Broad-leaved plantain,0.03453174605965614
0044.jpg,Broad-leaved plantain,Broad-leaved plantain,0.03452986851334572
0045.jpg,Broad-leaved plantain,Broad-leaved plantain,0.03453155606985092
0046.jpg,Broad-leaved plantain,Broad-leaved plantain,0.034531693905591965
0047.jpg,Broad-leaved plantain,Broad-leaved plantain,0.034528981894254684
0048.jpg,Broad-leaved plantain,Broad-leaved plantain,0.0345284678041935
0049.jpg,Broad-leaved plantain,Broad-leaved plantain,0.033785782754421234
0050.jpg,Broad-leaved plantain,Broad-leaved plantain,0.033678557723760605
0051.jpg,Broad-leaved plantain,Broad-leaved plantain,0.034363146871328354
0052.jpg,Broad-leaved plantain,Broad-leaved plantain,0.03451991081237793
0053.jpg,Broad-leaved plantain,Broad-leaved plantain,0.03451882675290108
0054.jpg,Broad-leaved plantain,Broad-leaved plantain,0.03139302134513855
0055.jpg,Broad-leaved plantain,Broad-leaved plantain,0.03452002629637718
0056.jpg,Broad-leaved plantain,Broad-leaved plantain,0.034529972821474075
0057.jpg,Broad-leaved plantain,Broad-leaved plantain,0.034531619399785995
0058.jpg,Broad-leaved plantain,Broad-leaved plantain,0.034479886293411255
0059.jpg,Broad-leaved plantain,Broad-leaved plantain,0.03453173488378525
0060.jpg,Broad-leaved plantain,Broad-leaved plantain,0.03453139215707779
0061.jpg,Broad-leaved plantain,Broad-leaved plantain,0.0345270037651062
0062.jpg,Broad-leaved plantain,Broad-leaved plantain,0.03452996537089348
0063.jpg,Broad-leaved plantain,Broad-leaved plantain,0.03453036770224571
0064.jpg,Broad-leaved plantain,Broad-leaved plantain,0.034522976726293564
0065.jpg,Broad-leaved plantain,Broad-leaved plantain,0.034531138837337494
0066.jpg,Broad-leaved plantain,Broad-leaved plantain,0.034531619399785995
0067.jpg,Broad-leaved plantain,Broad-leaved plantain,0.03451285883784294
0068.jpg,Broad-leaved plantain,Broad-leaved plantain,0.03263888508081436
0069.jpg,Broad-leaved plantain,Broad-leaved plantain,0.03427562117576599
0070.jpg,Broad-leaved plantain,Broad-leaved plantain,0.034445539116859436
0071.jpg,Broad-leaved plantain,Broad-leaved plantain,0.03452962264418602
0072.jpg,Broad-leaved plantain,Broad-leaved plantain,0.03444361686706543
0073.jpg,Broad-leaved plantain,Broad-leaved plantain,0.03453097119927406
0074.jpg,Broad-leaved plantain,Broad-leaved plantain,0.034531693905591965
0075.jpg,Broad-leaved plantain,Broad-leaved plantain,0.033662378787994385
0076.jpg,Broad-leaved plantain,Broad-leaved plantain,0.03453107550740242
0077.jpg,Broad-leaved plantain,Broad-leaved plantain,0.034530993551015854
0078.jpg,Broad-leaved plantain,Broad-leaved plantain,0.034506168216466904
0079.jpg,Broad-leaved plantain,Broad-leaved plantain,0.034529879689216614
0080.jpg,Broad-leaved plantain,Broad-leaved plantain,0.03452913463115692
0081.jpg,Broad-leaved plantain,Broad-leaved plantain,0.03453173488378525
0082.jpg,Broad-leaved plantain,Broad-leaved plantain,0.03453105688095093
0083.jpg,Broad-leaved plantain,Broad-leaved plantain,0.034488875418901443
0084.jpg,Broad-leaved plantain,Broad-leaved plantain,0.03453029319643974
0085.jpg,Broad-leaved plantain,Broad-leaved plantain,0.03452897444367409
0086.jpg,Broad-leaved plantain,Broad-leaved plantain,0.023248685523867607
0087.jpg,Broad-leaved plantain,Broad-leaved plantain,0.03453177213668823
0088.jpg,Broad-leaved plantain,Broad-leaved plantain,0.03389047086238861
0089.jpg,Broad-leaved plantain,Broad-leaved plantain,0.034529827535152435
0090.jpg,Broad-leaved plantain,Broad-leaved plantain,0.034521616995334625
0091.jpg,Broad-leaved plantain,Broad-leaved plantain,0.03444879502058029
0092.jpg,Broad-leaved plantain,Broad-leaved plantain,0.034531671553850174
0093.jpg,Broad-leaved plantain,Broad-leaved plantain,0.034530602395534515
0094.jpg,Broad-leaved plantain,Broad-leaved plantain,0.03449275717139244
0095.jpg,Broad-leaved plantain,Broad-leaved plantain,0.03453091159462929
0096.jpg,Broad-leaved plantain,Broad-leaved plantain,0.034531716257333755
0097.jpg,Broad-leaved plantain,Annual poa,0.01816529780626297
0098.jpg,Broad-leaved plantain,Broad-leaved plantain,0.03441394492983818
0099.jpg,Broad-leaved plantain,Broad-leaved plantain,0.03452771529555321
0000.jpg,Broom,Broom,0.03452586010098457
0001.jpg,Broom,Broom,0.034531693905591965
0002.jpg,Broom,Broom,0.03453170880675316
0003.jpg,Broom,Broom,0.030949752777814865
0004.jpg,Broom,Broom,0.03337473049759865
0005.jpg,Broom,Broom,0.03453116491436958
0006.jpg,Broom,Broom,0.03453173115849495
0007.jpg,Broom,Broom,0.034527864307165146
0008.jpg,Broom,Broom,0.03453177213668823
0009.jpg,Broom,Broom,0.03453154116868973
0010.jpg,Broom,Broom,0.03453103452920914
0011.jpg,Broom,Broom,0.03408481180667877
0012.jpg,Broom,Broom,0.03453109785914421
0013.jpg,Broom,Broom,0.0344327837228775
0014.jpg,Broom,Tradescantia,0.023634953424334526
0015.jpg,Broom,Broom,0.03453008830547333
0016.jpg,Broom,Broom,0.03452787175774574
0017.jpg,Broom,Broom,0.03251151368021965
0018.jpg,Broom,Broom,0.03449602797627449
0019.jpg,Broom,Broom,0.03453085944056511
0020.jpg,Broom,Broom,0.034531451761722565
0021.jpg,Broom,Broom,0.03378435969352722
0022.jpg,Broom,Broom,0.03442099690437317
0023.jpg,Broom,Broom,0.03360553830862045
0024.jpg,Broom,Broom,0.034531716257333755
0025.jpg,Broom,Broom,0.034531254321336746
0026.jpg,Broom,Broom,0.034521687775850296
0027.jpg,Broom,Broom,0.020541632547974586
0028.jpg,Broom,Sweet brier,0.025370901450514793
0029.jpg,Broom,Winged thistle,0.01934942789375782
0030.jpg,Broom,Broom,0.0345248207449913
0031.jpg,Broom,Broom,0.03453175723552704
0032.jpg,Broom,Broom,0.034522633999586105
0033.jpg,Broom,Broom,0.03453054651618004
0034.jpg,Broom,Broom,0.03452557697892189
0035.jpg,Broom,Broom,0.03232501819729805
0036.jpg,Broom,Broom,0.03453177213668823
0037.jpg,Broom,Broom,0.034531496465206146
0038.jpg,Broom,Broom,0.03453177213668823
0039.jpg,Broom,Broom,0.03452368080615997
0040.jpg,Broom,Broom,0.034531619399785995
0041.jpg,Broom,Broom,0.03453124687075615
0042.jpg,Broom,Broom,0.034531451761722565
0043.jpg,Broom,Broom,0.03453153371810913
0044.jpg,Broom,Broom,0.03447704762220383
0045.jpg,Broom,Broom,0.03453128784894943
0046.jpg,Broom,Broom,0.034522220492362976
0047.jpg,Broom,Broom,0.03452455252408981
0048.jpg,Broom,Broom,0.03452830761671066
0049.jpg,Broom,Broom,0.03452892601490021
0050.jpg,Broom,Broom,0.03453158959746361
0051.jpg,Broom,Broom,0.03453134372830391
0052.jpg,Broom,Broom,0.034531015902757645
0053.jpg,Broom,Broom,0.034531738609075546
0054.jpg,Broom,Broom,0.03175903111696243
0055.jpg,Broom,Broom,0.03378946706652641
0056.jpg,Broom,Broom,0.03453117981553078
0057.jpg,Broom,Broom,0.034531693905591965
0058.jpg,Broom,Broom,0.034530773758888245
0059.jpg,Broom,Broom,0.03452048450708389
0060.jpg,Broom,Broom,0.03453151881694794
0061.jpg,Broom,Broom,0.03448875993490219
0062.jpg,Broom,Broom,0.034531403332948685
0063.jpg,Broom,Broom,0.03449239209294319
0064.jpg,Broom,Broom,0.03453075513243675
0065.jpg,Broom,Broom,0.03451986238360405
0066.jpg,Broom,Broom,0.028310827910900116
0067.jpg,Broom,Broom,0.03450510650873184
0068.jpg,Broom,Broom,0.03453153744339943
0069.jpg,Broom,Broom,0.03394467011094093
0070.jpg,Broom,Broom,0.034531526267528534
0071.jpg,Broom,Broom,0.034530721604824066
0072.jpg,Broom,Broom,0.03441225364804268
0073.jpg,Broom,Broom,0.034531716257333755
0074.jpg,Broom,Broom,0.03442256525158882
0075.jpg,Broom,Broom,0.03419588878750801
0076.jpg,Broom,Broom,0.0345313660800457
0077.jpg,Broom,Broom,0.03448748216032982
0078.jpg,Broom,Broom,0.03452792391180992
0079.jpg,Broom,Broom,0.03450769558548927
0080.jpg,Broom,Broom,0.034531496465206146
0081.jpg,Broom,Sweet brier,0.026093505322933197
0082.jpg,Broom,Broom,0.03433618322014809
0083.jpg,Broom,Broom,0.034530747681856155
0084.jpg,Broom,Broom,0.034485068172216415
0085.jpg,Broom,Broom,0.03453103452920914
0086.jpg,Broom,Clustered dock,0.021365085616707802
0087.jpg,Broom,Broom,0.034531597048044205
0088.jpg,Broom,Broom,0.03453134372830391
0089.jpg,Broom,Broom,0.034527380019426346
0090.jpg,Broom,Broom,0.034530796110630035
0091.jpg,Broom,Broom,0.03452832251787186
0092.jpg,Broom,Broom,0.03449729084968567
0093.jpg,Broom,Broom,0.03453175351023674
0094.jpg,Broom,Broom,0.03451874852180481
0095.jpg,Broom,Broom,0.034218400716781616
0096.jpg,Broom,Broom,0.03453107550740242
0097.jpg,Broom,Broom,0.03450540825724602
0098.jpg,Broom,Broom,0.03322155028581619
0099.jpg,Broom,Broom,0.034464478492736816
0000.jpg,Californian thistle,Californian thistle,0.03453173115849495
0001.jpg,Californian thistle,Californian thistle,0.03453173115849495
0002.jpg,Californian thistle,Californian thistle,0.034466542303562164
0003.jpg,Californian thistle,Californian thistle,0.03453030809760094
0004.jpg,Californian thistle,Californian thistle,0.03453165292739868
0005.jpg,Californian thistle,Californian thistle,0.03453105315566063
0006.jpg,Californian thistle,Californian thistle,0.03450605645775795
0007.jpg,Californian thistle,Californian thistle,0.03453173115849495
0008.jpg,Californian thistle,Californian thistle,0.03452901542186737
0009.jpg,Californian thistle,Californian thistle,0.03453085944056511
0010.jpg,Californian thistle,Californian thistle,0.03453125059604645
0011.jpg,Californian thistle,Californian thistle,0.03451680764555931
0012.jpg,Californian thistle,Californian thistle,0.034333374351263046
0013.jpg,Californian thistle,Californian thistle,0.034419797360897064
0014.jpg,Californian thistle,Sow thistle,0.030759254470467567
0015.jpg,Californian thistle,Californian thistle,0.03453035280108452
0016.jpg,Californian thistle,Californian thistle,0.034527361392974854
0017.jpg,Californian thistle,Californian thistle,0.017216047272086143
0018.jpg,Californian thistle,Californian thistle,0.03450598940253258
0019.jpg,Californian thistle,Californian thistle,0.034413017332553864
0020.jpg,Californian thistle,Californian thistle,0.03451886773109436
0021.jpg,Californian thistle,Californian thistle,0.034514784812927246
0022.jpg,Californian thistle,Californian thistle,0.03452856466174126
0023.jpg,Californian thistle,Californian thistle,0.03453094884753227
0024.jpg,Californian thistle,Californian thistle,0.03453041613101959
0025.jpg,Californian thistle,Californian thistle,0.034527041018009186
0026.jpg,Californian thistle,Californian thistle,0.03425462916493416
0027.jpg,Californian thistle,Californian thistle,0.03211180493235588
0028.jpg,Californian thistle,Californian thistle,0.034488145262002945
0029.jpg,Californian thistle,Creeping buttercup,0.016116302460432053
0030.jpg,Californian thistle,Californian thistle,0.03452881798148155
0031.jpg,Californian thistle,Californian thistle,0.03253954276442528
0032.jpg,Californian thistle,Californian thistle,0.0345296710729599
0033.jpg,Californian thistle,Californian thistle,0.03445124998688698
0034.jpg,Californian thistle,Californian thistle,0.03449853137135506
0035.jpg,Californian thistle,Californian thistle,0.03449895605444908
0036.jpg,Californian thistle,Californian thistle,0.034529395401477814
0037.jpg,Californian thistle,Californian thistle,0.034526463598012924
0038.jpg,Californian thistle,Californian thistle,0.03451956436038017
0039.jpg,Californian thistle,Californian thistle,0.034531161189079285
0040.jpg,Californian thistle,Californian thistle,0.034529220312833786
0041.jpg,Californian thistle,Californian thistle,0.034530553966760635
0042.jpg,Californian thistle,Californian thistle,0.03452781215310097
0043.jpg,Californian thistle,Californian thistle,0.034519340842962265
0044.jpg,Californian thistle,Californian thistle,0.03452560305595398
0045.jpg,Californian thistle,Californian thistle,0.03452583774924278
0046.jpg,Californian thistle,Californian thistle,0.033997293561697006
0047.jpg,Californian thistle,Californian thistle,0.034531597048044205
0048.jpg,Californian thistle,Californian thistle,0.03453114628791809
0049.jpg,Californian thistle,Californian thistle,0.03439640626311302
0050.jpg,Californian thistle,Californian thistle,0.03452543169260025
0051.jpg,Californian thistle,Californian thistle,0.03452787548303604
0052.jpg,Californian thistle,Californian thistle,0.03452952206134796
0053.jpg,Californian thistle,Californian thistle,0.03453174605965614
0054.jpg,Californian thistle,Californian thistle,0.03453156724572182
0055.jpg,Californian thistle,Californian thistle,0.0345221646130085
0056.jpg,Californian thistle,Californian thistle,0.03448832407593727
0057.jpg,Californian thistle,Californian thistle,0.03452876955270767
0058.jpg,Californian thistle,Californian thistle,0.03453173115849495
0059.jpg,Californian thistle,Californian thistle,0.03381095454096794
0060.jpg,Californian thistle,Californian thistle,0.034528471529483795
0061.jpg,Californian thistle,Californian thistle,0.03451794385910034
0062.jpg,Californian thistle,Californian thistle,0.034527577459812164
0063.jpg,Californian thistle,Californian thistle,0.03371682018041611
0064.jpg,Californian thistle,Californian thistle,0.03453176096081734
0065.jpg,Californian thistle,Californian thistle,0.03453177213668823
0066.jpg,Californian thistle,Californian thistle,0.034516967833042145
0067.jpg,Californian thistle,Californian thistle,0.03448903188109398
0068.jpg,Californian thistle,Californian thistle,0.03437156230211258
0069.jpg,Californian thistle,Californian thistle,0.032218921929597855
0070.jpg,Californian thistle,Californian thistle,0.03453175351023674
0071.jpg,Californian thistle,Californian thistle,0.03452460467815399
0072.jpg,Californian thistle,Californian thistle,0.03445659577846527
0073.jpg,Californian thistle,Californian thistle,0.03453173488378525
0074.jpg,Californian thistle,Californian thistle,0.03453144058585167
0075.jpg,Californian thistle,Californian thistle,0.03387199714779854
0076.jpg,Californian thistle,Californian thistle,0.03452165424823761
0077.jpg,Californian thistle,Californian thistle,0.034485552459955215
0078.jpg,Californian thistle,Californian thistle,0.03453175351023674
0079.jpg,Californian thistle,Californian thistle,0.03453167527914047
0080.jpg,Californian thistle,Californian thistle,0.03447159379720688
0081.jpg,Californian thistle,Californian thistle,0.03091452643275261
0082.jpg,Californian thistle,Californian thistle,0.034531597048044205
0083.jpg,Californian thistle,Californian thistle,0.03452256694436073
0084.jpg,Californian thistle,Californian thistle,0.034531112760305405
0085.jpg,Californian thistle,Californian thistle,0.0345316007733345
0086.jpg,Californian thistle,Sow thistle,0.023467907682061195
0087.jpg,Californian thistle,Californian thistle,0.034353163093328476
0088.jpg,Californian thistle,Annual poa,0.027625741437077522
0089.jpg,Californian thistle,Californian thistle,0.034527719020843506
0090.jpg,Californian thistle,Californian thistle,0.03453154116868973
0091.jpg,Californian thistle,Californian thistle,0.034531671553850174
0092.jpg,Californian thistle,Californian thistle,0.03453175351023674
0093.jpg,Californian thistle,Californian thistle,0.034529827535152435
0094.jpg,Californian thistle,Californian thistle,0.034524768590927124
0095.jpg,Californian thistle,Californian thistle,0.03452519699931145
0096.jpg,Californian thistle,Californian thistle,0.03451439365744591
0097.jpg,Californian thistle,Californian thistle,0.0308995321393013
0098.jpg,Californian thistle,Californian thistle,0.03453042358160019
0099.jpg,Californian thistle,Californian thistle,0.034496475011110306
0000.jpg,Cape weed,Cape weed,0.03452996537089348
0001.jpg,Cape weed,Cape weed,0.03453152999281883
0002.jpg,Cape weed,Cape weed,0.034513045102357864
0003.jpg,Cape weed,Creeping speedwell,0.033850666135549545
0004.jpg,Cape weed,Cape weed,0.03247396647930145
0005.jpg,Cape weed,Cape weed,0.034524645656347275
0006.jpg,Cape weed,Cape weed,0.03453126922249794
0007.jpg,Cape weed,Cape weed,0.0345313660800457
0008.jpg,Cape weed,Cape weed,0.034491393715143204
0009.jpg,Cape weed,Cape weed,0.034531112760305405
0010.jpg,Cape weed,Cape weed,0.03453165292739868
0011.jpg,Cape weed,Cape weed,0.034530047327280045
0012.jpg,Cape weed,Cape weed,0.03453060984611511
0013.jpg,Cape weed,Cape weed,0.034529414027929306
0014.jpg,Cape weed,Cape weed,0.0345308855175972
0015.jpg,Cape weed,Cape weed,0.034531619399785995
0016.jpg,Cape weed,Cape weed,0.03453107178211212
0017.jpg,Cape weed,Cape weed,0.03323325142264366
0018.jpg,Cape weed,Cape weed,0.0345316007733345
0019.jpg,Cape weed,Cape weed,0.03453175351023674
0020.jpg,Cape weed,Cape weed,0.03453134000301361
0021.jpg,Cape weed,Cape weed,0.03452980890870094
0022.jpg,Cape weed,Cape weed,0.034531738609075546
0023.jpg,Cape weed,Cape weed,0.03436557203531265
0024.jpg,Cape weed,Cape weed,0.034348294138908386
0025.jpg,Cape weed,Cape weed,0.03447282686829567
0026.jpg,Cape weed,Cape weed,0.03452679514884949
0027.jpg,Cape weed,Cape weed,0.03453175723552704
0028.jpg,Cape weed,Cape weed,0.03438311070203781
0029.jpg,Cape weed,Cape weed,0.026545947417616844
0030.jpg,Cape weed,Cape weed,0.034530531615018845
0031.jpg,Cape weed,Cape weed,0.034523021429777145
0032.jpg,Cape weed,Cape weed,0.03442530706524849
0033.jpg,Cape weed,Cape weed,0.03453154116868973
0034.jpg,Cape weed,Cape weed,0.03453175351023674
0035.jpg,Cape weed,Cape weed,0.033850979059934616
0036.jpg,Cape weed,Cape weed,0.034523624926805496
0037.jpg,Cape weed,Cape weed,0.034530121833086014
0038.jpg,Cape weed,Cape weed,0.03452547639608383
0039.jpg,Cape weed,Cape weed,0.03441055864095688
0040.jpg,Cape weed,Cape weed,0.033717408776283264
0041.jpg,Cape weed,Cape weed,0.03450227528810501
0042.jpg,Cape weed,Cape weed,0.034527815878391266
0043.jpg,Cape weed,Cape weed,0.03453175723552704
0044.jpg,Cape weed,Cape weed,0.034447312355041504
0045.jpg,Cape weed,Cape weed,0.03453176096081734
0046.jpg,Cape weed,Cape weed,0.034530602395534515
0047.jpg,Cape weed,Cape weed,0.03452855721116066
0048.jpg,Cape weed,Cape weed,0.03452897071838379
0049.jpg,Cape weed,Cape weed,0.03433180972933769
0050.jpg,Cape weed,Cape weed,0.034531548619270325
0051.jpg,Cape weed,Cape weed,0.034531693905591965
0052.jpg,Cape weed,Cape weed,0.03452124074101448
0053.jpg,Cape weed,Cape weed,0.03450857475399971
0054.jpg,Cape weed,White clover,0.027899961918592453
0055.jpg,Cape weed,Cape weed,0.03448792174458504
0056.jpg,Cape weed,Cape weed,0.034442733973264694
0057.jpg,Cape weed,Cape weed,0.03438175097107887
0058.jpg,Cape weed,Cape weed,0.034529492259025574
0059.jpg,Cape weed,Cape weed,0.03436344861984253
0060.jpg,Cape weed,Cape weed,0.034518949687480927
0061.jpg,Cape weed,Cape weed,0.03450853005051613
0062.jpg,Cape weed,Cape weed,0.034529201686382294
0063.jpg,Cape weed,Cape weed,0.03453020006418228
0064.jpg,Cape weed,Cape weed,0.034444715827703476
0065.jpg,Cape weed,Cape weed,0.034391649067401886
0066.jpg,Cape weed,Cape weed,0.034495759755373
0067.jpg,Cape weed,Cape weed,0.034531671553850174
0068.jpg,Cape weed,Cape weed,0.03452921286225319
0069.jpg,Cape weed,Cape weed,0.034530166536569595
0070.jpg,Cape weed,Cape weed,0.03446933627128601
0071.jpg,Cape weed,Cape weed,0.032971546053886414
0072.jpg,Cape weed,Cape weed,0.03452875837683678
0073.jpg,Cape weed,Cape weed,0.03451778367161751
0074.jpg,Cape weed,Cape weed,0.034472741186618805
0075.jpg,Cape weed,White clover,0.022112641483545303
0076.jpg,Cape weed,Cape weed,0.0345316007733345
0077.jpg,Cape weed,Cape weed,0.034515876322984695
0078.jpg,Cape weed,Cape weed,0.034530237317085266
0079.jpg,Cape weed,Cape weed,0.034530434757471085
0080.jpg,Cape weed,Cape weed,0.034531429409980774
0081.jpg,Cape weed,Cape weed,0.034523431211709976
0082.jpg,Cape weed,Cape weed,0.034529026597738266
0083.jpg,Cape weed,Cape weed,0.03452464938163757
0084.jpg,Cape weed,Cape weed,0.03453177213668823
0085.jpg,Cape weed,Cape weed,0.03446459025144577
0086.jpg,Cape weed,Shepherd's purse,0.02428949438035488
0087.jpg,Cape weed,Cape weed,0.034531574696302414
0088.jpg,Cape weed,Cape weed,0.03445274382829666
0089.jpg,Cape weed,Cape weed,0.034530941396951675
0090.jpg,Cape weed,Cape weed,0.03450944274663925
0091.jpg,Cape weed,Cape weed,0.03452577069401741
0092.jpg,Cape weed,Cape weed,0.034375403076410294
0093.jpg,Cape weed,Cape weed,0.03453174605965614
0094.jpg,Cape weed,Cape weed,0.0345270074903965
0095.jpg,Cape weed,Cape weed,0.0345207080245018
0096.jpg,Cape weed,Cape weed,0.03453176096081734
0097.jpg,Cape weed,Cape weed,0.03443857282400131
0098.jpg,Cape weed,Cape weed,0.03452979028224945
0099.jpg,Cape weed,Cape weed,0.03453047573566437
0000.jpg,Catsear,Hawkbit,0.020708169788122177
0001.jpg,Catsear,Catsear,0.021784652024507523
0002.jpg,Catsear,Dandelion,0.02109147422015667
0003.jpg,Catsear,Hawkbit,0.020972484722733498
0004.jpg,Catsear,Narrow-leaved plantain,0.027105577290058136
0005.jpg,Catsear,Catsear,0.028987452387809753
0006.jpg,Catsear,Hawkbit,0.022092923521995544
0007.jpg,Catsear,Catsear,0.023952264338731766
0008.jpg,Catsear,Catsear,0.03407387062907219
0009.jpg,Catsear,Hawkbit,0.023161042481660843
0010.jpg,Catsear,Hawkbit,0.02266528084874153
0011.jpg,Catsear,Hawkbit,0.033854611217975616
0012.jpg,Catsear,Hawkbit,0.02266528084874153
0013.jpg,Catsear,Hawkbit,0.033790603280067444
0014.jpg,Catsear,Hawkbit,0.03371712565422058
0015.jpg,Catsear,Catsear,0.023640653118491173
0016.jpg,Catsear,Catsear,0.02249685674905777
0017.jpg,Catsear,Hawkbit,0.030364371836185455
0018.jpg,Catsear,Catsear,0.021775299683213234
0019.jpg,Catsear,Hawkbit,0.02159884199500084
0020.jpg,Catsear,Hawkbit,0.0280283372849226
0021.jpg,Catsear,Catsear,0.026699624955654144
0022.jpg,Catsear,Catsear,0.022606229409575462
0023.jpg,Catsear,Catsear,0.02867489494383335
0024.jpg,Catsear,Hawkbit,0.021165423095226288
0025.jpg,Catsear,Catsear,0.022076288238167763
0026.jpg,Catsear,Hawkbit,0.022546472027897835
0027.jpg,Catsear,Hawkbit,0.03336182236671448
0028.jpg,Catsear,Hawkbit,0.034372758120298386
0029.jpg,Catsear,Hawkbit,0.03443167358636856
0030.jpg,Catsear,Hawkbit,0.024150246754288673
0031.jpg,Catsear,Hawkbit,0.032897692173719406
0032.jpg,Catsear,Catsear,0.026265567168593407
0033.jpg,Catsear,Hawkbit,0.027445536106824875
0034.jpg,Catsear,Catsear,0.02673982083797455
0035.jpg,Catsear,Hawkbit,0.03238872438669205
0036.jpg,Catsear,Hawkbit,0.022579124197363853
0037.jpg,Catsear,Hawkbit,0.02596602961421013
0038.jpg,Catsear,Hawkbit,0.023023344576358795
0039.jpg,Catsear,Hawkbit,0.02116982452571392
0040.jpg,Catsear,Catsear,0.030521690845489502
0041.jpg,Catsear,Catsear,0.023137563839554787
0042.jpg,Catsear,Hawkbit,0.02320852130651474
0043.jpg,Catsear,Hawkbit,0.021755250170826912
0044.jpg,Catsear,Hawkbit,0.024494251236319542
0045.jpg,Catsear,Hawkbit,0.02128615230321884
0046.jpg,Catsear,Catsear,0.021965257823467255
0047.jpg,Catsear,Catsear,0.02708432637155056
0048.jpg,Catsear,Catsear,0.03194241598248482
0049.jpg,Catsear,Catsear,0.03368467465043068
0050.jpg,Catsear,Hawkbit,0.023397067561745644
0051.jpg,Catsear,Catsear,0.034223757684230804
0052.jpg,Catsear,Hawkbit,0.02321322076022625
0053.jpg,Catsear,Hawkbit,0.024299539625644684
0054.jpg,Catsear,Winged thistle,0.03325388580560684
0055.jpg,Catsear,Catsear,0.026258014142513275
0056.jpg,Catsear,Catsear,0.024192918092012405
0057.jpg,Catsear,Catsear,0.02205660380423069
0058.jpg,Catsear,Hawkbit,0.02268429659307003
0059.jpg,Catsear,Hawkbit,0.023134054616093636
0060.jpg,Catsear,Catsear,0.03373536467552185
0061.jpg,Catsear,Catsear,0.03410156071186066
0062.jpg,Catsear,Catsear,0.033446114510297775
0063.jpg,Catsear,Catsear,0.031378619372844696
0064.jpg,Catsear,Daisy,0.023954661563038826
0065.jpg,Catsear,Catsear,0.031454794108867645
0066.jpg,Catsear,Catsear,0.033299580216407776
0067.jpg,Catsear,Catsear,0.0337066687643528
0068.jpg,Catsear,Catsear,0.033805906772613525
0069.jpg,Catsear,Sow thistle,0.021094126626849174
0070.jpg,Catsear,Catsear,0.033313702791929245
0071.jpg,Catsear,Catsear,0.03032698482275009
0072.jpg,Catsear,Catsear,0.03364451229572296
0073.jpg,Catsear,Catsear,0.03349804878234863
0074.jpg,Catsear,Catsear,0.033588290214538574
0075.jpg,Catsear,Hawkbit,0.027460545301437378
0076.jpg,Catsear,Catsear,0.034398503601551056
0077.jpg,Catsear,Catsear,0.03448060527443886
0078.jpg,Catsear,Catsear,0.032750628888607025
0079.jpg,Catsear,Catsear,0.03404644876718521
0080.jpg,Catsear,Catsear,0.03165126219391823
0081.jpg,Catsear,Hawkbit,0.019885024055838585
0082.jpg,Catsear,Catsear,0.03421925753355026
0083.jpg,Catsear,Catsear,0.026952670887112617
0084.jpg,Catsear,Catsear,0.03404552862048149
0085.jpg,Catsear,Catsear,0.028712239116430283
0086.jpg,Catsear,Dandelion,0.030109742656350136
0087.jpg,Catsear,Catsear,0.03162992000579834
0088.jpg,Catsear,Mouse-ear hawkweed,0.02262154407799244
0089.jpg,Catsear,Catsear,0.03417786583304405
0090.jpg,Catsear,Catsear,0.033892933279275894
0091.jpg,Catsear,Catsear,0.033909134566783905
0092.jpg,Catsear,Catsear,0.03403371199965477
0093.jpg,Catsear,Catsear,0.03403270244598389
0094.jpg,Catsear,Broad-leaved plantain,0.026862792670726776
0095.jpg,Catsear,Catsear,0.03451947495341301
0096.jpg,Catsear,Catsear,0.03086400032043457
0097.jpg,Catsear,Catsear,0.027331050485372543
0098.jpg,Catsear,Catsear,0.03241543099284172
0099.jpg,Catsear,Catsear,0.03216734156012535
0000.jpg,Chickweed,Chickweed,0.03452816233038902
0001.jpg,Chickweed,Chickweed,0.03452999144792557
0002.jpg,Chickweed,Chickweed,0.03445367515087128
0003.jpg,Chickweed,Water pepper,0.01800580881536007
0004.jpg,Chickweed,Chickweed,0.026140505447983742
0005.jpg,Chickweed,Chickweed,0.03450874611735344
0006.jpg,Chickweed,Chickweed,0.034490302205085754
0007.jpg,Chickweed,Chickweed,0.03350844606757164
0008.jpg,Chickweed,Chickweed,0.0345303975045681
0009.jpg,Chickweed,Chickweed,0.03440304473042488
0010.jpg,Chickweed,Chickweed,0.034446630626916885
0011.jpg,Chickweed,Parsley dropwort,0.026075085625052452
0012.jpg,Chickweed,Chickweed,0.03452470898628235
0013.jpg,Chickweed,Annual poa,0.02370327152311802
0014.jpg,Chickweed,Chickweed,0.034327391535043716
0015.jpg,Chickweed,Chickweed,0.03450579196214676
0016.jpg,Chickweed,Chickweed,0.03416735678911209
0017.jpg,Chickweed,Chickweed,0.031890619546175
0018.jpg,Chickweed,Chickweed,0.03453176096081734
0019.jpg,Chickweed,Chickweed,0.034530188888311386
0020.jpg,Chickweed,Chickweed,0.03453177213668823
0021.jpg,Chickweed,Chickweed,0.03445655107498169
0022.jpg,Chickweed,Chickweed,0.034529924392700195
0023.jpg,Chickweed,Chickweed,0.03453051671385765
0024.jpg,Chickweed,Chickweed,0.03450760245323181
0025.jpg,Chickweed,Chickweed,0.034531690180301666
0026.jpg,Chickweed,Chickweed,0.034531205892562866
0027.jpg,Chickweed,Chickweed,0.034478120505809784
0028.jpg,Chickweed,Water pepper,0.03276938945055008
0029.jpg,Chickweed,Chickweed,0.029452357441186905
0030.jpg,Chickweed,Chickweed,0.03452759608626366
0031.jpg,Chickweed,Chickweed,0.03452354297041893
0032.jpg,Chickweed,Chickweed,0.034271806478500366
0033.jpg,Chickweed,Chickweed,0.034528929740190506
0034.jpg,Chickweed,Chickweed,0.03441939130425453
0035.jpg,Chickweed,Chickweed,0.033925045281648636
0036.jpg,Chickweed,Chickweed,0.03451750800013542
0037.jpg,Chickweed,Chickweed,0.034531425684690475
0038.jpg,Chickweed,Chickweed,0.03437459096312523
0039.jpg,Chickweed,Chickweed,0.034217387437820435
0040.jpg,Chickweed,Chickweed,0.03452535718679428
0041.jpg,Chickweed,Chickweed,0.03406372666358948
0042.jpg,Chickweed,Chickweed,0.034524884074926376
0043.jpg,Chickweed,Chickweed,0.03451728820800781
0044.jpg,Chickweed,Chickweed,0.034527022391557693
0045.jpg,Chickweed,Chickweed,0.03447861969470978
0046.jpg,Chickweed,Chickweed,0.03453054279088974
0047.jpg,Chickweed,Chickweed,0.034516751766204834
0048.jpg,Chickweed,Chickweed,0.034530315548181534
0049.jpg,Chickweed,Chickweed,0.034500762820243835
0050.jpg,Chickweed,Chickweed,0.03453176096081734
0051.jpg,Chickweed,Chickweed,0.0344681553542614
0052.jpg,Chickweed,Chickweed,0.034477077424526215
0053.jpg,Chickweed,Chickweed,0.03450911492109299
0054.jpg,Chickweed,Chickweed,0.024246329441666603
0055.jpg,Chickweed,Chickweed,0.03452574089169502
0056.jpg,Chickweed,Chickweed,0.03452910855412483
0057.jpg,Chickweed,Chickweed,0.03453105688095093
0058.jpg,Chickweed,Chickweed,0.03450305387377739
0059.jpg,Chickweed,Chickweed,0.03453171253204346
0060.jpg,Chickweed,Chickweed,0.03453177213668823
0061.jpg,Chickweed,Chickweed,0.03453167900443077
0062.jpg,Chickweed,Chickweed,0.034483835101127625
0063.jpg,Chickweed,Chickweed,0.03448779508471489
0064.jpg,Chickweed,Annual poa,0.03350493311882019
0065.jpg,Chickweed,Chickweed,0.034464795142412186
0066.jpg,Chickweed,Chickweed,0.03434640169143677
0067.jpg,Chickweed,Chickweed,0.03452473133802414
0068.jpg,Chickweed,Chickweed,0.033824075013399124
0069.jpg,Chickweed,Chickweed,0.03138373792171478
0070.jpg,Chickweed,Chickweed,0.034520842134952545
0071.jpg,Chickweed,Chickweed,0.03453070670366287
0072.jpg,Chickweed,Chickweed,0.03452812135219574
0073.jpg,Chickweed,Chickweed,0.034473832696676254
0074.jpg,Chickweed,Chickweed,0.03453090041875839
0075.jpg,Chickweed,Chickweed,0.034527018666267395
0076.jpg,Chickweed,Chickweed,0.03074619174003601
0077.jpg,Chickweed,Chickweed,0.034529056400060654
0078.jpg,Chickweed,Chickweed,0.034529127180576324
0079.jpg,Chickweed,Chickweed,0.03451623395085335
0080.jpg,Chickweed,Chickweed,0.03424837067723274
0081.jpg,Chickweed,Chickweed,0.03449425473809242
0082.jpg,Chickweed,Chickweed,0.03443204611539841
0083.jpg,Chickweed,Chickweed,0.034521471709012985
0084.jpg,Chickweed,Chickweed,0.03453122824430466
0085.jpg,Chickweed,Chickweed,0.03452828899025917
0086.jpg,Chickweed,Chickweed,0.032175373286008835
0087.jpg,Chickweed,Chickweed,0.034507837146520615
0088.jpg,Chickweed,Chickweed,0.03260613977909088
0089.jpg,Chickweed,Chickweed,0.03453116863965988
0090.jpg,Chickweed,Chickweed,0.034517429769039154
0091.jpg,Chickweed,Chickweed,0.03444904088973999
0092.jpg,Chickweed,Chickweed,0.0345134362578392
0093.jpg,Chickweed,Chickweed,0.03448460251092911
0094.jpg,Chickweed,Chickweed,0.034531369805336
0095.jpg,Chickweed,Chickweed,0.03438646346330643
0096.jpg,Chickweed,Chickweed,0.03453162685036659
0097.jpg,Chickweed,Chickweed,0.028945650905370712
0098.jpg,Chickweed,Chickweed,0.034531284123659134
0099.jpg,Chickweed,Chickweed,0.027918286621570587
0000.jpg,Cleavers,Cleavers,0.034502703696489334
0001.jpg,Cleavers,Cleavers,0.034531597048044205
0002.jpg,Cleavers,Cleavers,0.03452325612306595
0003.jpg,Cleavers,Cleavers,0.027189090847969055
0004.jpg,Cleavers,Cleavers,0.025617359206080437
0005.jpg,Cleavers,Cleavers,0.034519657492637634
0006.jpg,Cleavers,Cleavers,0.03453056886792183
0007.jpg,Cleavers,Cleavers,0.03436029329895973
0008.jpg,Cleavers,Cleavers,0.03453131765127182
0009.jpg,Cleavers,Cleavers,0.034531716257333755
0010.jpg,Cleavers,Cleavers,0.034464821219444275
0011.jpg,Cleavers,Cleavers,0.03452780097723007
0012.jpg,Cleavers,Cleavers,0.03452986851334572
0013.jpg,Cleavers,Cleavers,0.0331917367875576
0014.jpg,Cleavers,Cleavers,0.031047102063894272
0015.jpg,Cleavers,Cleavers,0.03452591598033905
0016.jpg,Cleavers,Cleavers,0.03453168645501137
0017.jpg,Cleavers,Dandelion,0.014640727080404758
0018.jpg,Cleavers,Cleavers,0.03453105688095093
0019.jpg,Cleavers,Cleavers,0.03452682867646217
0020.jpg,Cleavers,Cleavers,0.0345175564289093
0021.jpg,Cleavers,Cleavers,0.03451574593782425
0022.jpg,Cleavers,Cleavers,0.03452830761671066
0023.jpg,Cleavers,Cleavers,0.0345294363796711
0024.jpg,Cleavers,Cleavers,0.0345265232026577
0025.jpg,Cleavers,Cleavers,0.034531425684690475
0026.jpg,Cleavers,Cleavers,0.034526944160461426
0027.jpg,Cleavers,Onehunga weed,0.03378112241625786
0028.jpg,Cleavers,Cleavers,0.03451860696077347
0029.jpg,Cleavers,Cleavers,0.034529950469732285
0030.jpg,Cleavers,Cleavers,0.03453170880675316
0031.jpg,Cleavers,Cleavers,0.03452887013554573
0032.jpg,Cleavers,Cleavers,0.03452843055129051
0033.jpg,Cleavers,Cleavers,0.0341736376285553
0034.jpg,Cleavers,Cleavers,0.03452998027205467
0035.jpg,Cleavers,Cleavers,0.03448593243956566
0036.jpg,Cleavers,Cleavers,0.03453146293759346
0037.jpg,Cleavers,Cleavers,0.034530092030763626
0038.jpg,Cleavers,Cleavers,0.03453138470649719
0039.jpg,Cleavers,Cleavers,0.03452102839946747
0040.jpg,Cleavers,Cleavers,0.034434106200933456
0041.jpg,Cleavers,Cleavers,0.03451512008905411
0042.jpg,Cleavers,Cleavers,0.034528765827417374
0043.jpg,Cleavers,Cleavers,0.03452647477388382
0044.jpg,Cleavers,Cleavers,0.034529127180576324
0045.jpg,Cleavers,Cleavers,0.03452298790216446
0046.jpg,Cleavers,Cleavers,0.03453175351023674
0047.jpg,Cleavers,Cleavers,0.034531716257333755
0048.jpg,Cleavers,Cleavers,0.03452927991747856
0049.jpg,Cleavers,Cleavers,0.034531522542238235
0050.jpg,Cleavers,Cleavers,0.03450310602784157
0051.jpg,Cleavers,Cleavers,0.03453100845217705
0052.jpg,Cleavers,Cleavers,0.03452702611684799
0053.jpg,Cleavers,Cleavers,0.03453162685036659
0054.jpg,Cleavers,Cleavers,0.034531693905591965
0055.jpg,Cleavers,Cleavers,0.03453176096081734
0056.jpg,Cleavers,Cleavers,0.034530747681856155
0057.jpg,Cleavers,Cleavers,0.0345316007733345
0058.jpg,Cleavers,Cleavers,0.034528736025094986
0059.jpg,Cleavers,Cleavers,0.03453146293759346
0060.jpg,Cleavers,Cleavers,0.0345003604888916
0061.jpg,Cleavers,Cleavers,0.03425639122724533
0062.jpg,Cleavers,Cleavers,0.034521762281656265
0063.jpg,Cleavers,Cleavers,0.034472424536943436
0064.jpg,Cleavers,Cleavers,0.01589575596153736
0065.jpg,Cleavers,Cleavers,0.034523822367191315
0066.jpg,Cleavers,Cleavers,0.03450964763760567
0067.jpg,Cleavers,Cleavers,0.034531328827142715
0068.jpg,Cleavers,Cleavers,0.034528233110904694
0069.jpg,Cleavers,Cleavers,0.03452775999903679
0070.jpg,Cleavers,Cleavers,0.03453132137656212
0071.jpg,Cleavers,Cleavers,0.030985219404101372
0072.jpg,Cleavers,Cleavers,0.03451825678348541
0073.jpg,Cleavers,Cleavers,0.03452671691775322
0074.jpg,Cleavers,Cleavers,0.03453173115849495
0075.jpg,Cleavers,Cleavers,0.034530993551015854
0076.jpg,Cleavers,Cleavers,0.03453144058585167
0077.jpg,Cleavers,Cleavers,0.0345316007733345
0078.jpg,Cleavers,Cleavers,0.034531693905591965
0079.jpg,Cleavers,Cleavers,0.03453132137656212
0080.jpg,Cleavers,Cleavers,0.03453170880675316
0081.jpg,Cleavers,Blackberry,0.03428712114691734
0082.jpg,Cleavers,Cleavers,0.03453163802623749
0083.jpg,Cleavers,Cleavers,0.034528519958257675
0084.jpg,Cleavers,Cleavers,0.034181226044893265
0085.jpg,Cleavers,Cleavers,0.03422489017248154
0086.jpg,Cleavers,Cleavers,0.034529656171798706
0087.jpg,Cleavers,Cleavers,0.03453173488378525
0088.jpg,Cleavers,Cleavers,0.0344962477684021
0089.jpg,Cleavers,Cleavers,0.03395220637321472
0090.jpg,Cleavers,Cleavers,0.03432696685194969
0091.jpg,Cleavers,Cleavers,0.0344449058175087
0092.jpg,Cleavers,Cleavers,0.034530989825725555
0093.jpg,Cleavers,Cleavers,0.03445601835846901
0094.jpg,Cleavers,Californian thistle,0.03249301761388779
0095.jpg,Cleavers,Cleavers,0.034531496465206146
0096.jpg,Cleavers,Cleavers,0.03452257439494133
0097.jpg,Cleavers,Wireweed,0.018197717145085335
0098.jpg,Cleavers,Cleavers,0.03453131765127182
0099.jpg,Cleavers,Cleavers,0.03437308967113495
0000.jpg,Clustered dock,Clustered dock,0.033912718296051025
0001.jpg,Clustered dock,Clustered dock,0.03420083597302437
0002.jpg,Clustered dock,Clustered dock,0.03451882675290108
0003.jpg,Clustered dock,Clustered dock,0.03430620953440666
0004.jpg,Clustered dock,Fiddle dock,0.01980651542544365
0005.jpg,Clustered dock,Clustered dock,0.034378644078969955
0006.jpg,Clustered dock,Clustered dock,0.03438041731715202
0007.jpg,Clustered dock,Clustered dock,0.03450489416718483
0008.jpg,Clustered dock,Clustered dock,0.0345306396484375
0009.jpg,Clustered dock,Clustered dock,0.034328583627939224
0010.jpg,Clustered dock,Clustered dock,0.03450790047645569
0011.jpg,Clustered dock,Clustered dock,0.028093919157981873
0012.jpg,Clustered dock,Clustered dock,0.0344766303896904
0013.jpg,Clustered dock,Fiddle dock,0.029953211545944214
0014.jpg,Clustered dock,Fiddle dock,0.03403550758957863
0015.jpg,Clustered dock,Clustered dock,0.03453011438250542
0016.jpg,Clustered dock,Clustered dock,0.03452976420521736
0017.jpg,Clustered dock,Clustered dock,0.0330827496945858
0018.jpg,Clustered dock,Clustered dock,0.03447337821125984
0019.jpg,Clustered dock,Clustered dock,0.03453010693192482
0020.jpg,Clustered dock,Clustered dock,0.03451754152774811
0021.jpg,Clustered dock,Clustered dock,0.03427702561020851
0022.jpg,Clustered dock,Clustered dock,0.034527141600847244
0023.jpg,Clustered dock,Clustered dock,0.03453173115849495
0024.jpg,Clustered dock,Clustered dock,0.03453173115849495
0025.jpg,Clustered dock,Clustered dock,0.034512054175138474
0026.jpg,Clustered dock,Clustered dock,0.03444809094071388
0027.jpg,Clustered dock,Clustered dock,0.018914468586444855
0028.jpg,Clustered dock,Clustered dock,0.018233509734272957
0029.jpg,Clustered dock,Water pepper,0.028380410745739937
0030.jpg,Clustered dock,Clustered dock,0.03452365845441818
0031.jpg,Clustered dock,Shepherd's purse,0.020511966198682785
0032.jpg,Clustered dock,Clustered dock,0.034518610686063766
0033.jpg,Clustered dock,Clustered dock,0.03446764498949051
0034.jpg,Clustered dock,Clustered dock,0.03439697250723839
0035.jpg,Clustered dock,Clustered dock,0.021637747064232826
0036.jpg,Clustered dock,Clustered dock,0.034471966326236725
0037.jpg,Clustered dock,Clustered dock,0.03451724350452423
0038.jpg,Clustered dock,Clustered dock,0.03416960686445236
0039.jpg,Clustered dock,Clustered dock,0.034470487385988235
0040.jpg,Clustered dock,Clustered dock,0.03453146293759346
0041.jpg,Clustered dock,Clustered dock,0.0345245897769928
0042.jpg,Clustered dock,Clustered dock,0.03452092036604881
0043.jpg,Clustered dock,Clustered dock,0.03452317416667938
0044.jpg,Clustered dock,Clustered dock,0.034482747316360474
0045.jpg,Clustered dock,Clustered dock,0.034524377435445786
0046.jpg,Clustered dock,Clustered dock,0.03452004864811897
0047.jpg,Clustered dock,Clustered dock,0.03452976793050766
0048.jpg,Clustered dock,Clustered dock,0.0344037227332592
0049.jpg,Clustered dock,Clustered dock,0.029533416032791138
0050.jpg,Clustered dock,Clustered dock,0.03439899533987045
0051.jpg,Clustered dock,Clustered dock,0.034521594643592834
0052.jpg,Clustered dock,Clustered dock,0.03451818600296974
0053.jpg,Clustered dock,Clustered dock,0.034518055617809296
0054.jpg,Clustered dock,Clustered dock,0.022725673392415047
0055.jpg,Clustered dock,Clustered dock,0.03452887013554573
0056.jpg,Clustered dock,Clustered dock,0.03435017168521881
0057.jpg,Clustered dock,Clustered dock,0.03425006568431854
0058.jpg,Clustered dock,Clustered dock,0.034487999975681305
0059.jpg,Clustered dock,Clustered dock,0.034529682248830795
0060.jpg,Clustered dock,Clustered dock,0.03226492926478386
0061.jpg,Clustered dock,Clustered dock,0.03453056886792183
0062.jpg,Clustered dock,Clustered dock,0.03453173115849495
0063.jpg,Clustered dock,Clustered dock,0.03412088751792908
0064.jpg,Clustered dock,Clustered dock,0.03284810110926628
0065.jpg,Clustered dock,Clustered dock,0.034501828253269196
0066.jpg,Clustered dock,Clustered dock,0.03451574593782425
0067.jpg,Clustered dock,Clustered dock,0.034518126398324966
0068.jpg,Clustered dock,Clustered dock,0.034531671553850174
0069.jpg,Clustered dock,Clustered dock,0.02145380713045597
0070.jpg,Clustered dock,Clustered dock,0.03453173488378525
0071.jpg,Clustered dock,Clustered dock,0.03436380252242088
0072.jpg,Clustered dock,Clustered dock,0.034527555108070374
0073.jpg,Clustered dock,Clustered dock,0.034530140459537506
0074.jpg,Clustered dock,Clustered dock,0.03449253365397453
0075.jpg,Clustered dock,Clustered dock,0.034484729170799255
0076.jpg,Clustered dock,Clustered dock,0.03451079502701759
0077.jpg,Clustered dock,Clustered dock,0.033949825912714005
0078.jpg,Clustered dock,Clustered dock,0.034515995532274246
0079.jpg,Clustered dock,Clustered dock,0.034483954310417175
0080.jpg,Clustered dock,Clustered dock,0.03452292084693909
0081.jpg,Clustered dock,Fiddle dock,0.022386088967323303
0082.jpg,Clustered dock,Clustered dock,0.03450964391231537
0083.jpg,Clustered dock,Clustered dock,0.03452887013554573
0084.jpg,Clustered dock,Clustered dock,0.034524694085121155
0085.jpg,Clustered dock,Clustered dock,0.0345313623547554
0086.jpg,Clustered dock,Clustered dock,0.034529440104961395
0087.jpg,Clustered dock,Clustered dock,0.03441071882843971
0088.jpg,Clustered dock,Broad-leaved dock,0.03415687009692192
0089.jpg,Clustered dock,Clustered dock,0.03446851670742035
0090.jpg,Clustered dock,Clustered dock,0.03447235748171806
0091.jpg,Clustered dock,Clustered dock,0.03452884033322334
0092.jpg,Clustered dock,Clustered dock,0.03453096002340317
0093.jpg,Clustered dock,Clustered dock,0.03445510193705559
0094.jpg,Clustered dock,Broad-leaved dock,0.02555593103170395
0095.jpg,Clustered dock,Clustered dock,0.034159425646066666
0096.jpg,Clustered dock,Clustered dock,0.024440599605441093
0097.jpg,Clustered dock,Clustered dock,0.034133944660425186
0098.jpg,Clustered dock,Clustered dock,0.03450508788228035
0099.jpg,Clustered dock,Clustered dock,0.03451009467244148
0000.jpg,Couch,Couch,0.03452322259545326
0001.jpg,Couch,Couch,0.034531738609075546
0002.jpg,Couch,Couch,0.03452681377530098
0003.jpg,Couch,Couch,0.024795323610305786
0004.jpg,Couch,Paspalum,0.022809982299804688
0005.jpg,Couch,Couch,0.03453155234456062
0006.jpg,Couch,Couch,0.03453163802623749
0007.jpg,Couch,Couch,0.034531015902757645
0008.jpg,Couch,Couch,0.034501899033784866
0009.jpg,Couch,Couch,0.034516848623752594
0010.jpg,Couch,Couch,0.0345197357237339
0011.jpg,Couch,Hemlock,0.034529998898506165
0012.jpg,Couch,Couch,0.034527841955423355
0013.jpg,Couch,Couch,0.034258294850587845
0014.jpg,Couch,Musky storksbill,0.015287050977349281
0015.jpg,Couch,Couch,0.034508153796195984
0016.jpg,Couch,Couch,0.03451007604598999
0017.jpg,Couch,Cleavers,0.02594071812927723
0018.jpg,Couch,Couch,0.034504059702157974
0019.jpg,Couch,Couch,0.03453138470649719
0020.jpg,Couch,Couch,0.03449511155486107
0021.jpg,Couch,Couch,0.03453049063682556
0022.jpg,Couch,Couch,0.03452816978096962
0023.jpg,Couch,Couch,0.03452722728252411
0024.jpg,Couch,Couch,0.034414052963256836
0025.jpg,Couch,Couch,0.03453144431114197
0026.jpg,Couch,Couch,0.034529026597738266
0027.jpg,Couch,Couch,0.021143842488527298
0028.jpg,Couch,Couch,0.03451797366142273
0029.jpg,Couch,Annual poa,0.03223381191492081
0030.jpg,Couch,Couch,0.034421514719724655
0031.jpg,Couch,Bracken,0.02077014185488224
0032.jpg,Couch,Couch,0.034529298543930054
0033.jpg,Couch,Couch,0.03451940789818764
0034.jpg,Couch,Couch,0.03453105688095093
0035.jpg,Couch,Couch,0.03453109785914421
0036.jpg,Couch,Couch,0.03452739119529724
0037.jpg,Couch,Couch,0.03452464938163757
0038.jpg,Couch,Couch,0.03453105688095093
0039.jpg,Couch,Couch,0.03229730203747749
0040.jpg,Couch,Couch,0.034471042454242706
0041.jpg,Couch,Couch,0.034531690180301666
0042.jpg,Couch,Couch,0.034529656171798706
0043.jpg,Couch,Couch,0.034531526267528534
0044.jpg,Couch,Couch,0.034529976546764374
0045.jpg,Couch,Couch,0.0345199853181839
0046.jpg,Couch,Couch,0.03452761843800545
0047.jpg,Couch,Couch,0.034528497606515884
0048.jpg,Couch,Couch,0.03452688083052635
0049.jpg,Couch,Couch,0.034511081874370575
0050.jpg,Couch,Couch,0.03450337424874306
0051.jpg,Couch,Couch,0.03451276570558548
0052.jpg,Couch,Couch,0.03453165292739868
0053.jpg,Couch,Couch,0.03450196608901024
0054.jpg,Couch,Couch,0.03046504408121109
0055.jpg,Couch,Couch,0.034531474113464355
0056.jpg,Couch,Couch,0.03453056886792183
0057.jpg,Couch,Couch,0.03453101962804794
0058.jpg,Couch,Couch,0.03450919687747955
0059.jpg,Couch,Couch,0.034526627510786057
0060.jpg,Couch,Couch,0.034528229385614395
0061.jpg,Couch,Couch,0.03419828787446022
0062.jpg,Couch,Couch,0.03453055024147034
0063.jpg,Couch,Couch,0.03451788052916527
0064.jpg,Couch,Paspalum,0.02450658567249775
0065.jpg,Couch,Couch,0.034472525119781494
0066.jpg,Couch,Couch,0.03453049808740616
0067.jpg,Couch,Couch,0.03452954813838005
0068.jpg,Couch,Couch,0.03453081473708153
0069.jpg,Couch,Couch,0.03443731740117073
0070.jpg,Couch,Couch,0.03453171253204346
0071.jpg,Couch,Couch,0.034522488713264465
0072.jpg,Couch,Couch,0.03452387452125549
0073.jpg,Couch,Couch,0.03431010991334915
0074.jpg,Couch,Couch,0.03453057259321213
0075.jpg,Couch,Paspalum,0.032993022352457047
0076.jpg,Couch,Couch,0.03451841324567795
0077.jpg,Couch,Couch,0.03444391489028931
0078.jpg,Couch,Couch,0.03449413180351257
0079.jpg,Couch,Couch,0.03452949598431587
0080.jpg,Couch,Couch,0.03453177213668823
0081.jpg,Couch,Couch,0.034523505717515945
0082.jpg,Couch,Couch,0.034531671553850174
0083.jpg,Couch,Couch,0.0345316156744957
0084.jpg,Couch,Couch,0.03453162685036659
0085.jpg,Couch,Couch,0.03450038656592369
0086.jpg,Couch,Couch,0.027487551793456078
0087.jpg,Couch,Couch,0.03453116863965988
0088.jpg,Couch,Couch,0.02370009943842888
0089.jpg,Couch,Couch,0.03452354669570923
0090.jpg,Couch,Couch,0.03452998027205467
0091.jpg,Couch,Couch,0.03453144058585167
0092.jpg,Couch,Couch,0.03449885919690132
0093.jpg,Couch,Couch,0.03453132137656212
0094.jpg,Couch,Paspalum,0.03097507357597351
0095.jpg,Couch,Couch,0.034524206072092056
0096.jpg,Couch,Couch,0.0345132052898407
0097.jpg,Couch,Hedge mustard,0.03437300771474838
0098.jpg,Couch,Couch,0.03453116863965988
0099.jpg,Couch,Couch,0.03452523425221443
0000.jpg,Creeping buttercup,Creeping buttercup,0.03451818972826004
0001.jpg,Creeping buttercup,Creeping buttercup,0.034496087580919266
0002.jpg,Creeping buttercup,Creeping buttercup,0.033092811703681946
0003.jpg,Creeping buttercup,Creeping buttercup,0.02218928001821041
0004.jpg,Creeping buttercup,Shepherd's purse,0.027713309973478317
0005.jpg,Creeping buttercup,Creeping buttercup,0.0345175564289093
0006.jpg,Creeping buttercup,Creeping buttercup,0.03446614742279053
0007.jpg,Creeping buttercup,Creeping buttercup,0.03448944911360741
0008.jpg,Creeping buttercup,Creeping buttercup,0.0344969816505909
0009.jpg,Creeping buttercup,Creeping buttercup,0.03450273722410202
0010.jpg,Creeping buttercup,Creeping buttercup,0.03446073457598686
0011.jpg,Creeping buttercup,Creeping buttercup,0.026468075811862946
0012.jpg,Creeping buttercup,Creeping buttercup,0.03445424139499664
0013.jpg,Creeping buttercup,Creeping buttercup,0.019588597118854523
0014.jpg,Creeping buttercup,Musky storksbill,0.026100926101207733
0015.jpg,Creeping buttercup,Creeping buttercup,0.034530915319919586
0016.jpg,Creeping buttercup,Creeping buttercup,0.03450426086783409
0017.jpg,Creeping buttercup,Creeping buttercup,0.03452353924512863
0018.jpg,Creeping buttercup,Creeping buttercup,0.03219155967235565
0019.jpg,Creeping buttercup,Creeping buttercup,0.034486956894397736
0020.jpg,Creeping buttercup,Creeping buttercup,0.034531425684690475
0021.jpg,Creeping buttercup,Creeping buttercup,0.03447664901614189
0022.jpg,Creeping buttercup,Creeping buttercup,0.03447875380516052
0023.jpg,Creeping buttercup,Creeping buttercup,0.0345158725976944
0024.jpg,Creeping buttercup,Creeping buttercup,0.03452976420521736
0025.jpg,Creeping buttercup,Creeping buttercup,0.03344769775867462
0026.jpg,Creeping buttercup,Creeping buttercup,0.03452044725418091
0027.jpg,Creeping buttercup,Creeping buttercup,0.02562469057738781
0028.jpg,Creeping buttercup,Giant buttercup,0.03451671823859215
0029.jpg,Creeping buttercup,Giant buttercup,0.03445667028427124
0030.jpg,Creeping buttercup,Creeping buttercup,0.03450526297092438
0031.jpg,Creeping buttercup,Giant buttercup,0.027831481769680977
0032.jpg,Creeping buttercup,Creeping buttercup,0.03443947806954384
0033.jpg,Creeping buttercup,Creeping buttercup,0.03444378823041916
0034.jpg,Creeping buttercup,Creeping buttercup,0.0345224104821682
0035.jpg,Creeping buttercup,Creeping buttercup,0.030664140358567238
0036.jpg,Creeping buttercup,Creeping buttercup,0.034433260560035706
0037.jpg,Creeping buttercup,Creeping buttercup,0.03443412482738495
0038.jpg,Creeping buttercup,Creeping buttercup,0.03452664613723755
0039.jpg,Creeping buttercup,Creeping buttercup,0.0345303975045681
0040.jpg,Creeping buttercup,Creeping buttercup,0.03308360278606415
0041.jpg,Creeping buttercup,Creeping buttercup,0.03448176383972168
0042.jpg,Creeping buttercup,Creeping buttercup,0.034504469484090805
0043.jpg,Creeping buttercup,Creeping buttercup,0.034530721604824066
0044.jpg,Creeping buttercup,Creeping buttercup,0.03451298177242279
0045.jpg,Creeping buttercup,Creeping buttercup,0.03443194180727005
0046.jpg,Creeping buttercup,Creeping buttercup,0.034528639167547226
0047.jpg,Creeping buttercup,Creeping buttercup,0.0345277413725853
0048.jpg,Creeping buttercup,Creeping buttercup,0.03351828083395958
0049.jpg,Creeping buttercup,Creeping buttercup,0.034531671553850174
0050.jpg,Creeping buttercup,Creeping buttercup,0.03452906385064125
0051.jpg,Creeping buttercup,Creeping buttercup,0.0345158651471138
0052.jpg,Creeping buttercup,Creeping buttercup,0.03452793136239052
0053.jpg,Creeping buttercup,Creeping buttercup,0.034468166530132294
0054.jpg,Creeping buttercup,Creeping buttercup,0.03453175723552704
0055.jpg,Creeping buttercup,Creeping buttercup,0.03452659398317337
0056.jpg,Creeping buttercup,Creeping buttercup,0.034529104828834534
0057.jpg,Creeping buttercup,Creeping buttercup,0.03422246128320694
0058.jpg,Creeping buttercup,Creeping buttercup,0.03453081473708153
0059.jpg,Creeping buttercup,Creeping buttercup,0.0314023494720459
0060.jpg,Creeping buttercup,Creeping buttercup,0.02992304414510727
0061.jpg,Creeping buttercup,Creeping buttercup,0.03448844701051712
0062.jpg,Creeping buttercup,Creeping buttercup,0.03453173115849495
0063.jpg,Creeping buttercup,Creeping buttercup,0.033861223608255386
0064.jpg,Creeping buttercup,Giant buttercup,0.029317449778318405
0065.jpg,Creeping buttercup,Creeping buttercup,0.03451646491885185
0066.jpg,Creeping buttercup,Creeping buttercup,0.03451209515333176
0067.jpg,Creeping buttercup,Creeping buttercup,0.034465767443180084
0068.jpg,Creeping buttercup,Creeping buttercup,0.03447820618748665
0069.jpg,Creeping buttercup,Creeping buttercup,0.03420574963092804
0070.jpg,Creeping buttercup,Creeping buttercup,0.0345129631459713
0071.jpg,Creeping buttercup,Creeping buttercup,0.03451702371239662
0072.jpg,Creeping buttercup,Creeping buttercup,0.0345257967710495
0073.jpg,Creeping buttercup,Creeping buttercup,0.03453126922249794
0074.jpg,Creeping buttercup,Creeping buttercup,0.034486304968595505
0075.jpg,Creeping buttercup,Creeping speedwell,0.019927173852920532
0076.jpg,Creeping buttercup,Creeping buttercup,0.034525588154792786
0077.jpg,Creeping buttercup,Creeping buttercup,0.034420616924762726
0078.jpg,Creeping buttercup,Creeping buttercup,0.034433577209711075
0079.jpg,Creeping buttercup,Creeping buttercup,0.03452843055129051
0080.jpg,Creeping buttercup,Creeping buttercup,0.031036797910928726
0081.jpg,Creeping buttercup,Creeping buttercup,0.03440012410283089
0082.jpg,Creeping buttercup,Creeping buttercup,0.03452226519584656
0083.jpg,Creeping buttercup,Creeping buttercup,0.034531667828559875
0084.jpg,Creeping buttercup,Creeping buttercup,0.03452950343489647
0085.jpg,Creeping buttercup,Creeping buttercup,0.034472838044166565
0086.jpg,Creeping buttercup,Creeping buttercup,0.034488994628190994
0087.jpg,Creeping buttercup,Creeping buttercup,0.034531183540821075
0088.jpg,Creeping buttercup,Hairy buttercup,0.027841022238135338
0089.jpg,Creeping buttercup,Creeping buttercup,0.034530941396951675
0090.jpg,Creeping buttercup,Creeping buttercup,0.03453155606985092
0091.jpg,Creeping buttercup,Creeping buttercup,0.034507062286138535
0092.jpg,Creeping buttercup,Creeping buttercup,0.0345316044986248
0093.jpg,Creeping buttercup,Creeping buttercup,0.029018517583608627
0094.jpg,Creeping buttercup,Creeping buttercup,0.03091762214899063
0095.jpg,Creeping buttercup,Creeping buttercup,0.03451438993215561
0096.jpg,Creeping buttercup,Creeping buttercup,0.03441813588142395
0097.jpg,Creeping buttercup,Hedge mustard,0.017286524176597595
0098.jpg,Creeping buttercup,Creeping buttercup,0.03452247381210327
0099.jpg,Creeping buttercup,Creeping buttercup,0.03453086316585541
0000.jpg,Creeping oxalis,Creeping oxalis,0.034310758113861084
0001.jpg,Creeping oxalis,Creeping oxalis,0.03453047573566437
0002.jpg,Creeping oxalis,Creeping oxalis,0.03448747470974922
0003.jpg,Creeping oxalis,Creeping oxalis,0.034527167677879333
0004.jpg,Creeping oxalis,Creeping oxalis,0.034526512026786804
0005.jpg,Creeping oxalis,Creeping oxalis,0.03452999144792557
0006.jpg,Creeping oxalis,Creeping oxalis,0.03452864661812782
0007.jpg,Creeping oxalis,Creeping oxalis,0.03400299698114395
0008.jpg,Creeping oxalis,Creeping oxalis,0.03453175351023674
0009.jpg,Creeping oxalis,Creeping oxalis,0.03453132137656212
0010.jpg,Creeping oxalis,Creeping oxalis,0.034531738609075546
0011.jpg,Creeping oxalis,Creeping oxalis,0.03448863700032234
0012.jpg,Creeping oxalis,Creeping oxalis,0.034522801637649536
0013.jpg,Creeping oxalis,Creeping oxalis,0.03453114628791809
0014.jpg,Creeping oxalis,Creeping oxalis,0.034531351178884506
0015.jpg,Creeping oxalis,Creeping oxalis,0.03453052416443825
0016.jpg,Creeping oxalis,Creeping oxalis,0.03453104943037033
0017.jpg,Creeping oxalis,Creeping oxalis,0.03129930794239044
0018.jpg,Creeping oxalis,Creeping oxalis,0.03451571241021156
0019.jpg,Creeping oxalis,Creeping oxalis,0.03453175351023674
0020.jpg,Creeping oxalis,Creeping oxalis,0.03433455154299736
0021.jpg,Creeping oxalis,Creeping oxalis,0.03453127294778824
0022.jpg,Creeping oxalis,Creeping oxalis,0.03453165292739868
0023.jpg,Creeping oxalis,Creeping oxalis,0.03453170880675316
0024.jpg,Creeping oxalis,Creeping oxalis,0.03438824415206909
0025.jpg,Creeping oxalis,Creeping oxalis,0.034308578819036484
0026.jpg,Creeping oxalis,Creeping oxalis,0.03436930105090141
0027.jpg,Creeping oxalis,Creeping oxalis,0.034212589263916016
0028.jpg,Creeping oxalis,Manuka,0.023376286029815674
0029.jpg,Creeping oxalis,Turf speedwell,0.025175632908940315
0030.jpg,Creeping oxalis,Creeping oxalis,0.0344715416431427
0031.jpg,Creeping oxalis,Musky storksbill,0.0204551313072443
0032.jpg,Creeping oxalis,Creeping oxalis,0.034529902040958405
0033.jpg,Creeping oxalis,Creeping oxalis,0.03453117609024048
0034.jpg,Creeping oxalis,Creeping oxalis,0.03451112285256386
0035.jpg,Creeping oxalis,Creeping oxalis,0.0345316007733345
0036.jpg,Creeping oxalis,Creeping oxalis,0.03453155234456062
0037.jpg,Creeping oxalis,Creeping oxalis,0.03452840447425842
0038.jpg,Creeping oxalis,Creeping oxalis,0.03453133627772331
0039.jpg,Creeping oxalis,Creeping oxalis,0.03453144058585167
0040.jpg,Creeping oxalis,Creeping oxalis,0.034530460834503174
0041.jpg,Creeping oxalis,Creeping oxalis,0.03452879935503006
0042.jpg,Creeping oxalis,Creeping oxalis,0.03368870168924332
0043.jpg,Creeping oxalis,Creeping oxalis,0.03452788293361664
0044.jpg,Creeping oxalis,Creeping oxalis,0.03446144983172417
0045.jpg,Creeping oxalis,Creeping oxalis,0.034490492194890976
0046.jpg,Creeping oxalis,Creeping oxalis,0.03453050181269646
0047.jpg,Creeping oxalis,Creeping oxalis,0.0345316044986248
0048.jpg,Creeping oxalis,Creeping oxalis,0.0345313660800457
0049.jpg,Creeping oxalis,Creeping oxalis,0.034531671553850174
0050.jpg,Creeping oxalis,Creeping oxalis,0.03453095257282257
0051.jpg,Creeping oxalis,Creeping oxalis,0.03453133627772331
0052.jpg,Creeping oxalis,Creeping oxalis,0.03448383882641792
0053.jpg,Creeping oxalis,Creeping oxalis,0.03092765063047409
0054.jpg,Creeping oxalis,Creeping oxalis,0.0344405360519886
0055.jpg,Creeping oxalis,Creeping oxalis,0.03451021760702133
0056.jpg,Creeping oxalis,Creeping oxalis,0.03452394902706146
0057.jpg,Creeping oxalis,Creeping oxalis,0.03452456369996071
0058.jpg,Creeping oxalis,Creeping oxalis,0.034531693905591965
0059.jpg,Creeping oxalis,Creeping oxalis,0.03451830521225929
0060.jpg,Creeping oxalis,Creeping oxalis,0.03452808037400246
0061.jpg,Creeping oxalis,Creeping oxalis,0.0345274843275547
0062.jpg,Creeping oxalis,Creeping oxalis,0.03452504053711891
0063.jpg,Creeping oxalis,Creeping oxalis,0.03432821109890938
0064.jpg,Creeping oxalis,Creeping oxalis,0.03453173115849495
0065.jpg,Creeping oxalis,Creeping oxalis,0.03453074023127556
0066.jpg,Creeping oxalis,Creeping oxalis,0.03453127294778824
0067.jpg,Creeping oxalis,Creeping oxalis,0.034525904804468155
0068.jpg,Creeping oxalis,Creeping oxalis,0.03444104641675949
0069.jpg,Creeping oxalis,Creeping oxalis,0.032619450241327286
0070.jpg,Creeping oxalis,Creeping oxalis,0.034528933465480804
0071.jpg,Creeping oxalis,Creeping oxalis,0.03447086736559868
0072.jpg,Creeping oxalis,Creeping oxalis,0.0344553142786026
0073.jpg,Creeping oxalis,Creeping oxalis,0.03447827324271202
0074.jpg,Creeping oxalis,Creeping oxalis,0.03453148156404495
0075.jpg,Creeping oxalis,Cape weed,0.03447352722287178
0076.jpg,Creeping oxalis,Creeping oxalis,0.0345303975045681
0077.jpg,Creeping oxalis,Creeping oxalis,0.0345282144844532
0078.jpg,Creeping oxalis,Creeping oxalis,0.03452775627374649
0079.jpg,Creeping oxalis,Creeping oxalis,0.03453085944056511
0080.jpg,Creeping oxalis,Creeping oxalis,0.03453095257282257
0081.jpg,Creeping oxalis,Creeping oxalis,0.03402078524231911
0082.jpg,Creeping oxalis,Creeping oxalis,0.034528009593486786
0083.jpg,Creeping oxalis,Creeping oxalis,0.034528207033872604
0084.jpg,Creeping oxalis,Creeping oxalis,0.03450809419155121
0085.jpg,Creeping oxalis,Creeping oxalis,0.03452403098344803
0086.jpg,Creeping oxalis,Pink shamrock,0.02232304774224758
0087.jpg,Creeping oxalis,Creeping oxalis,0.03452366590499878
0088.jpg,Creeping oxalis,Creeping oxalis,0.034528616815805435
0089.jpg,Creeping oxalis,Creeping oxalis,0.03453122824430466
0090.jpg,Creeping oxalis,Creeping oxalis,0.03453128784894943
0091.jpg,Creeping oxalis,Creeping oxalis,0.03452650457620621
0092.jpg,Creeping oxalis,Creeping oxalis,0.034512147307395935
0093.jpg,Creeping oxalis,Creeping oxalis,0.034531693905591965
0094.jpg,Creeping oxalis,Creeping oxalis,0.03452593833208084
0095.jpg,Creeping oxalis,Creeping oxalis,0.03453173115849495
0096.jpg,Creeping oxalis,Creeping oxalis,0.03439386188983917
0097.jpg,Creeping oxalis,Creeping oxalis,0.03452884778380394
0098.jpg,Creeping oxalis,Creeping oxalis,0.034500401467084885
0099.jpg,Creeping oxalis,Creeping oxalis,0.034398358315229416
0000.jpg,Creeping speedwell,Creeping speedwell,0.0345064215362072
0001.jpg,Creeping speedwell,Creeping speedwell,0.034525271505117416
0002.jpg,Creeping speedwell,Creeping speedwell,0.0345284566283226
0003.jpg,Creeping speedwell,Creeping speedwell,0.03452447056770325
0004.jpg,Creeping speedwell,Creeping speedwell,0.02475300244987011
0005.jpg,Creeping speedwell,Creeping speedwell,0.03452987223863602
0006.jpg,Creeping speedwell,Creeping speedwell,0.03451928868889809
0007.jpg,Creeping speedwell,Creeping speedwell,0.034015171229839325
0008.jpg,Creeping speedwell,Creeping speedwell,0.03451095148921013
0009.jpg,Creeping speedwell,Creeping speedwell,0.03452746942639351
0010.jpg,Creeping speedwell,Creeping speedwell,0.03450651094317436
0011.jpg,Creeping speedwell,Creeping speedwell,0.0345253050327301
0012.jpg,Creeping speedwell,Creeping speedwell,0.03453081473708153
0013.jpg,Creeping speedwell,Turf speedwell,0.03416048362851143
0014.jpg,Creeping speedwell,Creeping speedwell,0.034482814371585846
0015.jpg,Creeping speedwell,Creeping speedwell,0.034472931176424026
0016.jpg,Creeping speedwell,Creeping speedwell,0.025995105504989624
0017.jpg,Creeping speedwell,Creeping speedwell,0.03324674069881439
0018.jpg,Creeping speedwell,Creeping speedwell,0.03452659398317337
0019.jpg,Creeping speedwell,Creeping speedwell,0.034531209617853165
0020.jpg,Creeping speedwell,Creeping speedwell,0.03452857583761215
0021.jpg,Creeping speedwell,Creeping speedwell,0.0345085971057415
0022.jpg,Creeping speedwell,Creeping speedwell,0.03452930599451065
0023.jpg,Creeping speedwell,Creeping speedwell,0.03444570302963257
0024.jpg,Creeping speedwell,Creeping speedwell,0.03447679802775383
0025.jpg,Creeping speedwell,Creeping speedwell,0.033401887863874435
0026.jpg,Creeping speedwell,Creeping speedwell,0.034531693905591965
0027.jpg,Creeping speedwell,Creeping speedwell,0.03368699923157692
0028.jpg,Creeping speedwell,Chickweed,0.024556076154112816
0029.jpg,Creeping speedwell,Creeping speedwell,0.03452904894948006
0030.jpg,Creeping speedwell,Creeping speedwell,0.03452777490019798
0031.jpg,Creeping speedwell,Creeping speedwell,0.033190302550792694
0032.jpg,Creeping speedwell,Creeping speedwell,0.03425152227282524
0033.jpg,Creeping speedwell,Creeping speedwell,0.03451794013381004
0034.jpg,Creeping speedwell,Creeping speedwell,0.03448881208896637
0035.jpg,Creeping speedwell,Turf speedwell,0.021136784926056862
0036.jpg,Creeping speedwell,Creeping speedwell,0.034449197351932526
0037.jpg,Creeping speedwell,Creeping speedwell,0.03452424332499504
0038.jpg,Creeping speedwell,Creeping speedwell,0.03452316299080849
0039.jpg,Creeping speedwell,Creeping speedwell,0.034531619399785995
0040.jpg,Creeping speedwell,Creeping speedwell,0.034530334174633026
0041.jpg,Creeping speedwell,Creeping speedwell,0.034492235630750656
0042.jpg,Creeping speedwell,Creeping speedwell,0.034523822367191315
0043.jpg,Creeping speedwell,Creeping speedwell,0.03452599048614502
0044.jpg,Creeping speedwell,Creeping speedwell,0.03452679142355919
0045.jpg,Creeping speedwell,Creeping speedwell,0.034468043595552444
0046.jpg,Creeping speedwell,Creeping speedwell,0.03453131765127182
0047.jpg,Creeping speedwell,Creeping speedwell,0.03452661633491516
0048.jpg,Creeping speedwell,Creeping speedwell,0.03452710062265396
0049.jpg,Creeping speedwell,Creeping speedwell,0.028341056779026985
0050.jpg,Creeping speedwell,Creeping speedwell,0.03450808674097061
0051.jpg,Creeping speedwell,Creeping speedwell,0.03435017168521881
0052.jpg,Creeping speedwell,Creeping speedwell,0.03447337821125984
0053.jpg,Creeping speedwell,Creeping speedwell,0.03453103452920914
0054.jpg,Creeping speedwell,Creeping speedwell,0.034525588154792786
0055.jpg,Creeping speedwell,Creeping speedwell,0.03201230987906456
0056.jpg,Creeping speedwell,Creeping speedwell,0.03453037142753601
0057.jpg,Creeping speedwell,Creeping speedwell,0.03451291844248772
0058.jpg,Creeping speedwell,Creeping speedwell,0.03453175351023674
0059.jpg,Creeping speedwell,Creeping speedwell,0.034531403332948685
0060.jpg,Creeping speedwell,Creeping speedwell,0.03382064029574394
0061.jpg,Creeping speedwell,Creeping speedwell,0.034530725330114365
0062.jpg,Creeping speedwell,Creeping speedwell,0.03453134372830391
0063.jpg,Creeping speedwell,Creeping speedwell,0.034525495022535324
0064.jpg,Creeping speedwell,Creeping speedwell,0.03255752474069595
0065.jpg,Creeping speedwell,Creeping speedwell,0.03453056886792183
0066.jpg,Creeping speedwell,Creeping speedwell,0.03453056886792183
0067.jpg,Creeping speedwell,Creeping speedwell,0.034518562257289886
0068.jpg,Creeping speedwell,Creeping speedwell,0.03452370688319206
0069.jpg,Creeping speedwell,Creeping speedwell,0.034406211227178574
0070.jpg,Creeping speedwell,Creeping speedwell,0.03452927619218826
0071.jpg,Creeping speedwell,Creeping speedwell,0.03451935201883316
0072.jpg,Creeping speedwell,Creeping speedwell,0.03452650457620621
0073.jpg,Creeping speedwell,Creeping speedwell,0.03453175351023674
0074.jpg,Creeping speedwell,Creeping speedwell,0.034530818462371826
0075.jpg,Creeping speedwell,Hydrocotyle,0.018595147877931595
0076.jpg,Creeping speedwell,Creeping speedwell,0.03453098237514496
0077.jpg,Creeping speedwell,Creeping speedwell,0.03443751484155655
0078.jpg,Creeping speedwell,Creeping speedwell,0.034530192613601685
0079.jpg,Creeping speedwell,Creeping speedwell,0.03452787548303604
0080.jpg,Creeping speedwell,Creeping speedwell,0.03453140705823898
0081.jpg,Creeping speedwell,Scrambling speedwell,0.021244490519165993
0082.jpg,Creeping speedwell,Creeping speedwell,0.03425600752234459
0083.jpg,Creeping speedwell,Creeping speedwell,0.03452594578266144
0084.jpg,Creeping speedwell,Creeping speedwell,0.03453167527914047
0085.jpg,Creeping speedwell,Creeping speedwell,0.03453134372830391
0086.jpg,Creeping speedwell,Creeping speedwell,0.03277568891644478
0087.jpg,Creeping speedwell,Creeping speedwell,0.034530360251665115
0088.jpg,Creeping speedwell,Creeping speedwell,0.03443680703639984
0089.jpg,Creeping speedwell,Creeping speedwell,0.034518830478191376
0090.jpg,Creeping speedwell,Creeping speedwell,0.03452841937541962
0091.jpg,Creeping speedwell,Creeping speedwell,0.03452888876199722
0092.jpg,Creeping speedwell,Creeping speedwell,0.03453044593334198
0093.jpg,Creeping speedwell,Creeping speedwell,0.034193240106105804
0094.jpg,Creeping speedwell,Creeping speedwell,0.03430446237325668
0095.jpg,Creeping speedwell,Creeping speedwell,0.03453151509165764
0096.jpg,Creeping speedwell,Creeping speedwell,0.03453176096081734
0097.jpg,Creeping speedwell,Creeping speedwell,0.03453163802623749
0098.jpg,Creeping speedwell,Creeping speedwell,0.03166878595948219
0099.jpg,Creeping speedwell,Creeping speedwell,0.034506481140851974
0000.jpg,Daisy,Dandelion,0.017862670123577118
0001.jpg,Daisy,Dandelion,0.01819540373980999
0002.jpg,Daisy,Daisy,0.0323994904756546
0003.jpg,Daisy,Daisy,0.021517964079976082
0004.jpg,Daisy,Daisy,0.027909215539693832
0005.jpg,Daisy,Daisy,0.034470073878765106
0006.jpg,Daisy,Daisy,0.03448469191789627
0007.jpg,Daisy,Daisy,0.023135928437113762
0008.jpg,Daisy,Daisy,0.034253980964422226
0009.jpg,Daisy,Daisy,0.03449101746082306
0010.jpg,Daisy,Daisy,0.03201102465391159
0011.jpg,Daisy,Dandelion,0.03445057198405266
0012.jpg,Daisy,Daisy,0.03440607711672783
0013.jpg,Daisy,Narrow-leaved plantain,0.023514043539762497
0014.jpg,Daisy,Couch,0.018486160784959793
0015.jpg,Daisy,Dandelion,0.024204866960644722
0016.jpg,Daisy,Hawksbeard,0.02095821499824524
0017.jpg,Daisy,Hawksbeard,0.023226214572787285
0018.jpg,Daisy,Daisy,0.018656082451343536
0019.jpg,Daisy,Daisy,0.02954946458339691
0020.jpg,Daisy,Dandelion,0.026378396898508072
0021.jpg,Daisy,Daisy,0.03449874743819237
0022.jpg,Daisy,Daisy,0.03452121466398239
0023.jpg,Daisy,Daisy,0.03451891243457794
0024.jpg,Daisy,Daisy,0.034505315124988556
0025.jpg,Daisy,Daisy,0.03440067172050476
0026.jpg,Daisy,Daisy,0.034190114587545395
0027.jpg,Daisy,Yarrow,0.02412252500653267
0028.jpg,Daisy,Yarrow,0.023792970925569534
0029.jpg,Daisy,Daisy,0.033638227730989456
0030.jpg,Daisy,Daisy,0.03258958458900452
0031.jpg,Daisy,Yarrow,0.03083706833422184
0032.jpg,Daisy,Daisy,0.026128513738512993
0033.jpg,Daisy,Yarrow,0.021692734211683273
0034.jpg,Daisy,Daisy,0.033613137900829315
0035.jpg,Daisy,Daisy,0.03335154429078102
0036.jpg,Daisy,Daisy,0.0342569537460804
0037.jpg,Daisy,Daisy,0.033548757433891296
0038.jpg,Daisy,Daisy,0.02462904341518879
0039.jpg,Daisy,Daisy,0.02820257470011711
0040.jpg,Daisy,Daisy,0.034529391676187515
0041.jpg,Daisy,Daisy,0.03452698513865471
0042.jpg,Daisy,Daisy,0.03438388556241989
0043.jpg,Daisy,Yarrow,0.02132374793291092
0044.jpg,Daisy,Daisy,0.033584900200366974
0045.jpg,Daisy,Daisy,0.021094726398587227
0046.jpg,Daisy,Daisy,0.03403201699256897
0047.jpg,Daisy,Daisy,0.03440427780151367
0048.jpg,Daisy,Daisy,0.034413427114486694
0049.jpg,Daisy,Daisy,0.03452969342470169
0050.jpg,Daisy,Daisy,0.03453125059604645
0051.jpg,Daisy,Daisy,0.02146965079009533
0052.jpg,Daisy,Daisy,0.03442957252264023
0053.jpg,Daisy,Sow thistle,0.02288835123181343
0054.jpg,Daisy,Hawksbeard,0.03441823646426201
0055.jpg,Daisy,Daisy,0.03452177718281746
0056.jpg,Daisy,Daisy,0.021459246054291725
0057.jpg,Daisy,Daisy,0.023754101246595383
0058.jpg,Daisy,Daisy,0.024294504895806313
0059.jpg,Daisy,Daisy,0.025102104991674423
0060.jpg,Daisy,Daisy,0.03384741023182869
0061.jpg,Daisy,Daisy,0.03448385000228882
0062.jpg,Daisy,Yarrow,0.022396327927708626
0063.jpg,Daisy,Yarrow,0.022002914920449257
0064.jpg,Daisy,Daisy,0.0173597764223814
0065.jpg,Daisy,Daisy,0.033945903182029724
0066.jpg,Daisy,Daisy,0.034494347870349884
0067.jpg,Daisy,Daisy,0.034516092389822006
0068.jpg,Daisy,Daisy,0.034451209008693695
0069.jpg,Daisy,Selfheal,0.019226308912038803
0070.jpg,Daisy,Daisy,0.02216826006770134
0071.jpg,Daisy,Daisy,0.03446327894926071
0072.jpg,Daisy,Daisy,0.03144942224025726
0073.jpg,Daisy,Daisy,0.03451593965291977
0074.jpg,Daisy,Daisy,0.022328943014144897
0075.jpg,Daisy,Daisy,0.03424379229545593
0076.jpg,Daisy,Daisy,0.033971358090639114
0077.jpg,Daisy,Daisy,0.03416913002729416
0078.jpg,Daisy,Daisy,0.03449931740760803
0079.jpg,Daisy,Dandelion,0.02231821045279503
0080.jpg,Daisy,Daisy,0.023266691714525223
0081.jpg,Daisy,Yarrow,0.03436489403247833
0082.jpg,Daisy,Yarrow,0.027981478720903397
0083.jpg,Daisy,Daisy,0.03442518785595894
0084.jpg,Daisy,Daisy,0.03416256606578827
0085.jpg,Daisy,Daisy,0.03413834422826767
0086.jpg,Daisy,Daisy,0.031651753932237625
0087.jpg,Daisy,Daisy,0.034476134926080704
0088.jpg,Daisy,Daisy,0.01937323994934559
0089.jpg,Daisy,Daisy,0.033697184175252914
0090.jpg,Daisy,Daisy,0.03420008718967438
0091.jpg,Daisy,Yarrow,0.025158029049634933
0092.jpg,Daisy,Daisy,0.03452747315168381
0093.jpg,Daisy,Daisy,0.034493908286094666
0094.jpg,Daisy,Groundsel,0.024304836988449097
0095.jpg,Daisy,Daisy,0.03438444808125496
0096.jpg,Daisy,Daisy,0.034372325986623764
0097.jpg,Daisy,Wild turnip,0.03166157007217407
0098.jpg,Daisy,Daisy,0.03397812694311142
0099.jpg,Daisy,Daisy,0.030651932582259178
0000.jpg,Dandelion,Dandelion,0.017862670123577118
0001.jpg,Dandelion,Dandelion,0.01819540373980999
0002.jpg,Dandelion,Dandelion,0.03445057198405266
0003.jpg,Dandelion,Narrow-leaved plantain,0.023514043539762497
0004.jpg,Dandelion,Couch,0.018486160784959793
0005.jpg,Dandelion,Dandelion,0.024204866960644722
0006.jpg,Dandelion,Hawksbeard,0.02095821499824524
0007.jpg,Dandelion,Hawksbeard,0.023226214572787285
0008.jpg,Dandelion,Daisy,0.018656082451343536
0009.jpg,Dandelion,Daisy,0.02954946458339691
0010.jpg,Dandelion,Dandelion,0.026378396898508072
0011.jpg,Dandelion,Daisy,0.034190114587545395
0012.jpg,Dandelion,Daisy,0.026128513738512993
0013.jpg,Dandelion,Daisy,0.02820257470011711
0014.jpg,Dandelion,Daisy,0.03403201699256897
0015.jpg,Dandelion,Daisy,0.02146965079009533
0016.jpg,Dandelion,Sow thistle,0.02288835123181343
0017.jpg,Dandelion,Hawksbeard,0.03441823646426201
0018.jpg,Dandelion,Daisy,0.022328943014144897
0019.jpg,Dandelion,Dandelion,0.02231821045279503
0020.jpg,Dandelion,Mouse-ear hawkweed,0.022252773866057396
0021.jpg,Dandelion,Dandelion,0.03386324271559715
0022.jpg,Dandelion,Dandelion,0.0343681238591671
0023.jpg,Dandelion,Dandelion,0.0344935767352581
0024.jpg,Dandelion,Dandelion,0.03433334827423096
0025.jpg,Dandelion,Dandelion,0.03440728783607483
0026.jpg,Dandelion,Dandelion,0.03434781730175018
0027.jpg,Dandelion,Hawksbeard,0.034374505281448364
0028.jpg,Dandelion,Hawksbeard,0.03440796211361885
0029.jpg,Dandelion,Annual poa,0.027793029323220253
0030.jpg,Dandelion,Hawksbeard,0.02183707058429718
0031.jpg,Dandelion,Mouse-ear hawkweed,0.03450298309326172
0032.jpg,Dandelion,Dandelion,0.03365877643227577
0033.jpg,Dandelion,Dandelion,0.02912968397140503
0034.jpg,Dandelion,Dandelion,0.0341448113322258
0035.jpg,Dandelion,Hawksbeard,0.03443927317857742
0036.jpg,Dandelion,Dandelion,0.034338049590587616
0037.jpg,Dandelion,Dandelion,0.0328744575381279
0038.jpg,Dandelion,Dandelion,0.03077121637761593
0039.jpg,Dandelion,Dandelion,0.034492991864681244
0040.jpg,Dandelion,Dandelion,0.03405534103512764
0041.jpg,Dandelion,Dandelion,0.03451426699757576
0042.jpg,Dandelion,Dandelion,0.03451831266283989
0043.jpg,Dandelion,Dandelion,0.034013986587524414
0044.jpg,Dandelion,Dandelion,0.03366180509328842
0045.jpg,Dandelion,Dandelion,0.03433175012469292
0046.jpg,Dandelion,Dandelion,0.03444230183959007
0047.jpg,Dandelion,Dandelion,0.034402161836624146
0048.jpg,Dandelion,Dandelion,0.02144675701856613
0049.jpg,Dandelion,Dandelion,0.030824502930045128
0050.jpg,Dandelion,Dandelion,0.034214310348033905
0051.jpg,Dandelion,Dandelion,0.023220114409923553
0052.jpg,Dandelion,Dandelion,0.034496717154979706
0053.jpg,Dandelion,Dandelion,0.03433291241526604
0054.jpg,Dandelion,Chickweed,0.03298765420913696
0055.jpg,Dandelion,Dandelion,0.03442348167300224
0056.jpg,Dandelion,Dandelion,0.03351293131709099
0057.jpg,Dandelion,Dandelion,0.032753411680459976
0058.jpg,Dandelion,Hawkbit,0.020708169788122177
0059.jpg,Dandelion,Dandelion,0.03430559113621712
0060.jpg,Dandelion,Dandelion,0.03447919338941574
0061.jpg,Dandelion,Dandelion,0.03445003926753998
0062.jpg,Dandelion,Dandelion,0.02467530407011509
0063.jpg,Dandelion,Dandelion,0.034053921699523926
0064.jpg,Dandelion,Couch,0.03150319680571556
0065.jpg,Dandelion,Dandelion,0.02593366988003254
0066.jpg,Dandelion,Dandelion,0.027497144415974617
0067.jpg,Dandelion,Dandelion,0.03061654418706894
0068.jpg,Dandelion,Mouse-ear hawkweed,0.027174798771739006
0069.jpg,Dandelion,Couch,0.023233845829963684
0070.jpg,Dandelion,Hawkbit,0.025999058037996292
0071.jpg,Dandelion,Hawkbit,0.029667068272829056
0072.jpg,Dandelion,Hawkbit,0.02475113980472088
0073.jpg,Dandelion,Hawkbit,0.03213344141840935
0074.jpg,Dandelion,Hawksbeard,0.024692779406905174
0075.jpg,Dandelion,Dandelion,0.03003876842558384
0076.jpg,Dandelion,Dandelion,0.023790664970874786
0077.jpg,Dandelion,Dandelion,0.029224900528788567
0078.jpg,Dandelion,Catsear,0.021784652024507523
0079.jpg,Dandelion,Dandelion,0.02109147422015667
0080.jpg,Dandelion,Hawkbit,0.020972484722733498
0081.jpg,Dandelion,Hawksbeard,0.03212825953960419
0082.jpg,Dandelion,Dandelion,0.02614784613251686
0083.jpg,Dandelion,Dandelion,0.023521995171904564
0084.jpg,Dandelion,Dandelion,0.02949093095958233
0085.jpg,Dandelion,Dandelion,0.03448501229286194
0086.jpg,Dandelion,Catsear,0.024333545938134193
0087.jpg,Dandelion,Dandelion,0.0341455303132534
0088.jpg,Dandelion,Dandelion,0.028859691694378853
0089.jpg,Dandelion,Dandelion,0.03433471545577049
0090.jpg,Dandelion,Dandelion,0.03452727571129799
0091.jpg,Dandelion,Dandelion,0.03427238017320633
0092.jpg,Dandelion,Dandelion,0.032357119023799896
0093.jpg,Dandelion,Dandelion,0.0341029055416584
0094.jpg,Dandelion,Wild turnip,0.03354167565703392
0095.jpg,Dandelion,Dandelion,0.03451656922698021
0096.jpg,Dandelion,Dandelion,0.03444661945104599
0097.jpg,Dandelion,Fiddle dock,0.01709625869989395
0098.jpg,Dandelion,Dandelion,0.03411531448364258
0099.jpg,Dandelion,Dandelion,0.02295927330851555
0000.jpg,Fiddle dock,Fiddle dock,0.034416813403367996
0001.jpg,Fiddle dock,Fiddle dock,0.03445788472890854
0002.jpg,Fiddle dock,Fiddle dock,0.03453155234456062
0003.jpg,Fiddle dock,Fiddle dock,0.01673433929681778
0004.jpg,Fiddle dock,Fiddle dock,0.03453172743320465
0005.jpg,Fiddle dock,Fiddle dock,0.03453174605965614
0006.jpg,Fiddle dock,Fiddle dock,0.034520622342824936
0007.jpg,Fiddle dock,Fiddle dock,0.03452867269515991
0008.jpg,Fiddle dock,Fiddle dock,0.034530725330114365
0009.jpg,Fiddle dock,Fiddle dock,0.03452994301915169
0010.jpg,Fiddle dock,Fiddle dock,0.031152820214629173
0011.jpg,Fiddle dock,Fiddle dock,0.03448574244976044
0012.jpg,Fiddle dock,Fiddle dock,0.0339997261762619
0013.jpg,Fiddle dock,Fiddle dock,0.03452735394239426
0014.jpg,Fiddle dock,Fiddle dock,0.030847787857055664
0015.jpg,Fiddle dock,Fiddle dock,0.03452092409133911
0016.jpg,Fiddle dock,Fiddle dock,0.034510403871536255
0017.jpg,Fiddle dock,Old man’s beard,0.027947599068284035
0018.jpg,Fiddle dock,Fiddle dock,0.03447316214442253
0019.jpg,Fiddle dock,Fiddle dock,0.03453172370791435
0020.jpg,Fiddle dock,Fiddle dock,0.03452735021710396
0021.jpg,Fiddle dock,Fiddle dock,0.03453171253204346
0022.jpg,Fiddle dock,Fiddle dock,0.0345207080245018
0023.jpg,Fiddle dock,Fiddle dock,0.03453070670366287
0024.jpg,Fiddle dock,Fiddle dock,0.0344061404466629
0025.jpg,Fiddle dock,Fiddle dock,0.03428894653916359
0026.jpg,Fiddle dock,Fiddle dock,0.033059705048799515
0027.jpg,Fiddle dock,Fiddle dock,0.034056972712278366
0028.jpg,Fiddle dock,Broad-leaved plantain,0.03423631563782692
0029.jpg,Fiddle dock,Fiddle dock,0.03427012264728546
0030.jpg,Fiddle dock,Fiddle dock,0.03434925898909569
0031.jpg,Fiddle dock,Fiddle dock,0.025613905861973763
0032.jpg,Fiddle dock,Fiddle dock,0.03437153995037079
0033.jpg,Fiddle dock,Fiddle dock,0.03444807603955269
0034.jpg,Fiddle dock,Fiddle dock,0.03376517817378044
0035.jpg,Fiddle dock,Fiddle dock,0.034411024302244186
0036.jpg,Fiddle dock,Fiddle dock,0.0345182940363884
0037.jpg,Fiddle dock,Fiddle dock,0.03440862149000168
0038.jpg,Fiddle dock,Fiddle dock,0.03452758118510246
0039.jpg,Fiddle dock,Fiddle dock,0.034525200724601746
0040.jpg,Fiddle dock,Fiddle dock,0.034531768411397934
0041.jpg,Fiddle dock,Fiddle dock,0.034530457109212875
0042.jpg,Fiddle dock,Fiddle dock,0.03452596440911293
0043.jpg,Fiddle dock,Fiddle dock,0.03453173488378525
0044.jpg,Fiddle dock,Fiddle dock,0.03452225401997566
0045.jpg,Fiddle dock,Fiddle dock,0.03452806919813156
0046.jpg,Fiddle dock,Fiddle dock,0.03453100845217705
0047.jpg,Fiddle dock,Fiddle dock,0.03451251611113548
0048.jpg,Fiddle dock,Fiddle dock,0.034488167613744736
0049.jpg,Fiddle dock,Fiddle dock,0.03453093394637108
0050.jpg,Fiddle dock,Fiddle dock,0.03453140705823898
0051.jpg,Fiddle dock,Fiddle dock,0.03452964872121811
0052.jpg,Fiddle dock,Fiddle dock,0.03453167900443077
0053.jpg,Fiddle dock,Fiddle dock,0.034518640488386154
0054.jpg,Fiddle dock,Fiddle dock,0.02554447576403618
0055.jpg,Fiddle dock,Fiddle dock,0.033961549401283264
0056.jpg,Fiddle dock,Fiddle dock,0.034527864307165146
0057.jpg,Fiddle dock,Fiddle dock,0.03401075676083565
0058.jpg,Fiddle dock,Fiddle dock,0.0345316007733345
0059.jpg,Fiddle dock,Fiddle dock,0.03449246659874916
0060.jpg,Fiddle dock,Fiddle dock,0.034127674996852875
0061.jpg,Fiddle dock,Fiddle dock,0.03451617434620857
0062.jpg,Fiddle dock,Fiddle dock,0.03422684594988823
0063.jpg,Fiddle dock,Fiddle dock,0.034530699253082275
0064.jpg,Fiddle dock,Fiddle dock,0.030916132032871246
0065.jpg,Fiddle dock,Fiddle dock,0.03453151509165764
0066.jpg,Fiddle dock,Fiddle dock,0.03452417254447937
0067.jpg,Fiddle dock,Fiddle dock,0.03453158959746361
0068.jpg,Fiddle dock,Fiddle dock,0.034493234008550644
0069.jpg,Fiddle dock,Fiddle dock,0.01675303466618061
0070.jpg,Fiddle dock,Fiddle dock,0.0345316007733345
0071.jpg,Fiddle dock,Fiddle dock,0.0345303975045681
0072.jpg,Fiddle dock,Fiddle dock,0.03451984375715256
0073.jpg,Fiddle dock,Fiddle dock,0.03451215475797653
0074.jpg,Fiddle dock,Fiddle dock,0.03449985012412071
0075.jpg,Fiddle dock,Fiddle dock,0.028608063235878944
0076.jpg,Fiddle dock,Fiddle dock,0.034531496465206146
0077.jpg,Fiddle dock,Fiddle dock,0.03453175723552704
0078.jpg,Fiddle dock,Fiddle dock,0.03450377658009529
0079.jpg,Fiddle dock,Fiddle dock,0.03453177213668823
0080.jpg,Fiddle dock,Fiddle dock,0.03453166037797928
0081.jpg,Fiddle dock,Fiddle dock,0.028213851153850555
0082.jpg,Fiddle dock,Fiddle dock,0.03447193652391434
0083.jpg,Fiddle dock,Fiddle dock,0.03452795371413231
0084.jpg,Fiddle dock,Fiddle dock,0.03452831134200096
0085.jpg,Fiddle dock,Fiddle dock,0.03453156724572182
0086.jpg,Fiddle dock,Couch,0.0165350791066885
0087.jpg,Fiddle dock,Fiddle dock,0.034229617565870285
0088.jpg,Fiddle dock,Sheep's sorrel,0.019635869190096855
0089.jpg,Fiddle dock,Fiddle dock,0.0344889834523201
0090.jpg,Fiddle dock,Fiddle dock,0.03448881953954697
0091.jpg,Fiddle dock,Fiddle dock,0.034289997071027756
0092.jpg,Fiddle dock,Fiddle dock,0.03450898826122284
0093.jpg,Fiddle dock,Fiddle dock,0.034531380981206894
0094.jpg,Fiddle dock,Fiddle dock,0.03453066200017929
0095.jpg,Fiddle dock,Fiddle dock,0.034530289471149445
0096.jpg,Fiddle dock,Fiddle dock,0.034460194408893585
0097.jpg,Fiddle dock,Fiddle dock,0.03452233597636223
0098.jpg,Fiddle dock,Fiddle dock,0.03451071307063103
0099.jpg,Fiddle dock,Fiddle dock,0.034495241940021515
0000.jpg,Field speedwell,Scrambling speedwell,0.022793810814619064
0001.jpg,Field speedwell,Field speedwell,0.022272560745477676
0002.jpg,Field speedwell,Scrambling speedwell,0.021581320092082024
0003.jpg,Field speedwell,Scrambling speedwell,0.021167926490306854
0004.jpg,Field speedwell,Scrambling speedwell,0.021613994613289833
0005.jpg,Field speedwell,Field speedwell,0.021769599989056587
0006.jpg,Field speedwell,Scrambling speedwell,0.023282848298549652
0007.jpg,Field speedwell,Scrambling speedwell,0.021396905183792114
0008.jpg,Field speedwell,Field speedwell,0.021666398271918297
0009.jpg,Field speedwell,Field speedwell,0.02165697142481804
0010.jpg,Field speedwell,Field speedwell,0.021396033465862274
0011.jpg,Field speedwell,Field speedwell,0.01977458782494068
0012.jpg,Field speedwell,Scrambling speedwell,0.021245989948511124
0013.jpg,Field speedwell,Scrambling speedwell,0.018412139266729355
0014.jpg,Field speedwell,Creeping speedwell,0.03180275857448578
0015.jpg,Field speedwell,Field speedwell,0.021226519718766212
0016.jpg,Field speedwell,Field speedwell,0.021250376477837563
0017.jpg,Field speedwell,Scrambling speedwell,0.023105928674340248
0018.jpg,Field speedwell,Scrambling speedwell,0.021489998325705528
0019.jpg,Field speedwell,Scrambling speedwell,0.022763537243008614
0020.jpg,Field speedwell,Scrambling speedwell,0.021720195189118385
0021.jpg,Field speedwell,Field speedwell,0.02190517820417881
0022.jpg,Field speedwell,Field speedwell,0.02231724001467228
0023.jpg,Field speedwell,Scrambling speedwell,0.021664325147867203
0024.jpg,Field speedwell,Field speedwell,0.02106867916882038
0025.jpg,Field speedwell,Field speedwell,0.02183229848742485
0026.jpg,Field speedwell,Scrambling speedwell,0.021701522171497345
0027.jpg,Field speedwell,Scrambling speedwell,0.023747920989990234
0028.jpg,Field speedwell,Creeping speedwell,0.032374680042266846
0029.jpg,Field speedwell,Field speedwell,0.02142232283949852
0030.jpg,Field speedwell,Scrambling speedwell,0.02201143465936184
0031.jpg,Field speedwell,Field speedwell,0.021360522136092186
0032.jpg,Field speedwell,Field speedwell,0.021890530362725258
0033.jpg,Field speedwell,Field speedwell,0.021767834201455116
0034.jpg,Field speedwell,Field speedwell,0.02271098457276821
0035.jpg,Field speedwell,Scrambling speedwell,0.01783299259841442
0036.jpg,Field speedwell,Field speedwell,0.021449852734804153
0037.jpg,Field speedwell,Scrambling speedwell,0.02201598323881626
0038.jpg,Field speedwell,Scrambling speedwell,0.021878322586417198
0039.jpg,Field speedwell,Scrambling speedwell,0.022006796672940254
0040.jpg,Field speedwell,Scrambling speedwell,0.022270968183875084
0041.jpg,Field speedwell,Field speedwell,0.021379126235842705
0042.jpg,Field speedwell,Field speedwell,0.02267436869442463
0043.jpg,Field speedwell,Scrambling speedwell,0.02204098179936409
0044.jpg,Field speedwell,Scrambling speedwell,0.022610293701291084
0045.jpg,Field speedwell,Scrambling speedwell,0.02196437306702137
0046.jpg,Field speedwell,Field speedwell,0.022528477013111115
0047.jpg,Field speedwell,Scrambling speedwell,0.021956222131848335
0048.jpg,Field speedwell,Field speedwell,0.021270275115966797
0049.jpg,Field speedwell,Scrambling speedwell,0.02181330695748329
0050.jpg,Field speedwell,Scrambling speedwell,0.02146216668188572
0051.jpg,Field speedwell,Scrambling speedwell,0.022068597376346588
0052.jpg,Field speedwell,Scrambling speedwell,0.02127150446176529
0053.jpg,Field speedwell,Scrambling speedwell,0.021968325600028038
0054.jpg,Field speedwell,Field speedwell,0.022765012457966805
0055.jpg,Field speedwell,Scrambling speedwell,0.022115975618362427
0056.jpg,Field speedwell,Field speedwell,0.021934323012828827
0057.jpg,Field speedwell,Scrambling speedwell,0.022283310070633888
0058.jpg,Field speedwell,Scrambling speedwell,0.021774254739284515
0059.jpg,Field speedwell,Field speedwell,0.021414291113615036
0060.jpg,Field speedwell,Field speedwell,0.019492967054247856
0061.jpg,Field speedwell,Field speedwell,0.02199587970972061
0062.jpg,Field speedwell,Scrambling speedwell,0.021907402202486992
0063.jpg,Field speedwell,Field speedwell,0.02165311574935913
0064.jpg,Field speedwell,Field speedwell,0.019733186811208725
0065.jpg,Field speedwell,Field speedwell,0.02192269079387188
0066.jpg,Field speedwell,Field speedwell,0.023006560280919075
0067.jpg,Field speedwell,Scrambling speedwell,0.0211532823741436
0068.jpg,Field speedwell,Scrambling speedwell,0.02130202017724514
0069.jpg,Field speedwell,Field speedwell,0.022155482321977615
0070.jpg,Field speedwell,Scrambling speedwell,0.022529099136590958
0071.jpg,Field speedwell,Scrambling speedwell,0.02474086545407772
0072.jpg,Field speedwell,Field speedwell,0.022553686052560806
0073.jpg,Field speedwell,Field speedwell,0.021902447566390038
0074.jpg,Field speedwell,Scrambling speedwell,0.022178608924150467
0075.jpg,Field speedwell,Field speedwell,0.0221878569573164
0076.jpg,Field speedwell,Field speedwell,0.021659953519701958
0077.jpg,Field speedwell,Field speedwell,0.021802136674523354
0078.jpg,Field speedwell,Scrambling speedwell,0.021398359909653664
0079.jpg,Field speedwell,Scrambling speedwell,0.02175053209066391
0080.jpg,Field speedwell,Field speedwell,0.021833430975675583
0081.jpg,Field speedwell,Field speedwell,0.02165498398244381
0082.jpg,Field speedwell,Field speedwell,0.022311287000775337
0083.jpg,Field speedwell,Field speedwell,0.021114133298397064
0084.jpg,Field speedwell,Field speedwell,0.022312253713607788
0085.jpg,Field speedwell,Field speedwell,0.021872028708457947
0086.jpg,Field speedwell,Creeping speedwell,0.024059204384684563
0087.jpg,Field speedwell,Scrambling speedwell,0.021746791899204254
0088.jpg,Field speedwell,Scrambling speedwell,0.017736081033945084
0089.jpg,Field speedwell,Field speedwell,0.023096682503819466
0090.jpg,Field speedwell,Field speedwell,0.022398121654987335
0091.jpg,Field speedwell,Scrambling speedwell,0.021565763279795647
0092.jpg,Field speedwell,Field speedwell,0.02205689065158367
0093.jpg,Field speedwell,Scrambling speedwell,0.021318921819329262
0094.jpg,Field speedwell,Field speedwell,0.02275756746530533
0095.jpg,Field speedwell,Scrambling speedwell,0.02159021608531475
0096.jpg,Field speedwell,Field speedwell,0.021069632843136787
0097.jpg,Field speedwell,Scrambling speedwell,0.02124728448688984
0098.jpg,Field speedwell,Scrambling speedwell,0.02149943821132183
0099.jpg,Field speedwell,Field speedwell,0.02238522842526436
0000.jpg,Galinsoga,Galinsoga,0.03452429920434952
0001.jpg,Galinsoga,Galinsoga,0.034521542489528656
0002.jpg,Galinsoga,Galinsoga,0.03451281040906906
0003.jpg,Galinsoga,Galinsoga,0.03453009948134422
0004.jpg,Galinsoga,Galinsoga,0.034261710941791534
0005.jpg,Galinsoga,Galinsoga,0.03450840339064598
0006.jpg,Galinsoga,Galinsoga,0.03451530262827873
0007.jpg,Galinsoga,Galinsoga,0.03453177213668823
0008.jpg,Galinsoga,Galinsoga,0.034531716257333755
0009.jpg,Galinsoga,Galinsoga,0.03453175351023674
0010.jpg,Galinsoga,Galinsoga,0.03452600538730621
0011.jpg,Galinsoga,Galinsoga,0.032375164330005646
0012.jpg,Galinsoga,Galinsoga,0.034511759877204895
0013.jpg,Galinsoga,Black nightshade,0.020472442731261253
0014.jpg,Galinsoga,Galinsoga,0.03393566608428955
0015.jpg,Galinsoga,Galinsoga,0.034530483186244965
0016.jpg,Galinsoga,Galinsoga,0.03448207303881645
0017.jpg,Galinsoga,Galinsoga,0.03453108295798302
0018.jpg,Galinsoga,Galinsoga,0.03451624512672424
0019.jpg,Galinsoga,Galinsoga,0.034467849880456924
0020.jpg,Galinsoga,Galinsoga,0.034457407891750336
0021.jpg,Galinsoga,Galinsoga,0.03452421352267265
0022.jpg,Galinsoga,Galinsoga,0.03450380265712738
0023.jpg,Galinsoga,Galinsoga,0.03452393785119057
0024.jpg,Galinsoga,Galinsoga,0.03437379375100136
0025.jpg,Galinsoga,Galinsoga,0.03452529385685921
0026.jpg,Galinsoga,Galinsoga,0.03379577770829201
0027.jpg,Galinsoga,Galinsoga,0.03434128314256668
0028.jpg,Galinsoga,Galinsoga,0.034352075308561325
0029.jpg,Galinsoga,Galinsoga,0.034294456243515015
0030.jpg,Galinsoga,Galinsoga,0.03422188386321068
0031.jpg,Galinsoga,Galinsoga,0.03194266930222511
0032.jpg,Galinsoga,Galinsoga,0.03444642201066017
0033.jpg,Galinsoga,Galinsoga,0.03451124578714371
0034.jpg,Galinsoga,Galinsoga,0.034097302705049515
0035.jpg,Galinsoga,Galinsoga,0.03452548757195473
0036.jpg,Galinsoga,Galinsoga,0.0345240980386734
0037.jpg,Galinsoga,Galinsoga,0.03449956700205803
0038.jpg,Galinsoga,Galinsoga,0.03442826122045517
0039.jpg,Galinsoga,Galinsoga,0.034444138407707214
0040.jpg,Galinsoga,Galinsoga,0.03005021996796131
0041.jpg,Galinsoga,Galinsoga,0.03452390432357788
0042.jpg,Galinsoga,Galinsoga,0.034381113946437836
0043.jpg,Galinsoga,Galinsoga,0.032733019441366196
0044.jpg,Galinsoga,Galinsoga,0.034524109214544296
0045.jpg,Galinsoga,Galinsoga,0.03440551459789276
0046.jpg,Galinsoga,Galinsoga,0.03449903056025505
0047.jpg,Galinsoga,Galinsoga,0.03453105315566063
0048.jpg,Galinsoga,Galinsoga,0.0345313623547554
0049.jpg,Galinsoga,Galinsoga,0.03452713415026665
0050.jpg,Galinsoga,Galinsoga,0.032998666167259216
0051.jpg,Galinsoga,Galinsoga,0.03452775627374649
0052.jpg,Galinsoga,Galinsoga,0.03453151881694794
0053.jpg,Galinsoga,Galinsoga,0.03447086364030838
0054.jpg,Galinsoga,Dandelion,0.018318843096494675
0055.jpg,Galinsoga,Galinsoga,0.03452683612704277
0056.jpg,Galinsoga,Galinsoga,0.034501224756240845
0057.jpg,Galinsoga,Galinsoga,0.034522924572229385
0058.jpg,Galinsoga,Galinsoga,0.03383813798427582
0059.jpg,Galinsoga,Galinsoga,0.03414275124669075
0060.jpg,Galinsoga,Galinsoga,0.01898667775094509
0061.jpg,Galinsoga,Galinsoga,0.0344996340572834
0062.jpg,Galinsoga,Galinsoga,0.034466128796339035
0063.jpg,Galinsoga,Galinsoga,0.03452126681804657
0064.jpg,Galinsoga,Turf speedwell,0.023327093571424484
0065.jpg,Galinsoga,Galinsoga,0.03449961170554161
0066.jpg,Galinsoga,Galinsoga,0.03452812135219574
0067.jpg,Galinsoga,Galinsoga,0.034521520137786865
0068.jpg,Galinsoga,Galinsoga,0.03452557325363159
0069.jpg,Galinsoga,Galinsoga,0.03449801728129387
0070.jpg,Galinsoga,Galinsoga,0.03452888876199722
0071.jpg,Galinsoga,Galinsoga,0.034445591270923615
0072.jpg,Galinsoga,Galinsoga,0.03452826663851738
0073.jpg,Galinsoga,Galinsoga,0.03453167900443077
0074.jpg,Galinsoga,Galinsoga,0.03440374881029129
0075.jpg,Galinsoga,Galinsoga,0.034481074661016464
0076.jpg,Galinsoga,Galinsoga,0.0344453901052475
0077.jpg,Galinsoga,Galinsoga,0.03444090485572815
0078.jpg,Galinsoga,Galinsoga,0.03028501756489277
0079.jpg,Galinsoga,Galinsoga,0.025289952754974365
0080.jpg,Galinsoga,Galinsoga,0.03452533483505249
0081.jpg,Galinsoga,Galinsoga,0.029275061562657356
0082.jpg,Galinsoga,Galinsoga,0.034509461373090744
0083.jpg,Galinsoga,Galinsoga,0.03445819392800331
0084.jpg,Galinsoga,Galinsoga,0.03453048691153526
0085.jpg,Galinsoga,Galinsoga,0.034495189785957336
0086.jpg,Galinsoga,Galinsoga,0.03429881110787392
0087.jpg,Galinsoga,Galinsoga,0.034364454448223114
0088.jpg,Galinsoga,Galinsoga,0.028323177248239517
0089.jpg,Galinsoga,Galinsoga,0.03452829271554947
0090.jpg,Galinsoga,Galinsoga,0.034527555108070374
0091.jpg,Galinsoga,Galinsoga,0.03418467193841934
0092.jpg,Galinsoga,Galinsoga,0.03452209755778313
0093.jpg,Galinsoga,Galinsoga,0.034510135650634766
0094.jpg,Galinsoga,Staggerweed,0.016636982560157776
0095.jpg,Galinsoga,Galinsoga,0.03449827805161476
0096.jpg,Galinsoga,Galinsoga,0.03433829918503761
0097.jpg,Galinsoga,Galinsoga,0.03376465290784836
0098.jpg,Galinsoga,Galinsoga,0.0344964973628521
0099.jpg,Galinsoga,Galinsoga,0.03452448919415474
0000.jpg,Giant buttercup,Giant buttercup,0.03421095758676529
0001.jpg,Giant buttercup,Giant buttercup,0.034444231539964676
0002.jpg,Giant buttercup,Giant buttercup,0.033563245087862015
0003.jpg,Giant buttercup,Giant buttercup,0.028833413496613503
0004.jpg,Giant buttercup,Giant buttercup,0.021932711824774742
0005.jpg,Giant buttercup,Giant buttercup,0.034507278352975845
0006.jpg,Giant buttercup,Giant buttercup,0.032189447432756424
0007.jpg,Giant buttercup,Giant buttercup,0.03452718257904053
0008.jpg,Giant buttercup,Giant buttercup,0.03453077748417854
0009.jpg,Giant buttercup,Giant buttercup,0.034523822367191315
0010.jpg,Giant buttercup,Giant buttercup,0.03451460227370262
0011.jpg,Giant buttercup,Blackberry,0.027479680255055428
0012.jpg,Giant buttercup,Giant buttercup,0.0345306396484375
0013.jpg,Giant buttercup,Giant buttercup,0.03260376304388046
0014.jpg,Giant buttercup,Hawkbit,0.01673199236392975
0015.jpg,Giant buttercup,Giant buttercup,0.03450737148523331
0016.jpg,Giant buttercup,Giant buttercup,0.03453109785914421
0017.jpg,Giant buttercup,Daisy,0.03316251561045647
0018.jpg,Giant buttercup,Giant buttercup,0.03443124145269394
0019.jpg,Giant buttercup,Giant buttercup,0.03450515493750572
0020.jpg,Giant buttercup,Giant buttercup,0.03438212350010872
0021.jpg,Giant buttercup,Giant buttercup,0.03443170338869095
0022.jpg,Giant buttercup,Giant buttercup,0.03452921286225319
0023.jpg,Giant buttercup,Giant buttercup,0.034518931061029434
0024.jpg,Giant buttercup,Giant buttercup,0.03438754752278328
0025.jpg,Giant buttercup,Giant buttercup,0.03452339768409729
0026.jpg,Giant buttercup,Giant buttercup,0.03450431674718857
0027.jpg,Giant buttercup,Creeping buttercup,0.023369858041405678
0028.jpg,Giant buttercup,Giant buttercup,0.026087751612067223
0029.jpg,Giant buttercup,Giant buttercup,0.03453162685036659
0030.jpg,Giant buttercup,Giant buttercup,0.03447631374001503
0031.jpg,Giant buttercup,Giant buttercup,0.03452648967504501
0032.jpg,Giant buttercup,Giant buttercup,0.034435272216796875
0033.jpg,Giant buttercup,Giant buttercup,0.03450252488255501
0034.jpg,Giant buttercup,Giant buttercup,0.03449861705303192
0035.jpg,Giant buttercup,Giant buttercup,0.03391722962260246
0036.jpg,Giant buttercup,Giant buttercup,0.03451379016041756
0037.jpg,Giant buttercup,Giant buttercup,0.03452685847878456
0038.jpg,Giant buttercup,Giant buttercup,0.034427013248205185
0039.jpg,Giant buttercup,Giant buttercup,0.0345301516354084
0040.jpg,Giant buttercup,Giant buttercup,0.034527041018009186
0041.jpg,Giant buttercup,Giant buttercup,0.034501951187849045
0042.jpg,Giant buttercup,Giant buttercup,0.03452109917998314
0043.jpg,Giant buttercup,Giant buttercup,0.03452350199222565
0044.jpg,Giant buttercup,Giant buttercup,0.03453048691153526
0045.jpg,Giant buttercup,Giant buttercup,0.034529026597738266
0046.jpg,Giant buttercup,Giant buttercup,0.03452267870306969
0047.jpg,Giant buttercup,Giant buttercup,0.034529201686382294
0048.jpg,Giant buttercup,Giant buttercup,0.03450806811451912
0049.jpg,Giant buttercup,Giant buttercup,0.03418438136577606
0050.jpg,Giant buttercup,Giant buttercup,0.03424815833568573
0051.jpg,Giant buttercup,Giant buttercup,0.03453134000301361
0052.jpg,Giant buttercup,Giant buttercup,0.0342765748500824
0053.jpg,Giant buttercup,Giant buttercup,0.03449827432632446
0054.jpg,Giant buttercup,Creeping buttercup,0.030025579035282135
0055.jpg,Giant buttercup,Giant buttercup,0.034529220312833786
0056.jpg,Giant buttercup,Oxeye daisy,0.024692632257938385
0057.jpg,Giant buttercup,Giant buttercup,0.03447754681110382
0058.jpg,Giant buttercup,Giant buttercup,0.028367310762405396
0059.jpg,Giant buttercup,Giant buttercup,0.03440694883465767
0060.jpg,Giant buttercup,Giant buttercup,0.03450217470526695
0061.jpg,Giant buttercup,Giant buttercup,0.034520406275987625
0062.jpg,Giant buttercup,Giant buttercup,0.03444117680191994
0063.jpg,Giant buttercup,Giant buttercup,0.034409575164318085
0064.jpg,Giant buttercup,Groundsel,0.02013324946165085
0065.jpg,Giant buttercup,Giant buttercup,0.03452903777360916
0066.jpg,Giant buttercup,Giant buttercup,0.03442021831870079
0067.jpg,Giant buttercup,Giant buttercup,0.03453175723552704
0068.jpg,Giant buttercup,Giant buttercup,0.03448265418410301
0069.jpg,Giant buttercup,Giant buttercup,0.03450270742177963
0070.jpg,Giant buttercup,Giant buttercup,0.03452642261981964
0071.jpg,Giant buttercup,Giant buttercup,0.034510668367147446
0072.jpg,Giant buttercup,Giant buttercup,0.03449946641921997
0073.jpg,Giant buttercup,Giant buttercup,0.03452900052070618
0074.jpg,Giant buttercup,Giant buttercup,0.03436720371246338
0075.jpg,Giant buttercup,Tradescantia,0.017995692789554596
0076.jpg,Giant buttercup,Giant buttercup,0.029300631955266
0077.jpg,Giant buttercup,Giant buttercup,0.03445607051253319
0078.jpg,Giant buttercup,Giant buttercup,0.029223572462797165
0079.jpg,Giant buttercup,Giant buttercup,0.034318771213293076
0080.jpg,Giant buttercup,Giant buttercup,0.03453102335333824
0081.jpg,Giant buttercup,Giant buttercup,0.03452972695231438
0082.jpg,Giant buttercup,Giant buttercup,0.034491006284952164
0083.jpg,Giant buttercup,Giant buttercup,0.034530285745859146
0084.jpg,Giant buttercup,Giant buttercup,0.034529950469732285
0085.jpg,Giant buttercup,Giant buttercup,0.0345258004963398
0086.jpg,Giant buttercup,Creeping buttercup,0.030667785555124283
0087.jpg,Giant buttercup,Giant buttercup,0.0345260351896286
0088.jpg,Giant buttercup,Giant buttercup,0.034513600170612335
0089.jpg,Giant buttercup,Giant buttercup,0.03451569750905037
0090.jpg,Giant buttercup,Giant buttercup,0.03452921286225319
0091.jpg,Giant buttercup,Giant buttercup,0.03453047201037407
0092.jpg,Giant buttercup,Giant buttercup,0.03419079631567001
0093.jpg,Giant buttercup,Giant buttercup,0.03435128927230835
0094.jpg,Giant buttercup,Gorse,0.018309159204363823
0095.jpg,Giant buttercup,Giant buttercup,0.033300094306468964
0096.jpg,Giant buttercup,Creeping buttercup,0.024210359901189804
0097.jpg,Giant buttercup,Giant buttercup,0.027570998296141624
0098.jpg,Giant buttercup,Giant buttercup,0.034515347331762314
0099.jpg,Giant buttercup,Giant buttercup,0.03434457257390022
0000.jpg,Gorse,Gorse,0.034531138837337494
0001.jpg,Gorse,Gorse,0.034522633999586105
0002.jpg,Gorse,Gorse,0.034522563219070435
0003.jpg,Gorse,Gorse,0.03437652811408043
0004.jpg,Gorse,Gorse,0.03262494504451752
0005.jpg,Gorse,Gorse,0.034522633999586105
0006.jpg,Gorse,Gorse,0.0345059372484684
0007.jpg,Gorse,Gorse,0.034530624747276306
0008.jpg,Gorse,Gorse,0.03452610969543457
0009.jpg,Gorse,Gorse,0.03452391177415848
0010.jpg,Gorse,Gorse,0.03451218456029892
0011.jpg,Gorse,Tauhinu,0.03220737725496292
0012.jpg,Gorse,Gorse,0.034525688737630844
0013.jpg,Gorse,Gorse,0.022651854902505875
0014.jpg,Gorse,Gorse,0.030913688242435455
0015.jpg,Gorse,Gorse,0.03440634906291962
0016.jpg,Gorse,Gorse,0.03327641636133194
0017.jpg,Gorse,Gorse,0.03452680632472038
0018.jpg,Gorse,Gorse,0.03448306769132614
0019.jpg,Gorse,Gorse,0.03438181057572365
0020.jpg,Gorse,Gorse,0.033605605363845825
0021.jpg,Gorse,Gorse,0.03046320378780365
0022.jpg,Gorse,Gorse,0.03447336331009865
0023.jpg,Gorse,Gorse,0.03452864661812782
0024.jpg,Gorse,Gorse,0.034487247467041016
0025.jpg,Gorse,Gorse,0.034498538821935654
0026.jpg,Gorse,Gorse,0.03448497876524925
0027.jpg,Gorse,Gorse,0.027613801881670952
0028.jpg,Gorse,Gorse,0.030559256672859192
0029.jpg,Gorse,Wild turnip,0.020234277471899986
0030.jpg,Gorse,Gorse,0.03439434617757797
0031.jpg,Gorse,Gorse,0.03447290137410164
0032.jpg,Gorse,Gorse,0.03320566192269325
0033.jpg,Gorse,Gorse,0.03449726104736328
0034.jpg,Gorse,Gorse,0.03452490642666817
0035.jpg,Gorse,Gorse,0.034030064940452576
0036.jpg,Gorse,Gorse,0.03453105315566063
0037.jpg,Gorse,Gorse,0.03442257642745972
0038.jpg,Gorse,Gorse,0.03452039510011673
0039.jpg,Gorse,Gorse,0.03448422998189926
0040.jpg,Gorse,Gorse,0.033924251794815063
0041.jpg,Gorse,Gorse,0.03383491560816765
0042.jpg,Gorse,Gorse,0.03453109785914421
0043.jpg,Gorse,Gorse,0.03452910855412483
0044.jpg,Gorse,Gorse,0.034497618675231934
0045.jpg,Gorse,Gorse,0.03271657973527908
0046.jpg,Gorse,Gorse,0.03452368080615997
0047.jpg,Gorse,Gorse,0.0344436839222908
0048.jpg,Gorse,Gorse,0.03452088311314583
0049.jpg,Gorse,Gorse,0.03248581662774086
0050.jpg,Gorse,Gorse,0.03450046852231026
0051.jpg,Gorse,Gorse,0.03440268337726593
0052.jpg,Gorse,Gorse,0.03448636084794998
0053.jpg,Gorse,Gorse,0.03434233367443085
0054.jpg,Gorse,Couch,0.020843373611569405
0055.jpg,Gorse,Gorse,0.03451983258128166
0056.jpg,Gorse,Gorse,0.03442234545946121
0057.jpg,Gorse,Gorse,0.03445768356323242
0058.jpg,Gorse,Gorse,0.034495942294597626
0059.jpg,Gorse,Gorse,0.034529365599155426
0060.jpg,Gorse,Gorse,0.0342722125351429
0061.jpg,Gorse,Gorse,0.033677130937576294
0062.jpg,Gorse,Gorse,0.034469928592443466
0063.jpg,Gorse,Gorse,0.034516893327236176
0064.jpg,Gorse,Gorse,0.03437134250998497
0065.jpg,Gorse,Gorse,0.03442347049713135
0066.jpg,Gorse,Gorse,0.03386653587222099
0067.jpg,Gorse,Gorse,0.03450949862599373
0068.jpg,Gorse,Gorse,0.034505438059568405
0069.jpg,Gorse,Gorse,0.03452981635928154
0070.jpg,Gorse,Gorse,0.034483667463064194
0071.jpg,Gorse,Gorse,0.03235762193799019
0072.jpg,Gorse,Gorse,0.034469179809093475
0073.jpg,Gorse,Gorse,0.034531403332948685
0074.jpg,Gorse,Gorse,0.03344827517867088
0075.jpg,Gorse,Gorse,0.034522101283073425
0076.jpg,Gorse,Gorse,0.034531451761722565
0077.jpg,Gorse,Gorse,0.03453100845217705
0078.jpg,Gorse,Gorse,0.03444429859519005
0079.jpg,Gorse,Gorse,0.034426379948854446
0080.jpg,Gorse,Gorse,0.03453027084469795
0081.jpg,Gorse,Gorse,0.034516122192144394
0082.jpg,Gorse,Gorse,0.0343981496989727
0083.jpg,Gorse,Gorse,0.03421827033162117
0084.jpg,Gorse,Gorse,0.0345303937792778
0085.jpg,Gorse,Gorse,0.03428942337632179
0086.jpg,Gorse,Gorse,0.03167671337723732
0087.jpg,Gorse,Gorse,0.033776044845581055
0088.jpg,Gorse,Gorse,0.019389603286981583
0089.jpg,Gorse,Gorse,0.03442879021167755
0090.jpg,Gorse,Gorse,0.03446071222424507
0091.jpg,Gorse,Gorse,0.03452616557478905
0092.jpg,Gorse,Gorse,0.03450557217001915
0093.jpg,Gorse,Gorse,0.03399837762117386
0094.jpg,Gorse,Gorse,0.0326053611934185
0095.jpg,Gorse,Gorse,0.03427506983280182
0096.jpg,Gorse,Gorse,0.034483879804611206
0097.jpg,Gorse,Gorse,0.03451123833656311
0098.jpg,Gorse,Gorse,0.033483002334833145
0099.jpg,Gorse,Gorse,0.03298957645893097
0000.jpg,Great bindweed,Great bindweed,0.03452808037400246
0001.jpg,Great bindweed,Great bindweed,0.03453069180250168
0002.jpg,Great bindweed,Great bindweed,0.03451830893754959
0003.jpg,Great bindweed,Great bindweed,0.03453066200017929
0004.jpg,Great bindweed,Black nightshade,0.027741344645619392
0005.jpg,Great bindweed,Great bindweed,0.03451818972826004
0006.jpg,Great bindweed,Great bindweed,0.03449204936623573
0007.jpg,Great bindweed,Great bindweed,0.03452980890870094
0008.jpg,Great bindweed,Great bindweed,0.03452374041080475
0009.jpg,Great bindweed,Great bindweed,0.03453167527914047
0010.jpg,Great bindweed,Great bindweed,0.03450018912553787
0011.jpg,Great bindweed,Great bindweed,0.03452390432357788
0012.jpg,Great bindweed,Great bindweed,0.034515175968408585
0013.jpg,Great bindweed,Great bindweed,0.03453098237514496
0014.jpg,Great bindweed,Great bindweed,0.03451821953058243
0015.jpg,Great bindweed,Great bindweed,0.034531526267528534
0016.jpg,Great bindweed,Great bindweed,0.03453054279088974
0017.jpg,Great bindweed,Great bindweed,0.03449993580579758
0018.jpg,Great bindweed,Great bindweed,0.034483734518289566
0019.jpg,Great bindweed,Great bindweed,0.034528154879808426
0020.jpg,Great bindweed,Great bindweed,0.03453109785914421
0021.jpg,Great bindweed,Great bindweed,0.03452734649181366
0022.jpg,Great bindweed,Great bindweed,0.03453175723552704
0023.jpg,Great bindweed,Great bindweed,0.03441271558403969
0024.jpg,Great bindweed,Great bindweed,0.03452758118510246
0025.jpg,Great bindweed,Great bindweed,0.03452904894948006
0026.jpg,Great bindweed,Great bindweed,0.03452257812023163
0027.jpg,Great bindweed,Great bindweed,0.03449906036257744
0028.jpg,Great bindweed,Great bindweed,0.034531619399785995
0029.jpg,Great bindweed,Great bindweed,0.033308859914541245
0030.jpg,Great bindweed,Great bindweed,0.0333528108894825
0031.jpg,Great bindweed,Great bindweed,0.03449409455060959
0032.jpg,Great bindweed,Great bindweed,0.034531231969594955
0033.jpg,Great bindweed,Great bindweed,0.03453122824430466
0034.jpg,Great bindweed,Great bindweed,0.0345306396484375
0035.jpg,Great bindweed,Great bindweed,0.03450837358832359
0036.jpg,Great bindweed,Great bindweed,0.03452986851334572
0037.jpg,Great bindweed,Great bindweed,0.034530963748693466
0038.jpg,Great bindweed,Great bindweed,0.03439715504646301
0039.jpg,Great bindweed,Great bindweed,0.03431311249732971
0040.jpg,Great bindweed,Great bindweed,0.034530214965343475
0041.jpg,Great bindweed,Great bindweed,0.03419114649295807
0042.jpg,Great bindweed,Great bindweed,0.0345316007733345
0043.jpg,Great bindweed,Great bindweed,0.034525707364082336
0044.jpg,Great bindweed,Great bindweed,0.0345022939145565
0045.jpg,Great bindweed,Great bindweed,0.03448174148797989
0046.jpg,Great bindweed,Great bindweed,0.034530382603406906
0047.jpg,Great bindweed,Great bindweed,0.03453046455979347
0048.jpg,Great bindweed,Great bindweed,0.03452862426638603
0049.jpg,Great bindweed,Great bindweed,0.03453134372830391
0050.jpg,Great bindweed,Great bindweed,0.03453176096081734
0051.jpg,Great bindweed,Great bindweed,0.03452298417687416
0052.jpg,Great bindweed,Great bindweed,0.0345231294631958
0053.jpg,Great bindweed,Great bindweed,0.0345303937792778
0054.jpg,Great bindweed,Hawksbeard,0.021885573863983154
0055.jpg,Great bindweed,Great bindweed,0.034529052674770355
0056.jpg,Great bindweed,Great bindweed,0.03453177213668823
0057.jpg,Great bindweed,Great bindweed,0.03453155979514122
0058.jpg,Great bindweed,Great bindweed,0.03452790156006813
0059.jpg,Great bindweed,Great bindweed,0.034531526267528534
0060.jpg,Great bindweed,Great bindweed,0.03450519219040871
0061.jpg,Great bindweed,Great bindweed,0.03453146293759346
0062.jpg,Great bindweed,Great bindweed,0.034514814615249634
0063.jpg,Great bindweed,Great bindweed,0.034514401108026505
0064.jpg,Great bindweed,Great bindweed,0.03445084020495415
0065.jpg,Great bindweed,Great bindweed,0.034531671553850174
0066.jpg,Great bindweed,Great bindweed,0.03452485054731369
0067.jpg,Great bindweed,Great bindweed,0.0345257930457592
0068.jpg,Great bindweed,Great bindweed,0.034530311822891235
0069.jpg,Great bindweed,Great bindweed,0.0301022008061409
0070.jpg,Great bindweed,Great bindweed,0.03451531007885933
0071.jpg,Great bindweed,Great bindweed,0.03453175351023674
0072.jpg,Great bindweed,Great bindweed,0.03453174978494644
0073.jpg,Great bindweed,Great bindweed,0.03453034535050392
0074.jpg,Great bindweed,Great bindweed,0.03452572226524353
0075.jpg,Great bindweed,Great bindweed,0.03397301584482193
0076.jpg,Great bindweed,Great bindweed,0.034519925713539124
0077.jpg,Great bindweed,Great bindweed,0.03453131020069122
0078.jpg,Great bindweed,Great bindweed,0.03452632948756218
0079.jpg,Great bindweed,Great bindweed,0.03453077748417854
0080.jpg,Great bindweed,Great bindweed,0.03452201932668686
0081.jpg,Great bindweed,Great bindweed,0.03441041335463524
0082.jpg,Great bindweed,Great bindweed,0.03453162685036659
0083.jpg,Great bindweed,Great bindweed,0.03444157540798187
0084.jpg,Great bindweed,Great bindweed,0.034526627510786057
0085.jpg,Great bindweed,Great bindweed,0.03447382524609566
0086.jpg,Great bindweed,Great bindweed,0.034529902040958405
0087.jpg,Great bindweed,Great bindweed,0.034530915319919586
0088.jpg,Great bindweed,Ivy,0.019906343892216682
0089.jpg,Great bindweed,Great bindweed,0.03207888454198837
0090.jpg,Great bindweed,Great bindweed,0.034525688737630844
0091.jpg,Great bindweed,Great bindweed,0.03452282026410103
0092.jpg,Great bindweed,Great bindweed,0.034460294991731644
0093.jpg,Great bindweed,Great bindweed,0.03453175723552704
0094.jpg,Great bindweed,Great bindweed,0.03453078493475914
0095.jpg,Great bindweed,Great bindweed,0.03453008458018303
0096.jpg,Great bindweed,Great bindweed,0.03453018143773079
0097.jpg,Great bindweed,Paspalum,0.01855522394180298
0098.jpg,Great bindweed,Great bindweed,0.034480322152376175
0099.jpg,Great bindweed,Great bindweed,0.03453176096081734
0000.jpg,Groundsel,Groundsel,0.0331810787320137
0001.jpg,Groundsel,Groundsel,0.03429500386118889
0002.jpg,Groundsel,Groundsel,0.03452217951416969
0003.jpg,Groundsel,Daisy,0.033548757433891296
0004.jpg,Groundsel,Daisy,0.02462904341518879
0005.jpg,Groundsel,Daisy,0.021459246054291725
0006.jpg,Groundsel,Daisy,0.023754101246595383
0007.jpg,Groundsel,Daisy,0.024294504895806313
0008.jpg,Groundsel,Daisy,0.025102104991674423
0009.jpg,Groundsel,Groundsel,0.02630406618118286
0010.jpg,Groundsel,Groundsel,0.025802429765462875
0011.jpg,Groundsel,Ragwort,0.034209128469228745
0012.jpg,Groundsel,Groundsel,0.03423857316374779
0013.jpg,Groundsel,Groundsel,0.01933177188038826
0014.jpg,Groundsel,Broad-leaved dock,0.03444882109761238
0015.jpg,Groundsel,Groundsel,0.034412771463394165
0016.jpg,Groundsel,Groundsel,0.03412686288356781
0017.jpg,Groundsel,Yarrow,0.03273681923747063
0018.jpg,Groundsel,Groundsel,0.034124139696359634
0019.jpg,Groundsel,Groundsel,0.021193312481045723
0020.jpg,Groundsel,Groundsel,0.03420576453208923
0021.jpg,Groundsel,Groundsel,0.03436506539583206
0022.jpg,Groundsel,Groundsel,0.0345061831176281
0023.jpg,Groundsel,Groundsel,0.03447331488132477
0024.jpg,Groundsel,Groundsel,0.034324027597904205
0025.jpg,Groundsel,Ragwort,0.024654565379023552
0026.jpg,Groundsel,Groundsel,0.034420665353536606
0027.jpg,Groundsel,Wild turnip,0.02395915798842907
0028.jpg,Groundsel,Ragwort,0.03445420786738396
0029.jpg,Groundsel,Ragwort,0.03452179953455925
0030.jpg,Groundsel,Groundsel,0.0240879338234663
0031.jpg,Groundsel,Groundsel,0.02812250889837742
0032.jpg,Groundsel,Groundsel,0.03446795418858528
0033.jpg,Groundsel,Groundsel,0.03452424705028534
0034.jpg,Groundsel,Groundsel,0.022402873262763023
0035.jpg,Groundsel,Mouse-ear hawkweed,0.02126760222017765
0036.jpg,Groundsel,Groundsel,0.03437701240181923
0037.jpg,Groundsel,Ragwort,0.02341115102171898
0038.jpg,Groundsel,Ragwort,0.02368703857064247
0039.jpg,Groundsel,Groundsel,0.03446432203054428
0040.jpg,Groundsel,Groundsel,0.03319874405860901
0041.jpg,Groundsel,Groundsel,0.03449187055230141
0042.jpg,Groundsel,Groundsel,0.0219738632440567
0043.jpg,Groundsel,Groundsel,0.03440656512975693
0044.jpg,Groundsel,Groundsel,0.03448167070746422
0045.jpg,Groundsel,Groundsel,0.03424908593297005
0046.jpg,Groundsel,Groundsel,0.034481409937143326
0047.jpg,Groundsel,Ragwort,0.022410152480006218
0048.jpg,Groundsel,Groundsel,0.02805776707828045
0049.jpg,Groundsel,Groundsel,0.021518755704164505
0050.jpg,Groundsel,Groundsel,0.034317079931497574
0051.jpg,Groundsel,Groundsel,0.03413591906428337
0052.jpg,Groundsel,Groundsel,0.034425266087055206
0053.jpg,Groundsel,Groundsel,0.034179024398326874
0054.jpg,Groundsel,Ivy,0.023248204961419106
0055.jpg,Groundsel,Ragwort,0.022275781258940697
0056.jpg,Groundsel,Groundsel,0.03388557210564613
0057.jpg,Groundsel,Ragwort,0.02527456358075142
0058.jpg,Groundsel,Groundsel,0.021860701963305473
0059.jpg,Groundsel,Ragwort,0.022335277870297432
0060.jpg,Groundsel,Groundsel,0.0337156318128109
0061.jpg,Groundsel,Groundsel,0.03269224241375923
0062.jpg,Groundsel,Groundsel,0.03336401283740997
0063.jpg,Groundsel,Groundsel,0.026878826320171356
0064.jpg,Groundsel,Groundsel,0.027407091110944748
0065.jpg,Groundsel,Ragwort,0.02509855106472969
0066.jpg,Groundsel,Groundsel,0.03432714194059372
0067.jpg,Groundsel,Groundsel,0.03443697467446327
0068.jpg,Groundsel,Groundsel,0.03451398015022278
0069.jpg,Groundsel,Ragwort,0.02742406167089939
0070.jpg,Groundsel,Ragwort,0.021953994408249855
0071.jpg,Groundsel,Groundsel,0.033549126237630844
0072.jpg,Groundsel,Groundsel,0.03280635550618172
0073.jpg,Groundsel,Groundsel,0.032051075249910355
0074.jpg,Groundsel,Groundsel,0.029482876881957054
0075.jpg,Groundsel,Bracken,0.01851380243897438
0076.jpg,Groundsel,Groundsel,0.03421537205576897
0077.jpg,Groundsel,Groundsel,0.03409919515252113
0078.jpg,Groundsel,Groundsel,0.03448443114757538
0079.jpg,Groundsel,Groundsel,0.03406648710370064
0080.jpg,Groundsel,Groundsel,0.030233677476644516
0081.jpg,Groundsel,Oxeye daisy,0.018577663227915764
0082.jpg,Groundsel,Groundsel,0.0338292196393013
0083.jpg,Groundsel,Groundsel,0.024496568366885185
0084.jpg,Groundsel,Ragwort,0.025647524744272232
0085.jpg,Groundsel,Groundsel,0.03442377224564552
0086.jpg,Groundsel,Groundsel,0.029770396649837494
0087.jpg,Groundsel,Groundsel,0.034241754561662674
0088.jpg,Groundsel,Groundsel,0.03358752280473709
0089.jpg,Groundsel,Ragwort,0.03253136947751045
0090.jpg,Groundsel,Groundsel,0.025391964241862297
0091.jpg,Groundsel,Groundsel,0.0341714471578598
0092.jpg,Groundsel,Groundsel,0.034133180975914
0093.jpg,Groundsel,Groundsel,0.03360382094979286
0094.jpg,Groundsel,Daisy,0.029494458809494972
0095.jpg,Groundsel,Ragwort,0.023037871345877647
0096.jpg,Groundsel,Groundsel,0.034297626465559006
0097.jpg,Groundsel,Dandelion,0.026472151279449463
0098.jpg,Groundsel,Groundsel,0.03265004605054855
0099.jpg,Groundsel,Groundsel,0.03299596533179283
0000.jpg,Hairy buttercup,Hairy buttercup,0.034529805183410645
0001.jpg,Hairy buttercup,Hairy buttercup,0.03452650085091591
0002.jpg,Hairy buttercup,Hairy buttercup,0.034497275948524475
0003.jpg,Hairy buttercup,Wild turnip,0.030919639393687248
0004.jpg,Hairy buttercup,Wild turnip,0.030436798930168152
0005.jpg,Hairy buttercup,Hairy buttercup,0.03452951833605766
0006.jpg,Hairy buttercup,Hairy buttercup,0.0341951809823513
0007.jpg,Hairy buttercup,Hairy buttercup,0.0341336689889431
0008.jpg,Hairy buttercup,Hairy buttercup,0.03420253470540047
0009.jpg,Hairy buttercup,Hairy buttercup,0.03444007411599159
0010.jpg,Hairy buttercup,Hairy buttercup,0.034528207033872604
0011.jpg,Hairy buttercup,Giant buttercup,0.032128848135471344
0012.jpg,Hairy buttercup,Hairy buttercup,0.03453109785914421
0013.jpg,Hairy buttercup,Creeping buttercup,0.015344079583883286
0014.jpg,Hairy buttercup,Sweet brier,0.019094787538051605
0015.jpg,Hairy buttercup,Hairy buttercup,0.03441065177321434
0016.jpg,Hairy buttercup,Hairy buttercup,0.0344664491713047
0017.jpg,Hairy buttercup,Hairy buttercup,0.034474339336156845
0018.jpg,Hairy buttercup,Hairy buttercup,0.03452949970960617
0019.jpg,Hairy buttercup,Hairy buttercup,0.034482937306165695
0020.jpg,Hairy buttercup,Hairy buttercup,0.03451003134250641
0021.jpg,Hairy buttercup,Hairy buttercup,0.034212447702884674
0022.jpg,Hairy buttercup,Hairy buttercup,0.0345228835940361
0023.jpg,Hairy buttercup,Hairy buttercup,0.03452904522418976
0024.jpg,Hairy buttercup,Hairy buttercup,0.03445464000105858
0025.jpg,Hairy buttercup,Hairy buttercup,0.03451889380812645
0026.jpg,Hairy buttercup,Hairy buttercup,0.0345291905105114
0027.jpg,Hairy buttercup,Hairy buttercup,0.025545647367835045
0028.jpg,Hairy buttercup,Giant buttercup,0.023654107004404068
0029.jpg,Hairy buttercup,Wild turnip,0.021900661289691925
0030.jpg,Hairy buttercup,Hairy buttercup,0.0344502218067646
0031.jpg,Hairy buttercup,Hairy buttercup,0.0344502218067646
0032.jpg,Hairy buttercup,Hairy buttercup,0.03448352962732315
0033.jpg,Hairy buttercup,Hairy buttercup,0.034526508301496506
0034.jpg,Hairy buttercup,Hairy buttercup,0.03436858579516411
0035.jpg,Hairy buttercup,Hairy buttercup,0.03217724338173866
0036.jpg,Hairy buttercup,Hairy buttercup,0.034405577927827835
0037.jpg,Hairy buttercup,Hairy buttercup,0.034477487206459045
0038.jpg,Hairy buttercup,Hairy buttercup,0.034020666033029556
0039.jpg,Hairy buttercup,Hairy buttercup,0.03429523482918739
0040.jpg,Hairy buttercup,Hairy buttercup,0.03443712741136551
0041.jpg,Hairy buttercup,Hairy buttercup,0.03450826182961464
0042.jpg,Hairy buttercup,Hairy buttercup,0.034530047327280045
0043.jpg,Hairy buttercup,Hairy buttercup,0.03412439674139023
0044.jpg,Hairy buttercup,Hairy buttercup,0.03435738384723663
0045.jpg,Hairy buttercup,Hairy buttercup,0.03452702611684799
0046.jpg,Hairy buttercup,Hairy buttercup,0.034528471529483795
0047.jpg,Hairy buttercup,Hairy buttercup,0.0345299206674099
0048.jpg,Hairy buttercup,Hairy buttercup,0.03452904894948006
0049.jpg,Hairy buttercup,Hairy buttercup,0.034528329968452454
0050.jpg,Hairy buttercup,Hairy buttercup,0.033302318304777145
0051.jpg,Hairy buttercup,Hairy buttercup,0.027741605415940285
0052.jpg,Hairy buttercup,Hairy buttercup,0.034518882632255554
0053.jpg,Hairy buttercup,Hairy buttercup,0.034522492438554764
0054.jpg,Hairy buttercup,Hairy buttercup,0.03451519459486008
0055.jpg,Hairy buttercup,Hairy buttercup,0.03452862426638603
0056.jpg,Hairy buttercup,Hairy buttercup,0.03387173265218735
0057.jpg,Hairy buttercup,Hairy buttercup,0.0344199538230896
0058.jpg,Hairy buttercup,Hairy buttercup,0.03449726477265358
0059.jpg,Hairy buttercup,Hairy buttercup,0.03439678996801376
0060.jpg,Hairy buttercup,Hairy buttercup,0.0344199538230896
0061.jpg,Hairy buttercup,Hairy buttercup,0.034505076706409454
0062.jpg,Hairy buttercup,Hairy buttercup,0.03445032238960266
0063.jpg,Hairy buttercup,Hairy buttercup,0.03447648882865906
0064.jpg,Hairy buttercup,Hairy buttercup,0.033894699066877365
0065.jpg,Hairy buttercup,Hairy buttercup,0.03443346545100212
0066.jpg,Hairy buttercup,Hairy buttercup,0.03452497348189354
0067.jpg,Hairy buttercup,Hairy buttercup,0.03453176096081734
0068.jpg,Hairy buttercup,Hairy buttercup,0.034531671553850174
0069.jpg,Hairy buttercup,Hairy buttercup,0.03443986549973488
0070.jpg,Hairy buttercup,Hairy buttercup,0.03452548012137413
0071.jpg,Hairy buttercup,Hairy buttercup,0.03452776372432709
0072.jpg,Hairy buttercup,Hairy buttercup,0.034527864307165146
0073.jpg,Hairy buttercup,Hairy buttercup,0.03451698273420334
0074.jpg,Hairy buttercup,Hairy buttercup,0.034434109926223755
0075.jpg,Hairy buttercup,Wild turnip,0.02956482768058777
0076.jpg,Hairy buttercup,Hairy buttercup,0.03452904894948006
0077.jpg,Hairy buttercup,Hairy buttercup,0.03451092913746834
0078.jpg,Hairy buttercup,Hairy buttercup,0.03453058749437332
0079.jpg,Hairy buttercup,Hairy buttercup,0.03387054055929184
0080.jpg,Hairy buttercup,Hairy buttercup,0.034498658031225204
0081.jpg,Hairy buttercup,Hairy buttercup,0.034385014325380325
0082.jpg,Hairy buttercup,Hairy buttercup,0.03373822197318077
0083.jpg,Hairy buttercup,Hairy buttercup,0.034517452120780945
0084.jpg,Hairy buttercup,Hairy buttercup,0.03444147855043411
0085.jpg,Hairy buttercup,Hairy buttercup,0.03453019633889198
0086.jpg,Hairy buttercup,Suckling clover,0.02565956860780716
0087.jpg,Hairy buttercup,Hairy buttercup,0.034529831260442734
0088.jpg,Hairy buttercup,Hairy buttercup,0.03453101962804794
0089.jpg,Hairy buttercup,Hairy buttercup,0.03453114256262779
0090.jpg,Hairy buttercup,Hairy buttercup,0.03449773043394089
0091.jpg,Hairy buttercup,Hairy buttercup,0.03388303518295288
0092.jpg,Hairy buttercup,Hairy buttercup,0.03451415151357651
0093.jpg,Hairy buttercup,Hairy buttercup,0.03443007171154022
0094.jpg,Hairy buttercup,Pink shamrock,0.020284513011574745
0095.jpg,Hairy buttercup,Hairy buttercup,0.034347210079431534
0096.jpg,Hairy buttercup,Hairy buttercup,0.03448644280433655
0097.jpg,Hairy buttercup,Creeping buttercup,0.027729911729693413
0098.jpg,Hairy buttercup,Hairy buttercup,0.03448280319571495
0099.jpg,Hairy buttercup,Hairy buttercup,0.034252386540174484
0000.jpg,Hawkbit,Hawkbit,0.03117864951491356
0001.jpg,Hawkbit,Hawkbit,0.03209589421749115
0002.jpg,Hawkbit,Dandelion,0.02144675701856613
0003.jpg,Hawkbit,Dandelion,0.030824502930045128
0004.jpg,Hawkbit,Dandelion,0.032753411680459976
0005.jpg,Hawkbit,Hawkbit,0.020708169788122177
0006.jpg,Hawkbit,Hawkbit,0.025999058037996292
0007.jpg,Hawkbit,Hawkbit,0.029667068272829056
0008.jpg,Hawkbit,Hawkbit,0.02475113980472088
0009.jpg,Hawkbit,Hawkbit,0.03213344141840935
0010.jpg,Hawkbit,Catsear,0.021784652024507523
0011.jpg,Hawkbit,Dandelion,0.02109147422015667
0012.jpg,Hawkbit,Hawkbit,0.020972484722733498
0013.jpg,Hawkbit,Narrow-leaved plantain,0.027105577290058136
0014.jpg,Hawkbit,Catsear,0.028987452387809753
0015.jpg,Hawkbit,Hawkbit,0.022092923521995544
0016.jpg,Hawkbit,Catsear,0.023952264338731766
0017.jpg,Hawkbit,Catsear,0.03407387062907219
0018.jpg,Hawkbit,Hawkbit,0.023161042481660843
0019.jpg,Hawkbit,Hawkbit,0.034100789576768875
0020.jpg,Hawkbit,Hawkbit,0.02266528084874153
0021.jpg,Hawkbit,Hawkbit,0.033854611217975616
0022.jpg,Hawkbit,Hawkbit,0.02266528084874153
0023.jpg,Hawkbit,Hawkbit,0.03386622294783592
0024.jpg,Hawkbit,Hawkbit,0.034099891781806946
0025.jpg,Hawkbit,Hawkbit,0.033033713698387146
0026.jpg,Hawkbit,Hawkbit,0.03448208421468735
0027.jpg,Hawkbit,Catsear,0.029757896438241005
0028.jpg,Hawkbit,Catsear,0.02111164666712284
0029.jpg,Hawkbit,Great bindweed,0.028132053092122078
0030.jpg,Hawkbit,Hawkbit,0.03383031487464905
0031.jpg,Hawkbit,Winged thistle,0.020517712458968163
0032.jpg,Hawkbit,Hawkbit,0.03450482338666916
0033.jpg,Hawkbit,Hawkbit,0.030023079365491867
0034.jpg,Hawkbit,Hawkbit,0.033100880682468414
0035.jpg,Hawkbit,Mouse-ear hawkweed,0.015556148253381252
0036.jpg,Hawkbit,Hawkbit,0.033790603280067444
0037.jpg,Hawkbit,Hawkbit,0.03371712565422058
0038.jpg,Hawkbit,Catsear,0.023640653118491173
0039.jpg,Hawkbit,Catsear,0.02249685674905777
0040.jpg,Hawkbit,Hawkbit,0.030364371836185455
0041.jpg,Hawkbit,Catsear,0.021775299683213234
0042.jpg,Hawkbit,Hawkbit,0.02159884199500084
0043.jpg,Hawkbit,Hawkbit,0.0280283372849226
0044.jpg,Hawkbit,Hawkbit,0.033238448202610016
0045.jpg,Hawkbit,Hawkbit,0.034504484385252
0046.jpg,Hawkbit,Hawkbit,0.034450165927410126
0047.jpg,Hawkbit,Hawkbit,0.033781446516513824
0048.jpg,Hawkbit,Hawkbit,0.03287264332175255
0049.jpg,Hawkbit,Hawkbit,0.032662589102983475
0050.jpg,Hawkbit,Hawkbit,0.0330071896314621
0051.jpg,Hawkbit,Catsear,0.026699624955654144
0052.jpg,Hawkbit,Hawkbit,0.03358060494065285
0053.jpg,Hawkbit,Catsear,0.022606229409575462
0054.jpg,Hawkbit,Catsear,0.02867489494383335
0055.jpg,Hawkbit,Hawkbit,0.021165423095226288
0056.jpg,Hawkbit,Catsear,0.022076288238167763
0057.jpg,Hawkbit,Hawkbit,0.022546472027897835
0058.jpg,Hawkbit,Hawkbit,0.03336182236671448
0059.jpg,Hawkbit,Hawkbit,0.034372758120298386
0060.jpg,Hawkbit,Hawkbit,0.03443167358636856
0061.jpg,Hawkbit,Hawkbit,0.03347725421190262
0062.jpg,Hawkbit,Hawkbit,0.024150246754288673
0063.jpg,Hawkbit,Hawkbit,0.032897692173719406
0064.jpg,Hawkbit,Suckling clover,0.025543486699461937
0065.jpg,Hawkbit,Hawkbit,0.03448648378252983
0066.jpg,Hawkbit,Hawkbit,0.03421572223305702
0067.jpg,Hawkbit,Catsear,0.026265567168593407
0068.jpg,Hawkbit,Hawkbit,0.027445536106824875
0069.jpg,Hawkbit,Catsear,0.02673982083797455
0070.jpg,Hawkbit,Hawkbit,0.03238872438669205
0071.jpg,Hawkbit,Hawkbit,0.022579124197363853
0072.jpg,Hawkbit,Hawkbit,0.02596602961421013
0073.jpg,Hawkbit,Hawkbit,0.023023344576358795
0074.jpg,Hawkbit,Hawkbit,0.02116982452571392
0075.jpg,Hawkbit,Catsear,0.030521690845489502
0076.jpg,Hawkbit,Catsear,0.023137563839554787
0077.jpg,Hawkbit,Hawkbit,0.02320852130651474
0078.jpg,Hawkbit,Hawkbit,0.021755250170826912
0079.jpg,Hawkbit,Hawkbit,0.024494251236319542
0080.jpg,Hawkbit,Hawkbit,0.03425171598792076
0081.jpg,Hawkbit,Hawkbit,0.018842017278075218
0082.jpg,Hawkbit,Hawkbit,0.02128615230321884
0083.jpg,Hawkbit,Catsear,0.021965257823467255
0084.jpg,Hawkbit,Catsear,0.02708432637155056
0085.jpg,Hawkbit,Catsear,0.03194241598248482
0086.jpg,Hawkbit,Catsear,0.03368467465043068
0087.jpg,Hawkbit,Hawkbit,0.023397067561745644
0088.jpg,Hawkbit,Catsear,0.034223757684230804
0089.jpg,Hawkbit,Hawkbit,0.029994796961545944
0090.jpg,Hawkbit,Hawkbit,0.03448054939508438
0091.jpg,Hawkbit,Hawkbit,0.02321322076022625
0092.jpg,Hawkbit,Hawkbit,0.031076807528734207
0093.jpg,Hawkbit,Hawkbit,0.024299539625644684
0094.jpg,Hawkbit,Winged thistle,0.03325388580560684
0095.jpg,Hawkbit,Catsear,0.026258014142513275
0096.jpg,Hawkbit,Catsear,0.024192918092012405
0097.jpg,Hawkbit,Catsear,0.02205660380423069
0098.jpg,Hawkbit,Hawkbit,0.02268429659307003
0099.jpg,Hawkbit,Hawkbit,0.023134054616093636
0000.jpg,Hawksbeard,Hawksbeard,0.02095821499824524
0001.jpg,Hawksbeard,Hawksbeard,0.023226214572787285
0002.jpg,Hawksbeard,Daisy,0.018656082451343536
0003.jpg,Hawksbeard,Daisy,0.02954946458339691
0004.jpg,Hawksbeard,Dandelion,0.026378396898508072
0005.jpg,Hawksbeard,Daisy,0.026128513738512993
0006.jpg,Hawksbeard,Daisy,0.02820257470011711
0007.jpg,Hawksbeard,Hawksbeard,0.03441823646426201
0008.jpg,Hawksbeard,Hawksbeard,0.034374505281448364
0009.jpg,Hawksbeard,Hawksbeard,0.03440796211361885
0010.jpg,Hawksbeard,Hawksbeard,0.02183707058429718
0011.jpg,Hawksbeard,Dandelion,0.02912968397140503
0012.jpg,Hawksbeard,Hawksbeard,0.03443927317857742
0013.jpg,Hawksbeard,Dandelion,0.034338049590587616
0014.jpg,Hawksbeard,Dandelion,0.0328744575381279
0015.jpg,Hawksbeard,Dandelion,0.023220114409923553
0016.jpg,Hawksbeard,Hawksbeard,0.024692779406905174
0017.jpg,Hawksbeard,Dandelion,0.03003876842558384
0018.jpg,Hawksbeard,Dandelion,0.023790664970874786
0019.jpg,Hawksbeard,Dandelion,0.029224900528788567
0020.jpg,Hawksbeard,Hawksbeard,0.03212825953960419
0021.jpg,Hawksbeard,Dandelion,0.02614784613251686
0022.jpg,Hawksbeard,Dandelion,0.023521995171904564
0023.jpg,Hawksbeard,Dandelion,0.02295927330851555
0024.jpg,Hawksbeard,Hawksbeard,0.0344601608812809
0025.jpg,Hawksbeard,Hawksbeard,0.03446824848651886
0026.jpg,Hawksbeard,Hawksbeard,0.03409590572118759
0027.jpg,Hawksbeard,Sow thistle,0.018376775085926056
0028.jpg,Hawksbeard,Hawkbit,0.016994349658489227
0029.jpg,Hawksbeard,Hawksbeard,0.022590747103095055
0030.jpg,Hawksbeard,Hawksbeard,0.03443434089422226
0031.jpg,Hawksbeard,Sow thistle,0.015264887362718582
0032.jpg,Hawksbeard,Hawksbeard,0.0342467837035656
0033.jpg,Hawksbeard,Hawksbeard,0.0339992418885231
0034.jpg,Hawksbeard,Hawksbeard,0.034434378147125244
0035.jpg,Hawksbeard,Daisy,0.029095148667693138
0036.jpg,Hawksbeard,Hawksbeard,0.034384436905384064
0037.jpg,Hawksbeard,Hawksbeard,0.03429917246103287
0038.jpg,Hawksbeard,Hawksbeard,0.03450955078005791
0039.jpg,Hawksbeard,Hawksbeard,0.03429071605205536
0040.jpg,Hawksbeard,Hawksbeard,0.034508150070905685
0041.jpg,Hawksbeard,Hawksbeard,0.034527115523815155
0042.jpg,Hawksbeard,Hawksbeard,0.034524284303188324
0043.jpg,Hawksbeard,Hawksbeard,0.03436560556292534
0044.jpg,Hawksbeard,Hawksbeard,0.03446750342845917
0045.jpg,Hawksbeard,Hawksbeard,0.03452804684638977
0046.jpg,Hawksbeard,Hawksbeard,0.03374519944190979
0047.jpg,Hawksbeard,Hawksbeard,0.03450210765004158
0048.jpg,Hawksbeard,Hawksbeard,0.034414373338222504
0049.jpg,Hawksbeard,Hawksbeard,0.03449637442827225
0050.jpg,Hawksbeard,Hawksbeard,0.034494396299123764
0051.jpg,Hawksbeard,Hawksbeard,0.03422074392437935
0052.jpg,Hawksbeard,Hawksbeard,0.034484125673770905
0053.jpg,Hawksbeard,Hawksbeard,0.03133290633559227
0054.jpg,Hawksbeard,Catsear,0.01777472533285618
0055.jpg,Hawksbeard,Hawksbeard,0.03436516597867012
0056.jpg,Hawksbeard,Hawksbeard,0.03451140969991684
0057.jpg,Hawksbeard,Hawksbeard,0.03415852040052414
0058.jpg,Hawksbeard,Hawksbeard,0.034523285925388336
0059.jpg,Hawksbeard,Hawksbeard,0.034519437700510025
0060.jpg,Hawksbeard,Hawksbeard,0.034528378397226334
0061.jpg,Hawksbeard,Hawksbeard,0.034514419734478
0062.jpg,Hawksbeard,Hawksbeard,0.03436765819787979
0063.jpg,Hawksbeard,Hawksbeard,0.033382389694452286
0064.jpg,Hawksbeard,Hawkbit,0.02021382376551628
0065.jpg,Hawksbeard,Hawksbeard,0.028590919449925423
0066.jpg,Hawksbeard,Hawksbeard,0.034227754920721054
0067.jpg,Hawksbeard,Hawksbeard,0.03447910398244858
0068.jpg,Hawksbeard,Hawksbeard,0.03411497920751572
0069.jpg,Hawksbeard,Hairy buttercup,0.014959834516048431
0070.jpg,Hawksbeard,Hawksbeard,0.034350570291280746
0071.jpg,Hawksbeard,Hawksbeard,0.03440605103969574
0072.jpg,Hawksbeard,Hawksbeard,0.0338728167116642
0073.jpg,Hawksbeard,Hawksbeard,0.034509483724832535
0074.jpg,Hawksbeard,Hawksbeard,0.03451409563422203
0075.jpg,Hawksbeard,Hawksbeard,0.022849958389997482
0076.jpg,Hawksbeard,Hawksbeard,0.03423761948943138
0077.jpg,Hawksbeard,Hawksbeard,0.03386041522026062
0078.jpg,Hawksbeard,Hawksbeard,0.03425442427396774
0079.jpg,Hawksbeard,Hawksbeard,0.03272562101483345
0080.jpg,Hawksbeard,Hawksbeard,0.034058451652526855
0081.jpg,Hawksbeard,Broad-leaved dock,0.02571534551680088
0082.jpg,Hawksbeard,Hawksbeard,0.034333523362874985
0083.jpg,Hawksbeard,Hawksbeard,0.03451971709728241
0084.jpg,Hawksbeard,Hawksbeard,0.03430100530385971
0085.jpg,Hawksbeard,Hawksbeard,0.03443816304206848
0086.jpg,Hawksbeard,Hawksbeard,0.030926533043384552
0087.jpg,Hawksbeard,Hawksbeard,0.034504566341638565
0088.jpg,Hawksbeard,Hawksbeard,0.03419440612196922
0089.jpg,Hawksbeard,Hawksbeard,0.033730052411556244
0090.jpg,Hawksbeard,Hawksbeard,0.03405317664146423
0091.jpg,Hawksbeard,Hawksbeard,0.03449249267578125
0092.jpg,Hawksbeard,Hawksbeard,0.03431890532374382
0093.jpg,Hawksbeard,Hawksbeard,0.03447410464286804
0094.jpg,Hawksbeard,Hawksbeard,0.025690581649541855
0095.jpg,Hawksbeard,Hawksbeard,0.034160275012254715
0096.jpg,Hawksbeard,Hawksbeard,0.03449583426117897
0097.jpg,Hawksbeard,Hawksbeard,0.03442705422639847
0098.jpg,Hawksbeard,Hawksbeard,0.03428104892373085
0099.jpg,Hawksbeard,Hawksbeard,0.034530527889728546
0000.jpg,Hedge mustard,Hedge mustard,0.03452819213271141
0001.jpg,Hedge mustard,Creeping buttercup,0.02131209895014763
0002.jpg,Hedge mustard,Hedge mustard,0.03435654193162918
0003.jpg,Hedge mustard,Hedge mustard,0.03452843055129051
0004.jpg,Hedge mustard,Hedge mustard,0.019841598346829414
0005.jpg,Hedge mustard,Hedge mustard,0.034514762461185455
0006.jpg,Hedge mustard,Hedge mustard,0.0345313660800457
0007.jpg,Hedge mustard,Hedge mustard,0.03453109785914421
0008.jpg,Hedge mustard,Hedge mustard,0.03452921286225319
0009.jpg,Hedge mustard,Hedge mustard,0.03450728580355644
0010.jpg,Hedge mustard,Hedge mustard,0.03447495028376579
0011.jpg,Hedge mustard,Hedge mustard,0.03453121706843376
0012.jpg,Hedge mustard,Hedge mustard,0.034531474113464355
0013.jpg,Hedge mustard,Hedge mustard,0.03451277315616608
0014.jpg,Hedge mustard,Hedge mustard,0.03438655659556389
0015.jpg,Hedge mustard,Hedge mustard,0.03452368825674057
0016.jpg,Hedge mustard,Hedge mustard,0.034503575414419174
0017.jpg,Hedge mustard,Field speedwell,0.020423542708158493
0018.jpg,Hedge mustard,Hedge mustard,0.034531526267528534
0019.jpg,Hedge mustard,Hedge mustard,0.034529682248830795
0020.jpg,Hedge mustard,Hedge mustard,0.03452843427658081
0021.jpg,Hedge mustard,Hedge mustard,0.03452013432979584
0022.jpg,Hedge mustard,Hedge mustard,0.03450693190097809
0023.jpg,Hedge mustard,Hedge mustard,0.0345282107591629
0024.jpg,Hedge mustard,Hedge mustard,0.03452998399734497
0025.jpg,Hedge mustard,Hedge mustard,0.034524306654930115
0026.jpg,Hedge mustard,Hedge mustard,0.03453079238533974
0027.jpg,Hedge mustard,Hedge mustard,0.03227030113339424
0028.jpg,Hedge mustard,Hedge mustard,0.03453053906559944
0029.jpg,Hedge mustard,White clover,0.01587866246700287
0030.jpg,Hedge mustard,Hedge mustard,0.034531667828559875
0031.jpg,Hedge mustard,Hedge mustard,0.0344792939722538
0032.jpg,Hedge mustard,Hedge mustard,0.034454118460416794
0033.jpg,Hedge mustard,Hedge mustard,0.034210849553346634
0034.jpg,Hedge mustard,Hedge mustard,0.03453172370791435
0035.jpg,Hedge mustard,Hedge mustard,0.03451700508594513
0036.jpg,Hedge mustard,Hedge mustard,0.03452754020690918
0037.jpg,Hedge mustard,Hedge mustard,0.03453107550740242
0038.jpg,Hedge mustard,Hedge mustard,0.034511275589466095
0039.jpg,Hedge mustard,Hedge mustard,0.034522853791713715
0040.jpg,Hedge mustard,Hedge mustard,0.03449650853872299
0041.jpg,Hedge mustard,Hedge mustard,0.03453020751476288
0042.jpg,Hedge mustard,Hedge mustard,0.03452988341450691
0043.jpg,Hedge mustard,Hedge mustard,0.03453151881694794
0044.jpg,Hedge mustard,Hedge mustard,0.03452948480844498
0045.jpg,Hedge mustard,Hedge mustard,0.03452615812420845
0046.jpg,Hedge mustard,Hedge mustard,0.0345308817923069
0047.jpg,Hedge mustard,Hedge mustard,0.03453120216727257
0048.jpg,Hedge mustard,Hedge mustard,0.03437028080224991
0049.jpg,Hedge mustard,Hedge mustard,0.03452751040458679
0050.jpg,Hedge mustard,Hedge mustard,0.03453163802623749
0051.jpg,Hedge mustard,Hedge mustard,0.034530989825725555
0052.jpg,Hedge mustard,Hedge mustard,0.03450552746653557
0053.jpg,Hedge mustard,Hedge mustard,0.034102264791727066
0054.jpg,Hedge mustard,Hedge mustard,0.03452343866229057
0055.jpg,Hedge mustard,Hedge mustard,0.03452656418085098
0056.jpg,Hedge mustard,Hedge mustard,0.034446701407432556
0057.jpg,Hedge mustard,Hedge mustard,0.034454669803380966
0058.jpg,Hedge mustard,Hedge mustard,0.03445367142558098
0059.jpg,Hedge mustard,Hedge mustard,0.03450025990605354
0060.jpg,Hedge mustard,Hedge mustard,0.0345313586294651
0061.jpg,Hedge mustard,Hedge mustard,0.03453156724572182
0062.jpg,Hedge mustard,Hedge mustard,0.03452541306614876
0063.jpg,Hedge mustard,Hedge mustard,0.03453177213668823
0064.jpg,Hedge mustard,Hedge mustard,0.0333494171500206
0065.jpg,Hedge mustard,Hedge mustard,0.03453134372830391
0066.jpg,Hedge mustard,Hedge mustard,0.034531693905591965
0067.jpg,Hedge mustard,Hedge mustard,0.03453177213668823
0068.jpg,Hedge mustard,Hedge mustard,0.03453019633889198
0069.jpg,Hedge mustard,Hedge mustard,0.03452741727232933
0070.jpg,Hedge mustard,Hedge mustard,0.03453166037797928
0071.jpg,Hedge mustard,Hedge mustard,0.034506674855947495
0072.jpg,Hedge mustard,Hedge mustard,0.03453177213668823
0073.jpg,Hedge mustard,Hedge mustard,0.034531429409980774
0074.jpg,Hedge mustard,Hedge mustard,0.034517671912908554
0075.jpg,Hedge mustard,Hedge mustard,0.03405033051967621
0076.jpg,Hedge mustard,Hedge mustard,0.03453177213668823
0077.jpg,Hedge mustard,Hedge mustard,0.03450625017285347
0078.jpg,Hedge mustard,Hedge mustard,0.03446763753890991
0079.jpg,Hedge mustard,Hedge mustard,0.03453132137656212
0080.jpg,Hedge mustard,Hedge mustard,0.03452442213892937
0081.jpg,Hedge mustard,Parsley dropwort,0.031005093827843666
0082.jpg,Hedge mustard,Hedge mustard,0.03448626026511192
0083.jpg,Hedge mustard,Hedge mustard,0.03453059867024422
0084.jpg,Hedge mustard,Hedge mustard,0.03422992676496506
0085.jpg,Hedge mustard,Hedge mustard,0.03444042429327965
0086.jpg,Hedge mustard,Mallow,0.019747862592339516
0087.jpg,Hedge mustard,Hedge mustard,0.034526124596595764
0088.jpg,Hedge mustard,Hedge mustard,0.03443080931901932
0089.jpg,Hedge mustard,Hedge mustard,0.03354771435260773
0090.jpg,Hedge mustard,Hedge mustard,0.03448294475674629
0091.jpg,Hedge mustard,Hedge mustard,0.03452765941619873
0092.jpg,Hedge mustard,Hedge mustard,0.03453128784894943
0093.jpg,Hedge mustard,Hedge mustard,0.034531041979789734
0094.jpg,Hedge mustard,Hedge mustard,0.03449471667408943
0095.jpg,Hedge mustard,Hedge mustard,0.03453175351023674
0096.jpg,Hedge mustard,Hedge mustard,0.034503281116485596
0097.jpg,Hedge mustard,Hedge mustard,0.032236143946647644
0098.jpg,Hedge mustard,Hedge mustard,0.03431923687458038
0099.jpg,Hedge mustard,Hedge mustard,0.0344914048910141
0000.jpg,Hemlock,Hemlock,0.03452974185347557
0001.jpg,Hemlock,Hemlock,0.034504130482673645
0002.jpg,Hemlock,Hemlock,0.034531716257333755
0003.jpg,Hemlock,Hemlock,0.03451957181096077
0004.jpg,Hemlock,Hemlock,0.03453173488378525
0005.jpg,Hemlock,Hemlock,0.03453175723552704
0006.jpg,Hemlock,Hemlock,0.03452560678124428
0007.jpg,Hemlock,Hemlock,0.034530673176050186
0008.jpg,Hemlock,Hemlock,0.03453176096081734
0009.jpg,Hemlock,Hemlock,0.03453134372830391
0010.jpg,Hemlock,Hemlock,0.03452788293361664
0011.jpg,Hemlock,Hemlock,0.03378617763519287
0012.jpg,Hemlock,Hemlock,0.03451990708708763
0013.jpg,Hemlock,Hemlock,0.03449650853872299
0014.jpg,Hemlock,Hemlock,0.034093841910362244
0015.jpg,Hemlock,Hemlock,0.03451542183756828
0016.jpg,Hemlock,Hemlock,0.03447752818465233
0017.jpg,Hemlock,Hemlock,0.0345243476331234
0018.jpg,Hemlock,Hemlock,0.03453170508146286
0019.jpg,Hemlock,Hemlock,0.03452393785119057
0020.jpg,Hemlock,Hemlock,0.03452719375491142
0021.jpg,Hemlock,Hemlock,0.03440927341580391
0022.jpg,Hemlock,Hemlock,0.0345073863863945
0023.jpg,Hemlock,Hemlock,0.03453056886792183
0024.jpg,Hemlock,Hemlock,0.034531690180301666
0025.jpg,Hemlock,Hemlock,0.03450288996100426
0026.jpg,Hemlock,Hemlock,0.03447096422314644
0027.jpg,Hemlock,Hemlock,0.03453049063682556
0028.jpg,Hemlock,Hemlock,0.03402022644877434
0029.jpg,Hemlock,Hemlock,0.034346114844083786
0030.jpg,Hemlock,Hemlock,0.034530654549598694
0031.jpg,Hemlock,Hemlock,0.03453175723552704
0032.jpg,Hemlock,Hemlock,0.03453158959746361
0033.jpg,Hemlock,Hemlock,0.03452300652861595
0034.jpg,Hemlock,Hemlock,0.03453095629811287
0035.jpg,Hemlock,Hemlock,0.02269625850021839
0036.jpg,Hemlock,Hemlock,0.03453068435192108
0037.jpg,Hemlock,Hemlock,0.03435468673706055
0038.jpg,Hemlock,Hemlock,0.03452574089169502
0039.jpg,Hemlock,Hemlock,0.03451485559344292
0040.jpg,Hemlock,Hemlock,0.03449709713459015
0041.jpg,Hemlock,Hemlock,0.03449903801083565
0042.jpg,Hemlock,Hemlock,0.03451795130968094
0043.jpg,Hemlock,Hemlock,0.03453173488378525
0044.jpg,Hemlock,Hemlock,0.034305114299058914
0045.jpg,Hemlock,Hemlock,0.03453163057565689
0046.jpg,Hemlock,Hemlock,0.03452993556857109
0047.jpg,Hemlock,Hemlock,0.034495532512664795
0048.jpg,Hemlock,Hemlock,0.034530602395534515
0049.jpg,Hemlock,Hemlock,0.03441174700856209
0050.jpg,Hemlock,Hemlock,0.03453175723552704
0051.jpg,Hemlock,Hemlock,0.03452378138899803
0052.jpg,Hemlock,Hemlock,0.0343732088804245
0053.jpg,Hemlock,Hemlock,0.03446940332651138
0054.jpg,Hemlock,Musky storksbill,0.032687753438949585
0055.jpg,Hemlock,Hemlock,0.03452827408909798
0056.jpg,Hemlock,Hemlock,0.034530844539403915
0057.jpg,Hemlock,Hemlock,0.03452169522643089
0058.jpg,Hemlock,Hemlock,0.034526463598012924
0059.jpg,Hemlock,Hemlock,0.03452642261981964
0060.jpg,Hemlock,Hemlock,0.034523289650678635
0061.jpg,Hemlock,Hemlock,0.03453035280108452
0062.jpg,Hemlock,Hemlock,0.03358219563961029
0063.jpg,Hemlock,Hemlock,0.034531399607658386
0064.jpg,Hemlock,Hemlock,0.027609726414084435
0065.jpg,Hemlock,Hemlock,0.03443906828761101
0066.jpg,Hemlock,Hemlock,0.03452860191464424
0067.jpg,Hemlock,Hemlock,0.034434929490089417
0068.jpg,Hemlock,Hemlock,0.03442773222923279
0069.jpg,Hemlock,Hemlock,0.027572665363550186
0070.jpg,Hemlock,Hemlock,0.03452834486961365
0071.jpg,Hemlock,Hemlock,0.03453055024147034
0072.jpg,Hemlock,Hemlock,0.034494053572416306
0073.jpg,Hemlock,Hemlock,0.034530527889728546
0074.jpg,Hemlock,Hemlock,0.03445614129304886
0075.jpg,Hemlock,Hemlock,0.0342952236533165
0076.jpg,Hemlock,Hemlock,0.0345022976398468
0077.jpg,Hemlock,Hemlock,0.03452294319868088
0078.jpg,Hemlock,Hemlock,0.034440524876117706
0079.jpg,Hemlock,Hemlock,0.03453044965863228
0080.jpg,Hemlock,Hemlock,0.03453158959746361
0081.jpg,Hemlock,Couch,0.01964866742491722
0082.jpg,Hemlock,Hemlock,0.034531671553850174
0083.jpg,Hemlock,Hemlock,0.03449021652340889
0084.jpg,Hemlock,Hemlock,0.03451436758041382
0085.jpg,Hemlock,Hemlock,0.034425292164087296
0086.jpg,Hemlock,Hemlock,0.0342986173927784
0087.jpg,Hemlock,Hemlock,0.0345301516354084
0088.jpg,Hemlock,Hemlock,0.029481464996933937
0089.jpg,Hemlock,Hemlock,0.03453006222844124
0090.jpg,Hemlock,Hemlock,0.034522928297519684
0091.jpg,Hemlock,Hemlock,0.034531593322753906
0092.jpg,Hemlock,Hemlock,0.034521471709012985
0093.jpg,Hemlock,Hemlock,0.034527529031038284
0094.jpg,Hemlock,Hemlock,0.03448117896914482
0095.jpg,Hemlock,Hemlock,0.03453170880675316
0096.jpg,Hemlock,Hemlock,0.03453174605965614
0097.jpg,Hemlock,Hemlock,0.03424762189388275
0098.jpg,Hemlock,Hemlock,0.03451235592365265
0099.jpg,Hemlock,Hemlock,0.034260645508766174
0000.jpg,Hydrocotyle,Ivy,0.022968506440520287
0001.jpg,Hydrocotyle,Ivy,0.024955859407782555
0002.jpg,Hydrocotyle,Hydrocotyle,0.02637219801545143
0003.jpg,Hydrocotyle,Ivy,0.033538151532411575
0004.jpg,Hydrocotyle,Ivy,0.034412916749715805
0005.jpg,Hydrocotyle,Ivy,0.02503741905093193
0006.jpg,Hydrocotyle,Hydrocotyle,0.027465853840112686
0007.jpg,Hydrocotyle,Hydrocotyle,0.031005097553133965
0008.jpg,Hydrocotyle,Ivy,0.03031781315803528
0009.jpg,Hydrocotyle,Ivy,0.029985779896378517
0010.jpg,Hydrocotyle,Hydrocotyle,0.03272686153650284
0011.jpg,Hydrocotyle,Ivy,0.02725461684167385
0012.jpg,Hydrocotyle,Hydrocotyle,0.03373856097459793
0013.jpg,Hydrocotyle,Musky storksbill,0.021068571135401726
0014.jpg,Hydrocotyle,Ivy,0.024440690875053406
0015.jpg,Hydrocotyle,Hydrocotyle,0.03447352722287178
0016.jpg,Hydrocotyle,Hydrocotyle,0.03452058508992195
0017.jpg,Hydrocotyle,Hydrocotyle,0.0248526930809021
0018.jpg,Hydrocotyle,Hydrocotyle,0.03453171253204346
0019.jpg,Hydrocotyle,Hydrocotyle,0.03450203686952591
0020.jpg,Hydrocotyle,Hydrocotyle,0.034524496644735336
0021.jpg,Hydrocotyle,Hydrocotyle,0.03452654555439949
0022.jpg,Hydrocotyle,Hydrocotyle,0.033762384206056595
0023.jpg,Hydrocotyle,Hydrocotyle,0.034514106810092926
0024.jpg,Hydrocotyle,Hydrocotyle,0.03445415943861008
0025.jpg,Hydrocotyle,Hydrocotyle,0.034507106989622116
0026.jpg,Hydrocotyle,Hydrocotyle,0.03450888395309448
0027.jpg,Hydrocotyle,Hydrocotyle,0.034427884966135025
0028.jpg,Hydrocotyle,Hydrocotyle,0.033630676567554474
0029.jpg,Hydrocotyle,Hairy buttercup,0.017513228580355644
0030.jpg,Hydrocotyle,Hydrocotyle,0.03438819572329521
0031.jpg,Hydrocotyle,Creeping speedwell,0.02797878347337246
0032.jpg,Hydrocotyle,Hydrocotyle,0.03349685296416283
0033.jpg,Hydrocotyle,Hydrocotyle,0.03439933434128761
0034.jpg,Hydrocotyle,Hydrocotyle,0.03452499955892563
0035.jpg,Hydrocotyle,Hydrocotyle,0.03448305279016495
0036.jpg,Hydrocotyle,Hydrocotyle,0.03452881798148155
0037.jpg,Hydrocotyle,Hydrocotyle,0.034531593322753906
0038.jpg,Hydrocotyle,Hydrocotyle,0.03453116863965988
0039.jpg,Hydrocotyle,Hydrocotyle,0.0344596691429615
0040.jpg,Hydrocotyle,Hydrocotyle,0.034280989319086075
0041.jpg,Hydrocotyle,Hydrocotyle,0.034526221454143524
0042.jpg,Hydrocotyle,Hydrocotyle,0.03384691849350929
0043.jpg,Hydrocotyle,Hydrocotyle,0.034521862864494324
0044.jpg,Hydrocotyle,Hydrocotyle,0.03452468663454056
0045.jpg,Hydrocotyle,Hydrocotyle,0.033731427043676376
0046.jpg,Hydrocotyle,Hydrocotyle,0.03453177213668823
0047.jpg,Hydrocotyle,Hydrocotyle,0.03449441120028496
0048.jpg,Hydrocotyle,Hydrocotyle,0.03446153551340103
0049.jpg,Hydrocotyle,Hydrocotyle,0.03439898416399956
0050.jpg,Hydrocotyle,Hydrocotyle,0.03452214226126671
0051.jpg,Hydrocotyle,Hydrocotyle,0.0345296747982502
0052.jpg,Hydrocotyle,Hydrocotyle,0.03383849188685417
0053.jpg,Hydrocotyle,Hydrocotyle,0.03417861834168434
0054.jpg,Hydrocotyle,Hydrocotyle,0.03356124088168144
0055.jpg,Hydrocotyle,Hydrocotyle,0.03438134491443634
0056.jpg,Hydrocotyle,Hydrocotyle,0.032708074897527695
0057.jpg,Hydrocotyle,Hydrocotyle,0.03440636768937111
0058.jpg,Hydrocotyle,Hydrocotyle,0.034456733614206314
0059.jpg,Hydrocotyle,Hydrocotyle,0.03447607532143593
0060.jpg,Hydrocotyle,Hydrocotyle,0.03449670597910881
0061.jpg,Hydrocotyle,Hydrocotyle,0.033639173954725266
0062.jpg,Hydrocotyle,Hydrocotyle,0.03444315120577812
0063.jpg,Hydrocotyle,Hydrocotyle,0.034501850605010986
0064.jpg,Hydrocotyle,Hydrocotyle,0.033202141523361206
0065.jpg,Hydrocotyle,Hydrocotyle,0.03400254249572754
0066.jpg,Hydrocotyle,Hydrocotyle,0.034088440239429474
0067.jpg,Hydrocotyle,Hydrocotyle,0.03442061319947243
0068.jpg,Hydrocotyle,Hydrocotyle,0.03416002169251442
0069.jpg,Hydrocotyle,Hydrocotyle,0.031791891902685165
0070.jpg,Hydrocotyle,Hydrocotyle,0.034531619399785995
0071.jpg,Hydrocotyle,Hydrocotyle,0.03451469913125038
0072.jpg,Hydrocotyle,Hydrocotyle,0.034496016800403595
0073.jpg,Hydrocotyle,Hydrocotyle,0.03444436192512512
0074.jpg,Hydrocotyle,Hydrocotyle,0.026464398950338364
0075.jpg,Hydrocotyle,Hydrocotyle,0.02605263702571392
0076.jpg,Hydrocotyle,Hydrocotyle,0.03438263759016991
0077.jpg,Hydrocotyle,Hydrocotyle,0.034501828253269196
0078.jpg,Hydrocotyle,Hydrocotyle,0.03453122824430466
0079.jpg,Hydrocotyle,Hydrocotyle,0.034513115882873535
0080.jpg,Hydrocotyle,Hydrocotyle,0.034396491944789886
0081.jpg,Hydrocotyle,Hydrocotyle,0.03424855321645737
0082.jpg,Hydrocotyle,Hydrocotyle,0.025017423555254936
0083.jpg,Hydrocotyle,Hydrocotyle,0.030284294858574867
0084.jpg,Hydrocotyle,Hydrocotyle,0.02878265082836151
0085.jpg,Hydrocotyle,Hydrocotyle,0.034489575773477554
0086.jpg,Hydrocotyle,Hydrocotyle,0.03450450673699379
0087.jpg,Hydrocotyle,Hydrocotyle,0.034528687596321106
0088.jpg,Hydrocotyle,Hydrocotyle,0.03446560353040695
0089.jpg,Hydrocotyle,Hydrocotyle,0.03311308100819588
0090.jpg,Hydrocotyle,Hydrocotyle,0.03319167718291283
0091.jpg,Hydrocotyle,Hydrocotyle,0.03453167527914047
0092.jpg,Hydrocotyle,Hydrocotyle,0.03383040800690651
0093.jpg,Hydrocotyle,Hydrocotyle,0.03441594913601875
0094.jpg,Hydrocotyle,Shepherd's purse,0.018071316182613373
0095.jpg,Hydrocotyle,Hydrocotyle,0.03432177007198334
0096.jpg,Hydrocotyle,Hydrocotyle,0.03446395695209503
0097.jpg,Hydrocotyle,Parsley dropwort,0.034219373017549515
0098.jpg,Hydrocotyle,Hydrocotyle,0.034504130482673645
0099.jpg,Hydrocotyle,Hydrocotyle,0.03445810824632645
0000.jpg,Ivy,Ivy,0.022968506440520287
0001.jpg,Ivy,Ivy,0.03396950289607048
0002.jpg,Ivy,Ivy,0.03448990732431412
0003.jpg,Ivy,Ivy,0.028650162741541862
0004.jpg,Ivy,Ivy,0.033988650888204575
0005.jpg,Ivy,Ivy,0.03451516479253769
0006.jpg,Ivy,Ivy,0.024955859407782555
0007.jpg,Ivy,Ivy,0.034531693905591965
0008.jpg,Ivy,Ivy,0.03448117524385452
0009.jpg,Ivy,Ivy,0.034525755792856216
0010.jpg,Ivy,Ivy,0.034191347658634186
0011.jpg,Ivy,Bracken,0.026618333533406258
0012.jpg,Ivy,Ivy,0.03452228754758835
0013.jpg,Ivy,Ivy,0.034463752061128616
0014.jpg,Ivy,Ivy,0.021400567144155502
0015.jpg,Ivy,Ivy,0.0344635546207428
0016.jpg,Ivy,Ivy,0.034527458250522614
0017.jpg,Ivy,Ivy,0.03407836705446243
0018.jpg,Ivy,Ivy,0.03452968969941139
0019.jpg,Ivy,Ivy,0.03452198579907417
0020.jpg,Ivy,Ivy,0.03452198579907417
0021.jpg,Ivy,Ivy,0.034527163952589035
0022.jpg,Ivy,Ivy,0.034482572227716446
0023.jpg,Ivy,Ivy,0.03452445939183235
0024.jpg,Ivy,Ivy,0.034529849886894226
0025.jpg,Ivy,Ivy,0.03451819345355034
0026.jpg,Ivy,Ivy,0.03400585427880287
0027.jpg,Ivy,Sweet brier,0.02988463267683983
0028.jpg,Ivy,Nettle,0.03331014886498451
0029.jpg,Ivy,Tauhinu,0.03186015412211418
0030.jpg,Ivy,Hydrocotyle,0.02637219801545143
0031.jpg,Ivy,Clustered dock,0.02197541669011116
0032.jpg,Ivy,Ivy,0.034531597048044205
0033.jpg,Ivy,Ivy,0.034483589231967926
0034.jpg,Ivy,Ivy,0.03392600268125534
0035.jpg,Ivy,Ivy,0.029981710016727448
0036.jpg,Ivy,Ivy,0.034517791122198105
0037.jpg,Ivy,Ivy,0.03445154428482056
0038.jpg,Ivy,Ivy,0.034530527889728546
0039.jpg,Ivy,Ivy,0.03453044220805168
0040.jpg,Ivy,Ivy,0.03453046455979347
0041.jpg,Ivy,Ivy,0.03446405753493309
0042.jpg,Ivy,Ivy,0.03452156111598015
0043.jpg,Ivy,Ivy,0.03452993929386139
0044.jpg,Ivy,Ivy,0.034531302750110626
0045.jpg,Ivy,Ivy,0.03453103452920914
0046.jpg,Ivy,Ivy,0.034529589116573334
0047.jpg,Ivy,Ivy,0.034521348774433136
0048.jpg,Ivy,Ivy,0.03452564403414726
0049.jpg,Ivy,Ivy,0.033538151532411575
0050.jpg,Ivy,Ivy,0.034412916749715805
0051.jpg,Ivy,Ivy,0.03453125059604645
0052.jpg,Ivy,Ivy,0.02744952403008938
0053.jpg,Ivy,Ivy,0.0284565482288599
0054.jpg,Ivy,Blackberry,0.016214795410633087
0055.jpg,Ivy,Ivy,0.03451654687523842
0056.jpg,Ivy,Ivy,0.03453155606985092
0057.jpg,Ivy,Ivy,0.02503741905093193
0058.jpg,Ivy,Ivy,0.034528907388448715
0059.jpg,Ivy,Ivy,0.03405189514160156
0060.jpg,Ivy,Ivy,0.03453151509165764
0061.jpg,Ivy,Ivy,0.03453107550740242
0062.jpg,Ivy,Ivy,0.034011825919151306
0063.jpg,Ivy,Ivy,0.03340108320116997
0064.jpg,Ivy,Mallow,0.024474751204252243
0065.jpg,Ivy,Ivy,0.034489501267671585
0066.jpg,Ivy,Ivy,0.03453167900443077
0067.jpg,Ivy,Ivy,0.034523554146289825
0068.jpg,Ivy,Ivy,0.03451862186193466
0069.jpg,Ivy,Mallow,0.020152749493718147
0070.jpg,Ivy,Hydrocotyle,0.027465853840112686
0071.jpg,Ivy,Ivy,0.03376032039523125
0072.jpg,Ivy,Ivy,0.03452890366315842
0073.jpg,Ivy,Ivy,0.034452684223651886
0074.jpg,Ivy,Ivy,0.03453055024147034
0075.jpg,Ivy,Ivy,0.03446200117468834
0076.jpg,Ivy,Ivy,0.03449269011616707
0077.jpg,Ivy,Ivy,0.03452632576227188
0078.jpg,Ivy,Ivy,0.0344807505607605
0079.jpg,Ivy,Ivy,0.03444276750087738
0080.jpg,Ivy,Hydrocotyle,0.031005097553133965
0081.jpg,Ivy,Mallow,0.019279038533568382
0082.jpg,Ivy,Ivy,0.03417668491601944
0083.jpg,Ivy,Ivy,0.034530434757471085
0084.jpg,Ivy,Ivy,0.03391992300748825
0085.jpg,Ivy,Ivy,0.03031781315803528
0086.jpg,Ivy,Ivy,0.034531209617853165
0087.jpg,Ivy,Ivy,0.03453155979514122
0088.jpg,Ivy,Ivy,0.0345316044986248
0089.jpg,Ivy,Ivy,0.03450290113687515
0090.jpg,Ivy,Ivy,0.03409189730882645
0091.jpg,Ivy,Ivy,0.03453175351023674
0092.jpg,Ivy,Ivy,0.034531693905591965
0093.jpg,Ivy,Ivy,0.029985779896378517
0094.jpg,Ivy,Hydrocotyle,0.03272686153650284
0095.jpg,Ivy,Ivy,0.03447679802775383
0096.jpg,Ivy,Ivy,0.03453151509165764
0097.jpg,Ivy,Ivy,0.034484051167964935
0098.jpg,Ivy,Ivy,0.03452780097723007
0099.jpg,Ivy,Ivy,0.02725461684167385
0000.jpg,Mallow,Mallow,0.034513164311647415
0001.jpg,Mallow,Mallow,0.03453175723552704
0002.jpg,Mallow,Mallow,0.03453046455979347
0003.jpg,Mallow,Mallow,0.03398282825946808
0004.jpg,Mallow,Giant buttercup,0.021697785705327988
0005.jpg,Mallow,Mallow,0.03453058749437332
0006.jpg,Mallow,Mallow,0.03453175351023674
0007.jpg,Mallow,Mallow,0.034366559237241745
0008.jpg,Mallow,Mallow,0.03421136364340782
0009.jpg,Mallow,Mallow,0.03453173488378525
0010.jpg,Mallow,Mallow,0.03452686220407486
0011.jpg,Mallow,Mallow,0.034526314586400986
0012.jpg,Mallow,Mallow,0.03453177213668823
0013.jpg,Mallow,Mallow,0.03452363982796669
0014.jpg,Mallow,Mallow,0.03453175351023674
0015.jpg,Mallow,Mallow,0.034531500190496445
0016.jpg,Mallow,Mallow,0.03450607880949974
0017.jpg,Mallow,Great bindweed,0.023694757372140884
0018.jpg,Mallow,Mallow,0.0331079363822937
0019.jpg,Mallow,Mallow,0.03453175351023674
0020.jpg,Mallow,Mallow,0.034500960260629654
0021.jpg,Mallow,Mallow,0.03453177213668823
0022.jpg,Mallow,Mallow,0.03453175723552704
0023.jpg,Mallow,Mallow,0.034523461014032364
0024.jpg,Mallow,Mallow,0.03431212157011032
0025.jpg,Mallow,Mallow,0.03452529385685921
0026.jpg,Mallow,Mallow,0.034520626068115234
0027.jpg,Mallow,Parsley piert,0.015461167320609093
0028.jpg,Mallow,Tauhinu,0.01632620580494404
0029.jpg,Mallow,Yarrow,0.02113484777510166
0030.jpg,Mallow,Mallow,0.034400809556245804
0031.jpg,Mallow,Wild radish,0.021929176524281502
0032.jpg,Mallow,Mallow,0.03221894055604935
0033.jpg,Mallow,Mallow,0.03452741727232933
0034.jpg,Mallow,Mallow,0.03447531908750534
0035.jpg,Mallow,Tradescantia,0.017087513580918312
0036.jpg,Mallow,Mallow,0.0344933457672596
0037.jpg,Mallow,Mallow,0.03414550796151161
0038.jpg,Mallow,Mallow,0.034531187266111374
0039.jpg,Mallow,Mallow,0.03453128784894943
0040.jpg,Mallow,Mallow,0.03453175351023674
0041.jpg,Mallow,Mallow,0.03453141823410988
0042.jpg,Mallow,Mallow,0.03453177213668823
0043.jpg,Mallow,Mallow,0.03453177213668823
0044.jpg,Mallow,Mallow,0.0345316007733345
0045.jpg,Mallow,Mallow,0.03452971205115318
0046.jpg,Mallow,Mallow,0.03453177213668823
0047.jpg,Mallow,Mallow,0.034496963024139404
0048.jpg,Mallow,Mallow,0.034433599561452866
0049.jpg,Mallow,Mallow,0.03452886641025543
0050.jpg,Mallow,Mallow,0.034531738609075546
0051.jpg,Mallow,Mallow,0.034531593322753906
0052.jpg,Mallow,Mallow,0.03453173488378525
0053.jpg,Mallow,Mallow,0.034528519958257675
0054.jpg,Mallow,Oxeye daisy,0.03408239036798477
0055.jpg,Mallow,Mallow,0.03447704762220383
0056.jpg,Mallow,Mallow,0.034531693905591965
0057.jpg,Mallow,Mallow,0.03453124687075615
0058.jpg,Mallow,Mallow,0.03453175723552704
0059.jpg,Mallow,Mallow,0.03452911600470543
0060.jpg,Mallow,Mallow,0.034528762102127075
0061.jpg,Mallow,Mallow,0.034512635320425034
0062.jpg,Mallow,Mallow,0.034531112760305405
0063.jpg,Mallow,Mallow,0.0345311239361763
0064.jpg,Mallow,Mallow,0.02268817648291588
0065.jpg,Mallow,Mallow,0.03453162685036659
0066.jpg,Mallow,Mallow,0.034531693905591965
0067.jpg,Mallow,Mallow,0.03453173115849495
0068.jpg,Mallow,Mallow,0.03452097252011299
0069.jpg,Mallow,Great bindweed,0.034484267234802246
0070.jpg,Mallow,Mallow,0.03451789915561676
0071.jpg,Mallow,Mallow,0.034527819603681564
0072.jpg,Mallow,Mallow,0.0343264602124691
0073.jpg,Mallow,Mallow,0.03453172370791435
0074.jpg,Mallow,Mallow,0.034524157643318176
0075.jpg,Mallow,Great bindweed,0.028992049396038055
0076.jpg,Mallow,Mallow,0.034530382603406906
0077.jpg,Mallow,Mallow,0.03447960689663887
0078.jpg,Mallow,Mallow,0.03453157842159271
0079.jpg,Mallow,Mallow,0.03453068435192108
0080.jpg,Mallow,Mallow,0.034513115882873535
0081.jpg,Mallow,Cape weed,0.02527650073170662
0082.jpg,Mallow,Mallow,0.03452979028224945
0083.jpg,Mallow,Mallow,0.034421224147081375
0084.jpg,Mallow,Mallow,0.03453102335333824
0085.jpg,Mallow,Mallow,0.03453036770224571
0086.jpg,Mallow,Mallow,0.019466901198029518
0087.jpg,Mallow,Mallow,0.03452984243631363
0088.jpg,Mallow,Mallow,0.027848120778799057
0089.jpg,Mallow,Mallow,0.03446154296398163
0090.jpg,Mallow,Mallow,0.03451569005846977
0091.jpg,Mallow,Mallow,0.03453037515282631
0092.jpg,Mallow,Mallow,0.03453173115849495
0093.jpg,Mallow,Mallow,0.0342591367661953
0094.jpg,Mallow,Red dead-nettle,0.021615037694573402
0095.jpg,Mallow,Mallow,0.03452945873141289
0096.jpg,Mallow,Mallow,0.034530919045209885
0097.jpg,Mallow,Blackberry,0.026761643588542938
0098.jpg,Mallow,Mallow,0.034530311822891235
0099.jpg,Mallow,Mallow,0.03453090041875839
0000.jpg,Manuka,Manuka,0.034506913274526596
0001.jpg,Manuka,Manuka,0.03453114256262779
0002.jpg,Manuka,Manuka,0.03453057259321213
0003.jpg,Manuka,Mallow,0.03379184752702713
0004.jpg,Manuka,Mallow,0.02406156435608864
0005.jpg,Manuka,Manuka,0.034172993153333664
0006.jpg,Manuka,Manuka,0.03451916202902794
0007.jpg,Manuka,Manuka,0.03452684357762337
0008.jpg,Manuka,Manuka,0.03449377045035362
0009.jpg,Manuka,Manuka,0.03451402857899666
0010.jpg,Manuka,Manuka,0.034525226801633835
0011.jpg,Manuka,Manuka,0.0345306433737278
0012.jpg,Manuka,Manuka,0.034520700573921204
0013.jpg,Manuka,Manuka,0.03435495123267174
0014.jpg,Manuka,Manuka,0.0345289409160614
0015.jpg,Manuka,Manuka,0.03452973812818527
0016.jpg,Manuka,Manuka,0.034527428448200226
0017.jpg,Manuka,Manuka,0.03430558368563652
0018.jpg,Manuka,Manuka,0.03452303633093834
0019.jpg,Manuka,Manuka,0.03452763333916664
0020.jpg,Manuka,Manuka,0.03451669216156006
0021.jpg,Manuka,Manuka,0.03452996164560318
0022.jpg,Manuka,Manuka,0.034410666674375534
0023.jpg,Manuka,Manuka,0.034525588154792786
0024.jpg,Manuka,Manuka,0.03453107178211212
0025.jpg,Manuka,Manuka,0.034525226801633835
0026.jpg,Manuka,Manuka,0.03452159836888313
0027.jpg,Manuka,Hemlock,0.02990957535803318
0028.jpg,Manuka,Mallow,0.03353140130639076
0029.jpg,Manuka,Manuka,0.027378447353839874
0030.jpg,Manuka,Manuka,0.03452617675065994
0031.jpg,Manuka,Manuka,0.03399500995874405
0032.jpg,Manuka,Manuka,0.034530699253082275
0033.jpg,Manuka,Manuka,0.034522026777267456
0034.jpg,Manuka,Manuka,0.03407273814082146
0035.jpg,Manuka,Manuka,0.033629972487688065
0036.jpg,Manuka,Manuka,0.033686354756355286
0037.jpg,Manuka,Manuka,0.03018399327993393
0038.jpg,Manuka,Manuka,0.03418918326497078
0039.jpg,Manuka,Manuka,0.03452037647366524
0040.jpg,Manuka,Manuka,0.03448793664574623
0041.jpg,Manuka,Manuka,0.03451547399163246
0042.jpg,Manuka,Manuka,0.03453097119927406
0043.jpg,Manuka,Manuka,0.034121718257665634
0044.jpg,Manuka,Manuka,0.03453174978494644
0045.jpg,Manuka,Manuka,0.03452849015593529
0046.jpg,Manuka,Manuka,0.03449864313006401
0047.jpg,Manuka,Manuka,0.02857564575970173
0048.jpg,Manuka,Manuka,0.034102171659469604
0049.jpg,Manuka,Manuka,0.03450808674097061
0050.jpg,Manuka,Manuka,0.03453175351023674
0051.jpg,Manuka,Manuka,0.03452981263399124
0052.jpg,Manuka,Manuka,0.03453108295798302
0053.jpg,Manuka,Manuka,0.03452020511031151
0054.jpg,Manuka,Manuka,0.03404159098863602
0055.jpg,Manuka,Manuka,0.03451703116297722
0056.jpg,Manuka,Manuka,0.03438056632876396
0057.jpg,Manuka,Manuka,0.03453173115849495
0058.jpg,Manuka,Manuka,0.034450508654117584
0059.jpg,Manuka,Manuka,0.03453097119927406
0060.jpg,Manuka,Manuka,0.034503813832998276
0061.jpg,Manuka,Manuka,0.034529563039541245
0062.jpg,Manuka,Manuka,0.03452710062265396
0063.jpg,Manuka,Manuka,0.03452856093645096
0064.jpg,Manuka,Manuka,0.03452780842781067
0065.jpg,Manuka,Manuka,0.03453138470649719
0066.jpg,Manuka,Manuka,0.03452689200639725
0067.jpg,Manuka,Manuka,0.03446393087506294
0068.jpg,Manuka,Manuka,0.034429825842380524
0069.jpg,Manuka,Manuka,0.03453095257282257
0070.jpg,Manuka,Manuka,0.034510038793087006
0071.jpg,Manuka,Manuka,0.03437269479036331
0072.jpg,Manuka,Manuka,0.03446784242987633
0073.jpg,Manuka,Manuka,0.03439442813396454
0074.jpg,Manuka,Manuka,0.03452590852975845
0075.jpg,Manuka,Manuka,0.024142643436789513
0076.jpg,Manuka,Manuka,0.034530073404312134
0077.jpg,Manuka,Manuka,0.03452654182910919
0078.jpg,Manuka,Manuka,0.034255750477313995
0079.jpg,Manuka,Manuka,0.034469522535800934
0080.jpg,Manuka,Manuka,0.03452056646347046
0081.jpg,Manuka,Manuka,0.034528061747550964
0082.jpg,Manuka,Manuka,0.03447039797902107
0083.jpg,Manuka,Manuka,0.03453153744339943
0084.jpg,Manuka,Manuka,0.03453175351023674
0085.jpg,Manuka,Manuka,0.03442933037877083
0086.jpg,Manuka,Manuka,0.03453175351023674
0087.jpg,Manuka,Manuka,0.0345308780670166
0088.jpg,Manuka,Manuka,0.03443709388375282
0089.jpg,Manuka,Manuka,0.03452421724796295
0090.jpg,Manuka,Manuka,0.03436647728085518
0091.jpg,Manuka,Manuka,0.0345274917781353
0092.jpg,Manuka,Manuka,0.03452584892511368
0093.jpg,Manuka,Manuka,0.0345316007733345
0094.jpg,Manuka,Manuka,0.03452024236321449
0095.jpg,Manuka,Manuka,0.034527841955423355
0096.jpg,Manuka,Manuka,0.034520309418439865
0097.jpg,Manuka,Manuka,0.03449569642543793
0098.jpg,Manuka,Manuka,0.03452964127063751
0099.jpg,Manuka,Manuka,0.03452998399734497
0000.jpg,Mouse-ear hawkweed,Mouse-ear hawkweed,0.0344514399766922
0001.jpg,Mouse-ear hawkweed,Dandelion,0.017862670123577118
0002.jpg,Mouse-ear hawkweed,Dandelion,0.01819540373980999
0003.jpg,Mouse-ear hawkweed,Daisy,0.034190114587545395
0004.jpg,Mouse-ear hawkweed,Daisy,0.03403201699256897
0005.jpg,Mouse-ear hawkweed,Mouse-ear hawkweed,0.022252773866057396
0006.jpg,Mouse-ear hawkweed,Mouse-ear hawkweed,0.03450298309326172
0007.jpg,Mouse-ear hawkweed,Dandelion,0.02593366988003254
0008.jpg,Mouse-ear hawkweed,Dandelion,0.027497144415974617
0009.jpg,Mouse-ear hawkweed,Dandelion,0.03061654418706894
0010.jpg,Mouse-ear hawkweed,Mouse-ear hawkweed,0.027174798771739006
0011.jpg,Mouse-ear hawkweed,Mouse-ear hawkweed,0.03274514898657799
0012.jpg,Mouse-ear hawkweed,Mouse-ear hawkweed,0.03411109372973442
0013.jpg,Mouse-ear hawkweed,Mouse-ear hawkweed,0.034501634538173676
0014.jpg,Mouse-ear hawkweed,Hairy buttercup,0.017194440588355064
0015.jpg,Mouse-ear hawkweed,Mouse-ear hawkweed,0.034522008150815964
0016.jpg,Mouse-ear hawkweed,Mouse-ear hawkweed,0.034530121833086014
0017.jpg,Mouse-ear hawkweed,Mouse-ear hawkweed,0.024084463715553284
0018.jpg,Mouse-ear hawkweed,Mouse-ear hawkweed,0.03453158959746361
0019.jpg,Mouse-ear hawkweed,Mouse-ear hawkweed,0.03449765965342522
0020.jpg,Mouse-ear hawkweed,Mouse-ear hawkweed,0.034415535628795624
0021.jpg,Mouse-ear hawkweed,Mouse-ear hawkweed,0.034531012177467346
0022.jpg,Mouse-ear hawkweed,Mouse-ear hawkweed,0.034531593322753906
0023.jpg,Mouse-ear hawkweed,Mouse-ear hawkweed,0.03450794145464897
0024.jpg,Mouse-ear hawkweed,Mouse-ear hawkweed,0.03452764451503754
0025.jpg,Mouse-ear hawkweed,Mouse-ear hawkweed,0.034529950469732285
0026.jpg,Mouse-ear hawkweed,Mouse-ear hawkweed,0.03453177213668823
0027.jpg,Mouse-ear hawkweed,Mouse-ear hawkweed,0.03453175723552704
0028.jpg,Mouse-ear hawkweed,Mouse-ear hawkweed,0.03451177105307579
0029.jpg,Mouse-ear hawkweed,Mouse-ear hawkweed,0.03453151881694794
0030.jpg,Mouse-ear hawkweed,Mouse-ear hawkweed,0.03453176096081734
0031.jpg,Mouse-ear hawkweed,Mouse-ear hawkweed,0.02518509514629841
0032.jpg,Mouse-ear hawkweed,Mouse-ear hawkweed,0.03452295437455177
0033.jpg,Mouse-ear hawkweed,Mouse-ear hawkweed,0.03058800846338272
0034.jpg,Mouse-ear hawkweed,Mouse-ear hawkweed,0.03429536521434784
0035.jpg,Mouse-ear hawkweed,Narrow-leaved plantain,0.018473638221621513
0036.jpg,Mouse-ear hawkweed,Mouse-ear hawkweed,0.03451063111424446
0037.jpg,Mouse-ear hawkweed,Mouse-ear hawkweed,0.034415971487760544
0038.jpg,Mouse-ear hawkweed,Mouse-ear hawkweed,0.03452865779399872
0039.jpg,Mouse-ear hawkweed,Mouse-ear hawkweed,0.03453078493475914
0040.jpg,Mouse-ear hawkweed,Mouse-ear hawkweed,0.034421347081661224
0041.jpg,Mouse-ear hawkweed,Mouse-ear hawkweed,0.034338049590587616
0042.jpg,Mouse-ear hawkweed,Mouse-ear hawkweed,0.031819768249988556
0043.jpg,Mouse-ear hawkweed,Mouse-ear hawkweed,0.03399759158492088
0044.jpg,Mouse-ear hawkweed,Mouse-ear hawkweed,0.0345313586294651
0045.jpg,Mouse-ear hawkweed,Mouse-ear hawkweed,0.034498944878578186
0046.jpg,Mouse-ear hawkweed,Mouse-ear hawkweed,0.034143924713134766
0047.jpg,Mouse-ear hawkweed,Mouse-ear hawkweed,0.03449026867747307
0048.jpg,Mouse-ear hawkweed,Mouse-ear hawkweed,0.034286558628082275
0049.jpg,Mouse-ear hawkweed,Mouse-ear hawkweed,0.03448917716741562
0050.jpg,Mouse-ear hawkweed,Mouse-ear hawkweed,0.03453175723552704
0051.jpg,Mouse-ear hawkweed,Mouse-ear hawkweed,0.03423493355512619
0052.jpg,Mouse-ear hawkweed,Mouse-ear hawkweed,0.03433392196893692
0053.jpg,Mouse-ear hawkweed,Mouse-ear hawkweed,0.034325193613767624
0054.jpg,Mouse-ear hawkweed,Dandelion,0.019215436652302742
0055.jpg,Mouse-ear hawkweed,Mouse-ear hawkweed,0.03359963372349739
0056.jpg,Mouse-ear hawkweed,Mouse-ear hawkweed,0.03451453521847725
0057.jpg,Mouse-ear hawkweed,Mouse-ear hawkweed,0.03421660512685776
0058.jpg,Mouse-ear hawkweed,Mouse-ear hawkweed,0.03279022127389908
0059.jpg,Mouse-ear hawkweed,Mouse-ear hawkweed,0.03452511876821518
0060.jpg,Mouse-ear hawkweed,Mouse-ear hawkweed,0.03452305123209953
0061.jpg,Mouse-ear hawkweed,Mouse-ear hawkweed,0.034411340951919556
0062.jpg,Mouse-ear hawkweed,Mouse-ear hawkweed,0.03453029319643974
0063.jpg,Mouse-ear hawkweed,Mouse-ear hawkweed,0.034439653158187866
0064.jpg,Mouse-ear hawkweed,Mouse-ear hawkweed,0.03444473072886467
0065.jpg,Mouse-ear hawkweed,Mouse-ear hawkweed,0.03452199697494507
0066.jpg,Mouse-ear hawkweed,Mouse-ear hawkweed,0.03452373668551445
0067.jpg,Mouse-ear hawkweed,Mouse-ear hawkweed,0.03445645794272423
0068.jpg,Mouse-ear hawkweed,Mouse-ear hawkweed,0.03451819717884064
0069.jpg,Mouse-ear hawkweed,Mouse-ear hawkweed,0.03367898613214493
0070.jpg,Mouse-ear hawkweed,Mouse-ear hawkweed,0.0345274843275547
0071.jpg,Mouse-ear hawkweed,Mouse-ear hawkweed,0.03446390479803085
0072.jpg,Mouse-ear hawkweed,Mouse-ear hawkweed,0.03445911779999733
0073.jpg,Mouse-ear hawkweed,Mouse-ear hawkweed,0.03452074155211449
0074.jpg,Mouse-ear hawkweed,Mouse-ear hawkweed,0.03447936102747917
0075.jpg,Mouse-ear hawkweed,Mouse-ear hawkweed,0.022362038493156433
0076.jpg,Mouse-ear hawkweed,Mouse-ear hawkweed,0.0345144085586071
0077.jpg,Mouse-ear hawkweed,Mouse-ear hawkweed,0.03451153263449669
0078.jpg,Mouse-ear hawkweed,Mouse-ear hawkweed,0.0345175564289093
0079.jpg,Mouse-ear hawkweed,Mouse-ear hawkweed,0.03452927619218826
0080.jpg,Mouse-ear hawkweed,Mouse-ear hawkweed,0.0345287099480629
0081.jpg,Mouse-ear hawkweed,Catsear,0.019860243424773216
0082.jpg,Mouse-ear hawkweed,Mouse-ear hawkweed,0.03452572226524353
0083.jpg,Mouse-ear hawkweed,Mouse-ear hawkweed,0.032415736466646194
0084.jpg,Mouse-ear hawkweed,Mouse-ear hawkweed,0.034529849886894226
0085.jpg,Mouse-ear hawkweed,Mouse-ear hawkweed,0.03450740873813629
0086.jpg,Mouse-ear hawkweed,Mouse-ear hawkweed,0.029523130506277084
0087.jpg,Mouse-ear hawkweed,Mouse-ear hawkweed,0.034511782228946686
0088.jpg,Mouse-ear hawkweed,Mouse-ear hawkweed,0.032670509070158005
0089.jpg,Mouse-ear hawkweed,Mouse-ear hawkweed,0.034486670047044754
0090.jpg,Mouse-ear hawkweed,Mouse-ear hawkweed,0.03452984616160393
0091.jpg,Mouse-ear hawkweed,Mouse-ear hawkweed,0.03451785817742348
0092.jpg,Mouse-ear hawkweed,Mouse-ear hawkweed,0.03452926129102707
0093.jpg,Mouse-ear hawkweed,Mouse-ear hawkweed,0.03453000634908676
0094.jpg,Mouse-ear hawkweed,Mouse-ear hawkweed,0.034524377435445786
0095.jpg,Mouse-ear hawkweed,Mouse-ear hawkweed,0.03451685979962349
0096.jpg,Mouse-ear hawkweed,Mouse-ear hawkweed,0.034517403692007065
0097.jpg,Mouse-ear hawkweed,Tradescantia,0.031744908541440964
0098.jpg,Mouse-ear hawkweed,Mouse-ear hawkweed,0.034465983510017395
0099.jpg,Mouse-ear hawkweed,Mouse-ear hawkweed,0.03447118401527405
0000.jpg,Musky storksbill,Musky storksbill,0.03453173488378525
0001.jpg,Musky storksbill,Musky storksbill,0.03453108295798302
0002.jpg,Musky storksbill,Musky storksbill,0.034525103867053986
0003.jpg,Musky storksbill,Musky storksbill,0.032329730689525604
0004.jpg,Musky storksbill,Pink shamrock,0.023781413212418556
0005.jpg,Musky storksbill,Musky storksbill,0.03446676954627037
0006.jpg,Musky storksbill,Musky storksbill,0.03428846225142479
0007.jpg,Musky storksbill,Musky storksbill,0.03450510650873184
0008.jpg,Musky storksbill,Musky storksbill,0.03453175351023674
0009.jpg,Musky storksbill,Musky storksbill,0.03450498357415199
0010.jpg,Musky storksbill,Musky storksbill,0.03414664790034294
0011.jpg,Musky storksbill,Mallow,0.03314007818698883
0012.jpg,Musky storksbill,Musky storksbill,0.034531619399785995
0013.jpg,Musky storksbill,Musky storksbill,0.034129343926906586
0014.jpg,Musky storksbill,Nettle,0.027282822877168655
0015.jpg,Musky storksbill,Musky storksbill,0.03441372513771057
0016.jpg,Musky storksbill,Musky storksbill,0.034525249153375626
0017.jpg,Musky storksbill,Musky storksbill,0.03359517455101013
0018.jpg,Musky storksbill,Musky storksbill,0.034531135112047195
0019.jpg,Musky storksbill,Musky storksbill,0.03442714363336563
0020.jpg,Musky storksbill,Musky storksbill,0.034531641751527786
0021.jpg,Musky storksbill,Musky storksbill,0.034505654126405716
0022.jpg,Musky storksbill,Musky storksbill,0.034529514610767365
0023.jpg,Musky storksbill,Musky storksbill,0.03453027829527855
0024.jpg,Musky storksbill,Musky storksbill,0.03450631722807884
0025.jpg,Musky storksbill,Musky storksbill,0.03453165292739868
0026.jpg,Musky storksbill,Musky storksbill,0.034526679664850235
0027.jpg,Musky storksbill,Musky storksbill,0.021955108270049095
0028.jpg,Musky storksbill,Wild radish,0.028342563658952713
0029.jpg,Musky storksbill,Wild radish,0.0212565865367651
0030.jpg,Musky storksbill,Musky storksbill,0.034481387585401535
0031.jpg,Musky storksbill,Twin cress,0.02574141137301922
0032.jpg,Musky storksbill,Musky storksbill,0.034531693905591965
0033.jpg,Musky storksbill,Musky storksbill,0.03394949436187744
0034.jpg,Musky storksbill,Musky storksbill,0.03453172743320465
0035.jpg,Musky storksbill,Musky storksbill,0.03453172743320465
0036.jpg,Musky storksbill,Musky storksbill,0.03453177213668823
0037.jpg,Musky storksbill,Musky storksbill,0.03453175351023674
0038.jpg,Musky storksbill,Musky storksbill,0.034531738609075546
0039.jpg,Musky storksbill,Musky storksbill,0.03453173488378525
0040.jpg,Musky storksbill,Musky storksbill,0.03453083336353302
0041.jpg,Musky storksbill,Musky storksbill,0.03450045362114906
0042.jpg,Musky storksbill,Musky storksbill,0.03453166037797928
0043.jpg,Musky storksbill,Musky storksbill,0.034530963748693466
0044.jpg,Musky storksbill,Musky storksbill,0.0345308892428875
0045.jpg,Musky storksbill,Musky storksbill,0.034531690180301666
0046.jpg,Musky storksbill,Musky storksbill,0.03452032431960106
0047.jpg,Musky storksbill,Musky storksbill,0.03451889753341675
0048.jpg,Musky storksbill,Musky storksbill,0.03453173488378525
0049.jpg,Musky storksbill,Musky storksbill,0.034494828432798386
0050.jpg,Musky storksbill,Musky storksbill,0.03453173115849495
0051.jpg,Musky storksbill,Musky storksbill,0.034508783370256424
0052.jpg,Musky storksbill,Musky storksbill,0.03452901542186737
0053.jpg,Musky storksbill,Musky storksbill,0.03452673181891441
0054.jpg,Musky storksbill,Musky storksbill,0.028007490560412407
0055.jpg,Musky storksbill,Musky storksbill,0.034530505537986755
0056.jpg,Musky storksbill,Musky storksbill,0.034531258046627045
0057.jpg,Musky storksbill,Musky storksbill,0.03448569402098656
0058.jpg,Musky storksbill,Musky storksbill,0.034503187984228134
0059.jpg,Musky storksbill,Musky storksbill,0.0345313623547554
0060.jpg,Musky storksbill,Musky storksbill,0.03453175723552704
0061.jpg,Musky storksbill,Musky storksbill,0.03451878949999809
0062.jpg,Musky storksbill,Musky storksbill,0.034523408859968185
0063.jpg,Musky storksbill,Musky storksbill,0.03451031446456909
0064.jpg,Musky storksbill,Musky storksbill,0.034526076167821884
0065.jpg,Musky storksbill,Musky storksbill,0.03453176096081734
0066.jpg,Musky storksbill,Musky storksbill,0.03453144431114197
0067.jpg,Musky storksbill,Musky storksbill,0.03453155606985092
0068.jpg,Musky storksbill,Musky storksbill,0.03453092277050018
0069.jpg,Musky storksbill,Musky storksbill,0.029078859835863113
0070.jpg,Musky storksbill,Musky storksbill,0.03450202941894531
0071.jpg,Musky storksbill,Musky storksbill,0.034497592598199844
0072.jpg,Musky storksbill,Musky storksbill,0.03453012555837631
0073.jpg,Musky storksbill,Musky storksbill,0.03452090546488762
0074.jpg,Musky storksbill,Musky storksbill,0.03453173488378525
0075.jpg,Musky storksbill,Musky storksbill,0.03137361630797386
0076.jpg,Musky storksbill,Musky storksbill,0.024707410484552383
0077.jpg,Musky storksbill,Musky storksbill,0.033380378037691116
0078.jpg,Musky storksbill,Musky storksbill,0.034197691828012466
0079.jpg,Musky storksbill,Musky storksbill,0.03453035652637482
0080.jpg,Musky storksbill,Musky storksbill,0.03453175723552704
0081.jpg,Musky storksbill,Musky storksbill,0.03453066200017929
0082.jpg,Musky storksbill,Musky storksbill,0.034496795386075974
0083.jpg,Musky storksbill,Musky storksbill,0.03453138470649719
0084.jpg,Musky storksbill,Musky storksbill,0.0345148965716362
0085.jpg,Musky storksbill,Musky storksbill,0.03451604023575783
0086.jpg,Musky storksbill,Musky storksbill,0.025009702891111374
0087.jpg,Musky storksbill,Musky storksbill,0.034528348594903946
0088.jpg,Musky storksbill,Parsley dropwort,0.029347756877541542
0089.jpg,Musky storksbill,Musky storksbill,0.034511275589466095
0090.jpg,Musky storksbill,Musky storksbill,0.034531205892562866
0091.jpg,Musky storksbill,Musky storksbill,0.034531619399785995
0092.jpg,Musky storksbill,Musky storksbill,0.03453175351023674
0093.jpg,Musky storksbill,Musky storksbill,0.03453001379966736
0094.jpg,Musky storksbill,Musky storksbill,0.034531690180301666
0095.jpg,Musky storksbill,Musky storksbill,0.03453176096081734
0096.jpg,Musky storksbill,Musky storksbill,0.034279484301805496
0097.jpg,Musky storksbill,Musky storksbill,0.03409828618168831
0098.jpg,Musky storksbill,Musky storksbill,0.03453035652637482
0099.jpg,Musky storksbill,Musky storksbill,0.03452356159687042
0000.jpg,Narrow-leaved plantain,Narrow-leaved plantain,0.03452238067984581
0001.jpg,Narrow-leaved plantain,Narrow-leaved plantain,0.034478358924388885
0002.jpg,Narrow-leaved plantain,Narrow-leaved plantain,0.03451501950621605
0003.jpg,Narrow-leaved plantain,Narrow-leaved plantain,0.03400559723377228
0004.jpg,Narrow-leaved plantain,Narrow-leaved plantain,0.027342233806848526
0005.jpg,Narrow-leaved plantain,Narrow-leaved plantain,0.034516725689172745
0006.jpg,Narrow-leaved plantain,Narrow-leaved plantain,0.03451082110404968
0007.jpg,Narrow-leaved plantain,Narrow-leaved plantain,0.034527700394392014
0008.jpg,Narrow-leaved plantain,Narrow-leaved plantain,0.03452526405453682
0009.jpg,Narrow-leaved plantain,Narrow-leaved plantain,0.034521687775850296
0010.jpg,Narrow-leaved plantain,Narrow-leaved plantain,0.033947478979825974
0011.jpg,Narrow-leaved plantain,Narrow-leaved plantain,0.026717109605669975
0012.jpg,Narrow-leaved plantain,Narrow-leaved plantain,0.0345316082239151
0013.jpg,Narrow-leaved plantain,Narrow-leaved plantain,0.03449350222945213
0014.jpg,Narrow-leaved plantain,Narrow-leaved plantain,0.03440024331212044
0015.jpg,Narrow-leaved plantain,Narrow-leaved plantain,0.034526921808719635
0016.jpg,Narrow-leaved plantain,Narrow-leaved plantain,0.03451517969369888
0017.jpg,Narrow-leaved plantain,Narrow-leaved plantain,0.03401138633489609
0018.jpg,Narrow-leaved plantain,Narrow-leaved plantain,0.03452809527516365
0019.jpg,Narrow-leaved plantain,Narrow-leaved plantain,0.03453025594353676
0020.jpg,Narrow-leaved plantain,Narrow-leaved plantain,0.0267966128885746
0021.jpg,Narrow-leaved plantain,Narrow-leaved plantain,0.03453093394637108
0022.jpg,Narrow-leaved plantain,Narrow-leaved plantain,0.03453170508146286
0023.jpg,Narrow-leaved plantain,Narrow-leaved plantain,0.03453171253204346
0024.jpg,Narrow-leaved plantain,Narrow-leaved plantain,0.03453157842159271
0025.jpg,Narrow-leaved plantain,Narrow-leaved plantain,0.03453173488378525
0026.jpg,Narrow-leaved plantain,Narrow-leaved plantain,0.034531205892562866
0027.jpg,Narrow-leaved plantain,Narrow-leaved plantain,0.034507572650909424
0028.jpg,Narrow-leaved plantain,Narrow-leaved plantain,0.01989820972084999
0029.jpg,Narrow-leaved plantain,Narrow-leaved plantain,0.03143547102808952
0030.jpg,Narrow-leaved plantain,Narrow-leaved plantain,0.034397173672914505
0031.jpg,Narrow-leaved plantain,Narrow-leaved plantain,0.034278299659490585
0032.jpg,Narrow-leaved plantain,Narrow-leaved plantain,0.0345064215362072
0033.jpg,Narrow-leaved plantain,Narrow-leaved plantain,0.03447244316339493
0034.jpg,Narrow-leaved plantain,Narrow-leaved plantain,0.03448222205042839
0035.jpg,Narrow-leaved plantain,Narrow-leaved plantain,0.0345306433737278
0036.jpg,Narrow-leaved plantain,Narrow-leaved plantain,0.03446056693792343
0037.jpg,Narrow-leaved plantain,Narrow-leaved plantain,0.03446442633867264
0038.jpg,Narrow-leaved plantain,Narrow-leaved plantain,0.03347837179899216
0039.jpg,Narrow-leaved plantain,Narrow-leaved plantain,0.034530602395534515
0040.jpg,Narrow-leaved plantain,Narrow-leaved plantain,0.03453155979514122
0041.jpg,Narrow-leaved plantain,Narrow-leaved plantain,0.034528058022260666
0042.jpg,Narrow-leaved plantain,Narrow-leaved plantain,0.03453071042895317
0043.jpg,Narrow-leaved plantain,Narrow-leaved plantain,0.03447837010025978
0044.jpg,Narrow-leaved plantain,Narrow-leaved plantain,0.034530043601989746
0045.jpg,Narrow-leaved plantain,Narrow-leaved plantain,0.03453094884753227
0046.jpg,Narrow-leaved plantain,Narrow-leaved plantain,0.03453134372830391
0047.jpg,Narrow-leaved plantain,Narrow-leaved plantain,0.034460268914699554
0048.jpg,Narrow-leaved plantain,Narrow-leaved plantain,0.03412596508860588
0049.jpg,Narrow-leaved plantain,Narrow-leaved plantain,0.03452068939805031
0050.jpg,Narrow-leaved plantain,Narrow-leaved plantain,0.03450625762343407
0051.jpg,Narrow-leaved plantain,Narrow-leaved plantain,0.03452935814857483
0052.jpg,Narrow-leaved plantain,Narrow-leaved plantain,0.03440476953983307
0053.jpg,Narrow-leaved plantain,Narrow-leaved plantain,0.034512296319007874
0054.jpg,Narrow-leaved plantain,Narrow-leaved plantain,0.034531399607658386
0055.jpg,Narrow-leaved plantain,Narrow-leaved plantain,0.03452219441533089
0056.jpg,Narrow-leaved plantain,Narrow-leaved plantain,0.03422876074910164
0057.jpg,Narrow-leaved plantain,Narrow-leaved plantain,0.034530673176050186
0058.jpg,Narrow-leaved plantain,Narrow-leaved plantain,0.03450615331530571
0059.jpg,Narrow-leaved plantain,Narrow-leaved plantain,0.03452790528535843
0060.jpg,Narrow-leaved plantain,Narrow-leaved plantain,0.03452875465154648
0061.jpg,Narrow-leaved plantain,Narrow-leaved plantain,0.034531425684690475
0062.jpg,Narrow-leaved plantain,Narrow-leaved plantain,0.034491121768951416
0063.jpg,Narrow-leaved plantain,Narrow-leaved plantain,0.034531135112047195
0064.jpg,Narrow-leaved plantain,Narrow-leaved plantain,0.029160503298044205
0065.jpg,Narrow-leaved plantain,Narrow-leaved plantain,0.03449753299355507
0066.jpg,Narrow-leaved plantain,Narrow-leaved plantain,0.03452644124627113
0067.jpg,Narrow-leaved plantain,Narrow-leaved plantain,0.03428546339273453
0068.jpg,Narrow-leaved plantain,Narrow-leaved plantain,0.03452818840742111
0069.jpg,Narrow-leaved plantain,Narrow-leaved plantain,0.02702252008020878
0070.jpg,Narrow-leaved plantain,Narrow-leaved plantain,0.034530747681856155
0071.jpg,Narrow-leaved plantain,Narrow-leaved plantain,0.0345316007733345
0072.jpg,Narrow-leaved plantain,Narrow-leaved plantain,0.03416081890463829
0073.jpg,Narrow-leaved plantain,Narrow-leaved plantain,0.03453092277050018
0074.jpg,Narrow-leaved plantain,Narrow-leaved plantain,0.03349357843399048
0075.jpg,Narrow-leaved plantain,Narrow-leaved plantain,0.034524448215961456
0076.jpg,Narrow-leaved plantain,Narrow-leaved plantain,0.03452931344509125
0077.jpg,Narrow-leaved plantain,Narrow-leaved plantain,0.034417394548654556
0078.jpg,Narrow-leaved plantain,Narrow-leaved plantain,0.03445923700928688
0079.jpg,Narrow-leaved plantain,Narrow-leaved plantain,0.03450475633144379
0080.jpg,Narrow-leaved plantain,Narrow-leaved plantain,0.03331606835126877
0081.jpg,Narrow-leaved plantain,Couch,0.02895815297961235
0082.jpg,Narrow-leaved plantain,Narrow-leaved plantain,0.03452805429697037
0083.jpg,Narrow-leaved plantain,Narrow-leaved plantain,0.03453140705823898
0084.jpg,Narrow-leaved plantain,Narrow-leaved plantain,0.034524042159318924
0085.jpg,Narrow-leaved plantain,Narrow-leaved plantain,0.03447894752025604
0086.jpg,Narrow-leaved plantain,Narrow-leaved plantain,0.03452816233038902
0087.jpg,Narrow-leaved plantain,Narrow-leaved plantain,0.03452836349606514
0088.jpg,Narrow-leaved plantain,Narrow-leaved plantain,0.03255012631416321
0089.jpg,Narrow-leaved plantain,Narrow-leaved plantain,0.03284011781215668
0090.jpg,Narrow-leaved plantain,Narrow-leaved plantain,0.03453126922249794
0091.jpg,Narrow-leaved plantain,Narrow-leaved plantain,0.03380616381764412
0092.jpg,Narrow-leaved plantain,Narrow-leaved plantain,0.03453138470649719
0093.jpg,Narrow-leaved plantain,Narrow-leaved plantain,0.03451646491885185
0094.jpg,Narrow-leaved plantain,Narrow-leaved plantain,0.03444253280758858
0095.jpg,Narrow-leaved plantain,Narrow-leaved plantain,0.03451108932495117
0096.jpg,Narrow-leaved plantain,Narrow-leaved plantain,0.03408215567469597
0097.jpg,Narrow-leaved plantain,Narrow-leaved plantain,0.030935076996684074
0098.jpg,Narrow-leaved plantain,Narrow-leaved plantain,0.03434513881802559
0099.jpg,Narrow-leaved plantain,Narrow-leaved plantain,0.03452529385685921
0000.jpg,Nettle,Nettle,0.03452353924512863
0001.jpg,Nettle,Nettle,0.03451550379395485
0002.jpg,Nettle,Nettle,0.034315235912799835
0003.jpg,Nettle,Sweet brier,0.018156597390770912
0004.jpg,Nettle,Mallow,0.033331792801618576
0005.jpg,Nettle,Nettle,0.03453175723552704
0006.jpg,Nettle,Nettle,0.034531448036432266
0007.jpg,Nettle,Nettle,0.034531693905591965
0008.jpg,Nettle,Nettle,0.03453177213668823
0009.jpg,Nettle,Nettle,0.03453163802623749
0010.jpg,Nettle,Nettle,0.03453177213668823
0011.jpg,Nettle,Nettle,0.034531671553850174
0012.jpg,Nettle,Nettle,0.03451435640454292
0013.jpg,Nettle,Ivy,0.025277776643633842
0014.jpg,Nettle,Nettle,0.026241129264235497
0015.jpg,Nettle,Nettle,0.03452173247933388
0016.jpg,Nettle,Nettle,0.0345313660800457
0017.jpg,Nettle,Redroot,0.03280330076813698
0018.jpg,Nettle,Nettle,0.03452983498573303
0019.jpg,Nettle,Nettle,0.034529201686382294
0020.jpg,Nettle,Nettle,0.03453177213668823
0021.jpg,Nettle,Nettle,0.034531716257333755
0022.jpg,Nettle,Nettle,0.03452339395880699
0023.jpg,Nettle,Nettle,0.03453058376908302
0024.jpg,Nettle,Nettle,0.03453138843178749
0025.jpg,Nettle,Nettle,0.03413649648427963
0026.jpg,Nettle,Nettle,0.03453165665268898
0027.jpg,Nettle,Nettle,0.03313125669956207
0028.jpg,Nettle,Twin cress,0.020211851224303246
0029.jpg,Nettle,Nettle,0.03453172370791435
0030.jpg,Nettle,Nettle,0.03452980890870094
0031.jpg,Nettle,Musky storksbill,0.02398294024169445
0032.jpg,Nettle,Nettle,0.03453157842159271
0033.jpg,Nettle,Nettle,0.034491050988435745
0034.jpg,Nettle,Nettle,0.034530725330114365
0035.jpg,Nettle,Nettle,0.03268386051058769
0036.jpg,Nettle,Nettle,0.03452634438872337
0037.jpg,Nettle,Nettle,0.03452591970562935
0038.jpg,Nettle,Nettle,0.03453049808740616
0039.jpg,Nettle,Nettle,0.03453124687075615
0040.jpg,Nettle,Nettle,0.03453175723552704
0041.jpg,Nettle,Nettle,0.03453177213668823
0042.jpg,Nettle,Nettle,0.03452086076140404
0043.jpg,Nettle,Nettle,0.03451738506555557
0044.jpg,Nettle,Nettle,0.03451326861977577
0045.jpg,Nettle,Nettle,0.03436610847711563
0046.jpg,Nettle,Nettle,0.034531671553850174
0047.jpg,Nettle,Nettle,0.034530043601989746
0048.jpg,Nettle,Nettle,0.034531597048044205
0049.jpg,Nettle,Nettle,0.034531015902757645
0050.jpg,Nettle,Nettle,0.0344729907810688
0051.jpg,Nettle,Nettle,0.03453114628791809
0052.jpg,Nettle,Nettle,0.034274373203516006
0053.jpg,Nettle,Nettle,0.03452082350850105
0054.jpg,Nettle,Ivy,0.033211831003427505
0055.jpg,Nettle,Nettle,0.034455955028533936
0056.jpg,Nettle,Nettle,0.03453020006418228
0057.jpg,Nettle,Nettle,0.03452910855412483
0058.jpg,Nettle,Nettle,0.034512195736169815
0059.jpg,Nettle,Nettle,0.034479402005672455
0060.jpg,Nettle,Nettle,0.03453175351023674
0061.jpg,Nettle,Nettle,0.034525323659181595
0062.jpg,Nettle,Nettle,0.03451543673872948
0063.jpg,Nettle,Nettle,0.03452746942639351
0064.jpg,Nettle,Nettle,0.03452962264418602
0065.jpg,Nettle,Nettle,0.03453025221824646
0066.jpg,Nettle,Nettle,0.03453138470649719
0067.jpg,Nettle,Nettle,0.03453144431114197
0068.jpg,Nettle,Nettle,0.034459032118320465
0069.jpg,Nettle,Broom,0.022663701325654984
0070.jpg,Nettle,Nettle,0.03452965244650841
0071.jpg,Nettle,Nettle,0.03323642536997795
0072.jpg,Nettle,Nettle,0.034499071538448334
0073.jpg,Nettle,Nettle,0.034510090947151184
0074.jpg,Nettle,Nettle,0.03452474996447563
0075.jpg,Nettle,Daisy,0.016302771866321564
0076.jpg,Nettle,Nettle,0.034249838441610336
0077.jpg,Nettle,Nettle,0.03452952206134796
0078.jpg,Nettle,Nettle,0.03446510434150696
0079.jpg,Nettle,Nettle,0.033554431051015854
0080.jpg,Nettle,Nettle,0.03452245146036148
0081.jpg,Nettle,Nettle,0.03321769833564758
0082.jpg,Nettle,Nettle,0.03449366241693497
0083.jpg,Nettle,Nettle,0.034481342881917953
0084.jpg,Nettle,Nettle,0.03453073650598526
0085.jpg,Nettle,Nettle,0.03446674719452858
0086.jpg,Nettle,Ivy,0.03442193195223808
0087.jpg,Nettle,Nettle,0.03446842357516289
0088.jpg,Nettle,Broad-leaved fleabane,0.03018047660589218
0089.jpg,Nettle,Nettle,0.03453042730689049
0090.jpg,Nettle,Nettle,0.03440234065055847
0091.jpg,Nettle,Nettle,0.03452957049012184
0092.jpg,Nettle,Nettle,0.03453170508146286
0093.jpg,Nettle,Nettle,0.03453156724572182
0094.jpg,Nettle,Broad-leaved dock,0.03235688805580139
0095.jpg,Nettle,Nettle,0.03446214646100998
0096.jpg,Nettle,Nettle,0.03453117236495018
0097.jpg,Nettle,Nettle,0.03453177213668823
0098.jpg,Nettle,Nettle,0.034531522542238235
0099.jpg,Nettle,Nettle,0.0345316007733345
0000.jpg,Nodding thistle,Nodding thistle,0.03452713415026665
0001.jpg,Nodding thistle,Nodding thistle,0.03452865779399872
0002.jpg,Nodding thistle,Nodding thistle,0.034527167677879333
0003.jpg,Nodding thistle,Californian thistle,0.021485252305865288
0004.jpg,Nodding thistle,Nodding thistle,0.030890051275491714
0005.jpg,Nodding thistle,Nodding thistle,0.03451504185795784
0006.jpg,Nodding thistle,Nodding thistle,0.03452881798148155
0007.jpg,Nodding thistle,Nodding thistle,0.034531399607658386
0008.jpg,Nodding thistle,Nodding thistle,0.034530360251665115
0009.jpg,Nodding thistle,Nodding thistle,0.03440386429429054
0010.jpg,Nodding thistle,Nodding thistle,0.03453170508146286
0011.jpg,Nodding thistle,Nodding thistle,0.03453173488378525
0012.jpg,Nodding thistle,Nodding thistle,0.0345265194773674
0013.jpg,Nodding thistle,Nodding thistle,0.03447093442082405
0014.jpg,Nodding thistle,Californian thistle,0.027484508231282234
0015.jpg,Nodding thistle,Nodding thistle,0.034516591578722
0016.jpg,Nodding thistle,Nodding thistle,0.03452838212251663
0017.jpg,Nodding thistle,Nodding thistle,0.0344802662730217
0018.jpg,Nodding thistle,Nodding thistle,0.034491200000047684
0019.jpg,Nodding thistle,Nodding thistle,0.03452961519360542
0020.jpg,Nodding thistle,Nodding thistle,0.03451869636774063
0021.jpg,Nodding thistle,Nodding thistle,0.034510571509599686
0022.jpg,Nodding thistle,Nodding thistle,0.034292273223400116
0023.jpg,Nodding thistle,Nodding thistle,0.03448420390486717
0024.jpg,Nodding thistle,Nodding thistle,0.03450717404484749
0025.jpg,Nodding thistle,Nodding thistle,0.034469909965991974
0026.jpg,Nodding thistle,Nodding thistle,0.03418736904859543
0027.jpg,Nodding thistle,Nodding thistle,0.03329165652394295
0028.jpg,Nodding thistle,Nodding thistle,0.026990054175257683
0029.jpg,Nodding thistle,Nodding thistle,0.034434884786605835
0030.jpg,Nodding thistle,Nodding thistle,0.0345277413725853
0031.jpg,Nodding thistle,Stinking mayweed,0.026954222470521927
0032.jpg,Nodding thistle,Nodding thistle,0.03452671691775322
0033.jpg,Nodding thistle,Nodding thistle,0.034531641751527786
0034.jpg,Nodding thistle,Nodding thistle,0.03452933952212334
0035.jpg,Nodding thistle,Nodding thistle,0.03449064865708351
0036.jpg,Nodding thistle,Nodding thistle,0.03307170420885086
0037.jpg,Nodding thistle,Nodding thistle,0.03453148156404495
0038.jpg,Nodding thistle,Nodding thistle,0.03452840447425842
0039.jpg,Nodding thistle,Nodding thistle,0.03444607928395271
0040.jpg,Nodding thistle,Nodding thistle,0.034513141959905624
0041.jpg,Nodding thistle,Nodding thistle,0.03451133519411087
0042.jpg,Nodding thistle,Nodding thistle,0.034531399607658386
0043.jpg,Nodding thistle,Nodding thistle,0.03448212519288063
0044.jpg,Nodding thistle,Nodding thistle,0.034530159085989
0045.jpg,Nodding thistle,Nodding thistle,0.034530915319919586
0046.jpg,Nodding thistle,Nodding thistle,0.034516721963882446
0047.jpg,Nodding thistle,Nodding thistle,0.034510985016822815
0048.jpg,Nodding thistle,Nodding thistle,0.034074995666742325
0049.jpg,Nodding thistle,Nodding thistle,0.03451714292168617
0050.jpg,Nodding thistle,Nodding thistle,0.034527458250522614
0051.jpg,Nodding thistle,Nodding thistle,0.03449460491538048
0052.jpg,Nodding thistle,Nodding thistle,0.03452073037624359
0053.jpg,Nodding thistle,Nodding thistle,0.03448610007762909
0054.jpg,Nodding thistle,Nodding thistle,0.03446252644062042
0055.jpg,Nodding thistle,Nodding thistle,0.034511666744947433
0056.jpg,Nodding thistle,Nodding thistle,0.034531112760305405
0057.jpg,Nodding thistle,Nodding thistle,0.034531716257333755
0058.jpg,Nodding thistle,Nodding thistle,0.03452836349606514
0059.jpg,Nodding thistle,Nodding thistle,0.03452714532613754
0060.jpg,Nodding thistle,Nodding thistle,0.03452916443347931
0061.jpg,Nodding thistle,Nodding thistle,0.03451712802052498
0062.jpg,Nodding thistle,Nodding thistle,0.034523576498031616
0063.jpg,Nodding thistle,Nodding thistle,0.034462351351976395
0064.jpg,Nodding thistle,Nodding thistle,0.03434079885482788
0065.jpg,Nodding thistle,Nodding thistle,0.03452875465154648
0066.jpg,Nodding thistle,Nodding thistle,0.034529320895671844
0067.jpg,Nodding thistle,Nodding thistle,0.03450944647192955
0068.jpg,Nodding thistle,Nodding thistle,0.03197242319583893
0069.jpg,Nodding thistle,Nodding thistle,0.0337209552526474
0070.jpg,Nodding thistle,Nodding thistle,0.03452127426862717
0071.jpg,Nodding thistle,Nodding thistle,0.03452759236097336
0072.jpg,Nodding thistle,Nodding thistle,0.034530021250247955
0073.jpg,Nodding thistle,Nodding thistle,0.034524183720350266
0074.jpg,Nodding thistle,Nodding thistle,0.034531693905591965
0075.jpg,Nodding thistle,Nodding thistle,0.034240756183862686
0076.jpg,Nodding thistle,Nodding thistle,0.0345175638794899
0077.jpg,Nodding thistle,Nodding thistle,0.03453172370791435
0078.jpg,Nodding thistle,Nodding thistle,0.03451346978545189
0079.jpg,Nodding thistle,Nodding thistle,0.03452904522418976
0080.jpg,Nodding thistle,Nodding thistle,0.03451048582792282
0081.jpg,Nodding thistle,Nodding thistle,0.034468621015548706
0082.jpg,Nodding thistle,Nodding thistle,0.03453157842159271
0083.jpg,Nodding thistle,Nodding thistle,0.03385632857680321
0084.jpg,Nodding thistle,Nodding thistle,0.03279086574912071
0085.jpg,Nodding thistle,Nodding thistle,0.03453157842159271
0086.jpg,Nodding thistle,Nodding thistle,0.019443431869149208
0087.jpg,Nodding thistle,Nodding thistle,0.03433191776275635
0088.jpg,Nodding thistle,Nodding thistle,0.022152690216898918
0089.jpg,Nodding thistle,Nodding thistle,0.034518711268901825
0090.jpg,Nodding thistle,Nodding thistle,0.0345086045563221
0091.jpg,Nodding thistle,Nodding thistle,0.034482505172491074
0092.jpg,Nodding thistle,Nodding thistle,0.03452984616160393
0093.jpg,Nodding thistle,Nodding thistle,0.0345301553606987
0094.jpg,Nodding thistle,Nodding thistle,0.019189022481441498
0095.jpg,Nodding thistle,Nodding thistle,0.032839879393577576
0096.jpg,Nodding thistle,Nodding thistle,0.03448465093970299
0097.jpg,Nodding thistle,Winged thistle,0.017680367454886436
0098.jpg,Nodding thistle,Nodding thistle,0.03447455167770386
0099.jpg,Nodding thistle,Nodding thistle,0.03452930971980095
0000.jpg,Old man’s beard,Old man’s beard,0.03450667858123779
0001.jpg,Old man’s beard,Old man’s beard,0.03452174365520477
0002.jpg,Old man’s beard,Old man’s beard,0.03450942784547806
0003.jpg,Old man’s beard,Old man’s beard,0.034316614270210266
0004.jpg,Old man’s beard,Old man’s beard,0.03433343023061752
0005.jpg,Old man’s beard,Old man’s beard,0.034480154514312744
0006.jpg,Old man’s beard,Old man’s beard,0.03447769954800606
0007.jpg,Old man’s beard,Old man’s beard,0.034447088837623596
0008.jpg,Old man’s beard,Old man’s beard,0.03451886028051376
0009.jpg,Old man’s beard,Old man’s beard,0.03452999144792557
0010.jpg,Old man’s beard,Old man’s beard,0.03451184928417206
0011.jpg,Old man’s beard,Old man’s beard,0.03452366217970848
0012.jpg,Old man’s beard,Old man’s beard,0.034521955996751785
0013.jpg,Old man’s beard,Old man’s beard,0.03453127294778824
0014.jpg,Old man’s beard,Old man’s beard,0.03439074009656906
0015.jpg,Old man’s beard,Old man’s beard,0.034528374671936035
0016.jpg,Old man’s beard,Old man’s beard,0.03452637791633606
0017.jpg,Old man’s beard,Old man’s beard,0.03267929330468178
0018.jpg,Old man’s beard,Old man’s beard,0.03453122451901436
0019.jpg,Old man’s beard,Old man’s beard,0.034298449754714966
0020.jpg,Old man’s beard,Old man’s beard,0.034531041979789734
0021.jpg,Old man’s beard,Old man’s beard,0.03453119099140167
0022.jpg,Old man’s beard,Old man’s beard,0.03453051671385765
0023.jpg,Old man’s beard,Old man’s beard,0.034521181136369705
0024.jpg,Old man’s beard,Old man’s beard,0.034491196274757385
0025.jpg,Old man’s beard,Old man’s beard,0.03409268334507942
0026.jpg,Old man’s beard,Old man’s beard,0.03312724828720093
0027.jpg,Old man’s beard,Old man’s beard,0.03452083468437195
0028.jpg,Old man’s beard,Old man’s beard,0.03453043848276138
0029.jpg,Old man’s beard,Old man’s beard,0.034513454884290695
0030.jpg,Old man’s beard,Old man’s beard,0.03449716418981552
0031.jpg,Old man’s beard,Old man’s beard,0.03452586755156517
0032.jpg,Old man’s beard,Old man’s beard,0.03452172130346298
0033.jpg,Old man’s beard,Old man’s beard,0.03453144431114197
0034.jpg,Old man’s beard,Old man’s beard,0.03449901565909386
0035.jpg,Old man’s beard,Old man’s beard,0.03442724794149399
0036.jpg,Old man’s beard,Old man’s beard,0.0345291830599308
0037.jpg,Old man’s beard,Old man’s beard,0.03453129902482033
0038.jpg,Old man’s beard,Old man’s beard,0.0345313586294651
0039.jpg,Old man’s beard,Old man’s beard,0.03453132510185242
0040.jpg,Old man’s beard,Old man’s beard,0.03453102335333824
0041.jpg,Old man’s beard,Old man’s beard,0.034517768770456314
0042.jpg,Old man’s beard,Old man’s beard,0.034484244883060455
0043.jpg,Old man’s beard,Old man’s beard,0.03453074395656586
0044.jpg,Old man’s beard,Old man’s beard,0.03453163057565689
0045.jpg,Old man’s beard,Old man’s beard,0.03452666103839874
0046.jpg,Old man’s beard,Old man’s beard,0.03439623862504959
0047.jpg,Old man’s beard,Old man’s beard,0.0344967246055603
0048.jpg,Old man’s beard,Old man’s beard,0.03452622517943382
0049.jpg,Old man’s beard,Old man’s beard,0.03451104462146759
0050.jpg,Old man’s beard,Old man’s beard,0.03437697887420654
0051.jpg,Old man’s beard,Old man’s beard,0.03445406258106232
0052.jpg,Old man’s beard,Old man’s beard,0.03399024158716202
0053.jpg,Old man’s beard,Old man’s beard,0.03420092165470123
0054.jpg,Old man’s beard,Old man’s beard,0.027168726548552513
0055.jpg,Old man’s beard,Old man’s beard,0.03452765941619873
0056.jpg,Old man’s beard,Old man’s beard,0.034509360790252686
0057.jpg,Old man’s beard,Old man’s beard,0.03452476114034653
0058.jpg,Old man’s beard,Old man’s beard,0.034523855894804
0059.jpg,Old man’s beard,Old man’s beard,0.03453158214688301
0060.jpg,Old man’s beard,Old man’s beard,0.03440842032432556
0061.jpg,Old man’s beard,Old man’s beard,0.03429310396313667
0062.jpg,Old man’s beard,Old man’s beard,0.03374350443482399
0063.jpg,Old man’s beard,Old man’s beard,0.034495290368795395
0064.jpg,Old man’s beard,Old man’s beard,0.033281564712524414
0065.jpg,Old man’s beard,Old man’s beard,0.03447868302464485
0066.jpg,Old man’s beard,Old man’s beard,0.03452584519982338
0067.jpg,Old man’s beard,Old man’s beard,0.034503065049648285
0068.jpg,Old man’s beard,Old man’s beard,0.034529589116573334
0069.jpg,Old man’s beard,Old man’s beard,0.034525759518146515
0070.jpg,Old man’s beard,Old man’s beard,0.03453100845217705
0071.jpg,Old man’s beard,Old man’s beard,0.03451398387551308
0072.jpg,Old man’s beard,Old man’s beard,0.034522492438554764
0073.jpg,Old man’s beard,Old man’s beard,0.03452281281352043
0074.jpg,Old man’s beard,Old man’s beard,0.03453138470649719
0075.jpg,Old man’s beard,Old man’s beard,0.03446151688694954
0076.jpg,Old man’s beard,Old man’s beard,0.03448718786239624
0077.jpg,Old man’s beard,Old man’s beard,0.03450364992022514
0078.jpg,Old man’s beard,Old man’s beard,0.0345289409160614
0079.jpg,Old man’s beard,Old man’s beard,0.03453105688095093
0080.jpg,Old man’s beard,Old man’s beard,0.034531671553850174
0081.jpg,Old man’s beard,Hemlock,0.021889247000217438
0082.jpg,Old man’s beard,Old man’s beard,0.034529950469732285
0083.jpg,Old man’s beard,Old man’s beard,0.03453053534030914
0084.jpg,Old man’s beard,Old man’s beard,0.03452974557876587
0085.jpg,Old man’s beard,Old man’s beard,0.034525394439697266
0086.jpg,Old man’s beard,Old man’s beard,0.021611560136079788
0087.jpg,Old man’s beard,Old man’s beard,0.0345272533595562
0088.jpg,Old man’s beard,Old man’s beard,0.03331625089049339
0089.jpg,Old man’s beard,Old man’s beard,0.034522827714681625
0090.jpg,Old man’s beard,Old man’s beard,0.03425415977835655
0091.jpg,Old man’s beard,Old man’s beard,0.034330327063798904
0092.jpg,Old man’s beard,Old man’s beard,0.03453115001320839
0093.jpg,Old man’s beard,Old man’s beard,0.034509871155023575
0094.jpg,Old man’s beard,Old man’s beard,0.021315742284059525
0095.jpg,Old man’s beard,Old man’s beard,0.03438795357942581
0096.jpg,Old man’s beard,Old man’s beard,0.03453037887811661
0097.jpg,Old man’s beard,Old man’s beard,0.03452317416667938
0098.jpg,Old man’s beard,Old man’s beard,0.03450164943933487
0099.jpg,Old man’s beard,Old man’s beard,0.0344494953751564
0000.jpg,Onehunga weed,Onehunga weed,0.03444567322731018
0001.jpg,Onehunga weed,Onehunga weed,0.03443755581974983
0002.jpg,Onehunga weed,Onehunga weed,0.03452662378549576
0003.jpg,Onehunga weed,Broad-leaved fleabane,0.021242037415504456
0004.jpg,Onehunga weed,Onehunga weed,0.02759082429111004
0005.jpg,Onehunga weed,Onehunga weed,0.03453090041875839
0006.jpg,Onehunga weed,Onehunga weed,0.03452838957309723
0007.jpg,Onehunga weed,Onehunga weed,0.03453151509165764
0008.jpg,Onehunga weed,Onehunga weed,0.03453176096081734
0009.jpg,Onehunga weed,Onehunga weed,0.03453163802623749
0010.jpg,Onehunga weed,Onehunga weed,0.0345306433737278
0011.jpg,Onehunga weed,Onehunga weed,0.031785205006599426
0012.jpg,Onehunga weed,Onehunga weed,0.034456174820661545
0013.jpg,Onehunga weed,Onehunga weed,0.03453162685036659
0014.jpg,Onehunga weed,Onehunga weed,0.034531351178884506
0015.jpg,Onehunga weed,Onehunga weed,0.03452978655695915
0016.jpg,Onehunga weed,Onehunga weed,0.03453116863965988
0017.jpg,Onehunga weed,Onehunga weed,0.03450540825724602
0018.jpg,Onehunga weed,Onehunga weed,0.03452228754758835
0019.jpg,Onehunga weed,Onehunga weed,0.03440660610795021
0020.jpg,Onehunga weed,Onehunga weed,0.03453101962804794
0021.jpg,Onehunga weed,Onehunga weed,0.03423027694225311
0022.jpg,Onehunga weed,Onehunga weed,0.034531090408563614
0023.jpg,Onehunga weed,Onehunga weed,0.03452768921852112
0024.jpg,Onehunga weed,Onehunga weed,0.03453049063682556
0025.jpg,Onehunga weed,Onehunga weed,0.03450870141386986
0026.jpg,Onehunga weed,Onehunga weed,0.03446127101778984
0027.jpg,Onehunga weed,Stinking mayweed,0.02377822808921337
0028.jpg,Onehunga weed,Yarrow,0.018205689266324043
0029.jpg,Onehunga weed,Onehunga weed,0.03446938842535019
0030.jpg,Onehunga weed,Onehunga weed,0.03448294475674629
0031.jpg,Onehunga weed,Onehunga weed,0.03179137408733368
0032.jpg,Onehunga weed,Onehunga weed,0.034515224397182465
0033.jpg,Onehunga weed,Onehunga weed,0.03280171379446983
0034.jpg,Onehunga weed,Onehunga weed,0.033866848796606064
0035.jpg,Onehunga weed,Onehunga weed,0.034452661871910095
0036.jpg,Onehunga weed,Onehunga weed,0.03444965183734894
0037.jpg,Onehunga weed,Onehunga weed,0.03450747951865196
0038.jpg,Onehunga weed,Onehunga weed,0.03453155606985092
0039.jpg,Onehunga weed,Onehunga weed,0.03453146293759346
0040.jpg,Onehunga weed,Onehunga weed,0.034514687955379486
0041.jpg,Onehunga weed,Onehunga weed,0.03452004864811897
0042.jpg,Onehunga weed,Onehunga weed,0.034530121833086014
0043.jpg,Onehunga weed,Onehunga weed,0.0345289520919323
0044.jpg,Onehunga weed,Onehunga weed,0.034523990005254745
0045.jpg,Onehunga weed,Onehunga weed,0.03453000262379646
0046.jpg,Onehunga weed,Onehunga weed,0.034531597048044205
0047.jpg,Onehunga weed,Onehunga weed,0.03453108295798302
0048.jpg,Onehunga weed,Onehunga weed,0.034348178654909134
0049.jpg,Onehunga weed,Onehunga weed,0.03453148528933525
0050.jpg,Onehunga weed,Onehunga weed,0.0342462919652462
0051.jpg,Onehunga weed,Onehunga weed,0.034509312361478806
0052.jpg,Onehunga weed,Onehunga weed,0.03449111059308052
0053.jpg,Onehunga weed,Onehunga weed,0.03451097756624222
0054.jpg,Onehunga weed,Twin cress,0.030296308919787407
0055.jpg,Onehunga weed,Onehunga weed,0.03453044593334198
0056.jpg,Onehunga weed,Onehunga weed,0.034411411732435226
0057.jpg,Onehunga weed,Onehunga weed,0.03452799469232559
0058.jpg,Onehunga weed,Onehunga weed,0.0345296636223793
0059.jpg,Onehunga weed,Onehunga weed,0.034520842134952545
0060.jpg,Onehunga weed,Onehunga weed,0.034528698772192
0061.jpg,Onehunga weed,Onehunga weed,0.03453144431114197
0062.jpg,Onehunga weed,Onehunga weed,0.03436781466007233
0063.jpg,Onehunga weed,Onehunga weed,0.03451003134250641
0064.jpg,Onehunga weed,Onehunga weed,0.01934213936328888
0065.jpg,Onehunga weed,Onehunga weed,0.0344010666012764
0066.jpg,Onehunga weed,Onehunga weed,0.03425256907939911
0067.jpg,Onehunga weed,Onehunga weed,0.034531205892562866
0068.jpg,Onehunga weed,Onehunga weed,0.034531738609075546
0069.jpg,Onehunga weed,Onehunga weed,0.034531496465206146
0070.jpg,Onehunga weed,Onehunga weed,0.034528255462646484
0071.jpg,Onehunga weed,Onehunga weed,0.03453172370791435
0072.jpg,Onehunga weed,Onehunga weed,0.03453103452920914
0073.jpg,Onehunga weed,Onehunga weed,0.034531738609075546
0074.jpg,Onehunga weed,Onehunga weed,0.03452980890870094
0075.jpg,Onehunga weed,Onehunga weed,0.03450777381658554
0076.jpg,Onehunga weed,Onehunga weed,0.034529589116573334
0077.jpg,Onehunga weed,Onehunga weed,0.03452765941619873
0078.jpg,Onehunga weed,Onehunga weed,0.03452571481466293
0079.jpg,Onehunga weed,Onehunga weed,0.03452835977077484
0080.jpg,Onehunga weed,Onehunga weed,0.03053213469684124
0081.jpg,Onehunga weed,Tauhinu,0.028365949168801308
0082.jpg,Onehunga weed,Onehunga weed,0.034292012453079224
0083.jpg,Onehunga weed,Onehunga weed,0.03451751917600632
0084.jpg,Onehunga weed,Onehunga weed,0.03453163057565689
0085.jpg,Onehunga weed,Onehunga weed,0.03452885150909424
0086.jpg,Onehunga weed,Onehunga weed,0.03453070670366287
0087.jpg,Onehunga weed,Onehunga weed,0.03452898934483528
0088.jpg,Onehunga weed,Onehunga weed,0.017452644184231758
0089.jpg,Onehunga weed,Onehunga weed,0.03452478349208832
0090.jpg,Onehunga weed,Onehunga weed,0.03453167900443077
0091.jpg,Onehunga weed,Onehunga weed,0.03435458615422249
0092.jpg,Onehunga weed,Onehunga weed,0.034527119249105453
0093.jpg,Onehunga weed,Onehunga weed,0.034531619399785995
0094.jpg,Onehunga weed,Annual poa,0.01968565583229065
0095.jpg,Onehunga weed,Onehunga weed,0.03436146676540375
0096.jpg,Onehunga weed,Onehunga weed,0.03436005115509033
0097.jpg,Onehunga weed,Onehunga weed,0.03213708847761154
0098.jpg,Onehunga weed,Onehunga weed,0.03452768921852112
0099.jpg,Onehunga weed,Onehunga weed,0.034525275230407715
0000.jpg,Oxeye daisy,Yarrow,0.023792970925569534
0001.jpg,Oxeye daisy,Yarrow,0.021692734211683273
0002.jpg,Oxeye daisy,Yarrow,0.02955961786210537
0003.jpg,Oxeye daisy,Yarrow,0.03451948240399361
0004.jpg,Oxeye daisy,Oxeye daisy,0.020462915301322937
0005.jpg,Oxeye daisy,Oxeye daisy,0.03448997065424919
0006.jpg,Oxeye daisy,Oxeye daisy,0.03419874608516693
0007.jpg,Oxeye daisy,Oxeye daisy,0.03426225483417511
0008.jpg,Oxeye daisy,Oxeye daisy,0.03434783220291138
0009.jpg,Oxeye daisy,Oxeye daisy,0.03453126922249794
0010.jpg,Oxeye daisy,Oxeye daisy,0.03453141078352928
0011.jpg,Oxeye daisy,Oxeye daisy,0.027739495038986206
0012.jpg,Oxeye daisy,Oxeye daisy,0.034531448036432266
0013.jpg,Oxeye daisy,Oxeye daisy,0.03418537974357605
0014.jpg,Oxeye daisy,Oxeye daisy,0.0345313623547554
0015.jpg,Oxeye daisy,Oxeye daisy,0.034402068704366684
0016.jpg,Oxeye daisy,Oxeye daisy,0.034527577459812164
0017.jpg,Oxeye daisy,Dandelion,0.017031382769346237
0018.jpg,Oxeye daisy,Oxeye daisy,0.02853715978562832
0019.jpg,Oxeye daisy,Oxeye daisy,0.034084808081388474
0020.jpg,Oxeye daisy,Oxeye daisy,0.03452538698911667
0021.jpg,Oxeye daisy,Oxeye daisy,0.03452723100781441
0022.jpg,Oxeye daisy,Oxeye daisy,0.033082809299230576
0023.jpg,Oxeye daisy,Oxeye daisy,0.034346554428339005
0024.jpg,Oxeye daisy,Oxeye daisy,0.03254774212837219
0025.jpg,Oxeye daisy,Oxeye daisy,0.034391261637210846
0026.jpg,Oxeye daisy,Oxeye daisy,0.03451874852180481
0027.jpg,Oxeye daisy,Oxeye daisy,0.031528882682323456
0028.jpg,Oxeye daisy,Oxeye daisy,0.02479977160692215
0029.jpg,Oxeye daisy,Oxeye daisy,0.029642079025506973
0030.jpg,Oxeye daisy,Oxeye daisy,0.034520842134952545
0031.jpg,Oxeye daisy,Groundsel,0.01876855455338955
0032.jpg,Oxeye daisy,Oxeye daisy,0.034524593502283096
0033.jpg,Oxeye daisy,Oxeye daisy,0.034306928515434265
0034.jpg,Oxeye daisy,Oxeye daisy,0.03437423333525658
0035.jpg,Oxeye daisy,Oxeye daisy,0.03452536091208458
0036.jpg,Oxeye daisy,Oxeye daisy,0.03449835255742073
0037.jpg,Oxeye daisy,Oxeye daisy,0.034527409821748734
0038.jpg,Oxeye daisy,Oxeye daisy,0.03321981802582741
0039.jpg,Oxeye daisy,Oxeye daisy,0.03447624295949936
0040.jpg,Oxeye daisy,Oxeye daisy,0.033915143460035324
0041.jpg,Oxeye daisy,Oxeye daisy,0.034521739929914474
0042.jpg,Oxeye daisy,Oxeye daisy,0.03428834676742554
0043.jpg,Oxeye daisy,Oxeye daisy,0.03448910638689995
0044.jpg,Oxeye daisy,Oxeye daisy,0.03451479226350784
0045.jpg,Oxeye daisy,Oxeye daisy,0.03434916213154793
0046.jpg,Oxeye daisy,Oxeye daisy,0.033842023462057114
0047.jpg,Oxeye daisy,Oxeye daisy,0.03407915309071541
0048.jpg,Oxeye daisy,Oxeye daisy,0.03337346762418747
0049.jpg,Oxeye daisy,Oxeye daisy,0.03448839485645294
0050.jpg,Oxeye daisy,Oxeye daisy,0.034526579082012177
0051.jpg,Oxeye daisy,Oxeye daisy,0.034509796649217606
0052.jpg,Oxeye daisy,Oxeye daisy,0.034367479383945465
0053.jpg,Oxeye daisy,Oxeye daisy,0.0295404139906168
0054.jpg,Oxeye daisy,Yarrow,0.029014477506279945
0055.jpg,Oxeye daisy,Oxeye daisy,0.03445784002542496
0056.jpg,Oxeye daisy,Oxeye daisy,0.034527335315942764
0057.jpg,Oxeye daisy,Oxeye daisy,0.034507591277360916
0058.jpg,Oxeye daisy,Oxeye daisy,0.034511748701334
0059.jpg,Oxeye daisy,Oxeye daisy,0.03439812734723091
0060.jpg,Oxeye daisy,Oxeye daisy,0.034257177263498306
0061.jpg,Oxeye daisy,Oxeye daisy,0.034460362046957016
0062.jpg,Oxeye daisy,Oxeye daisy,0.034416258335113525
0063.jpg,Oxeye daisy,Oxeye daisy,0.034485116600990295
0064.jpg,Oxeye daisy,Oxeye daisy,0.03219329193234444
0065.jpg,Oxeye daisy,Oxeye daisy,0.03437191992998123
0066.jpg,Oxeye daisy,Oxeye daisy,0.033317681401968
0067.jpg,Oxeye daisy,Oxeye daisy,0.03452746942639351
0068.jpg,Oxeye daisy,Oxeye daisy,0.03452591598033905
0069.jpg,Oxeye daisy,Oxeye daisy,0.03444220498204231
0070.jpg,Oxeye daisy,Oxeye daisy,0.03426098823547363
0071.jpg,Oxeye daisy,Oxeye daisy,0.034510668367147446
0072.jpg,Oxeye daisy,Oxeye daisy,0.029183175414800644
0073.jpg,Oxeye daisy,Oxeye daisy,0.0311210248619318
0074.jpg,Oxeye daisy,Oxeye daisy,0.034378986805677414
0075.jpg,Oxeye daisy,Yarrow,0.017465563490986824
0076.jpg,Oxeye daisy,Oxeye daisy,0.034530919045209885
0077.jpg,Oxeye daisy,Oxeye daisy,0.034506190568208694
0078.jpg,Oxeye daisy,Oxeye daisy,0.034346990287303925
0079.jpg,Oxeye daisy,Oxeye daisy,0.03443147987127304
0080.jpg,Oxeye daisy,Oxeye daisy,0.03452998399734497
0081.jpg,Oxeye daisy,Groundsel,0.020812978968024254
0082.jpg,Oxeye daisy,Oxeye daisy,0.03448189049959183
0083.jpg,Oxeye daisy,Oxeye daisy,0.03350226581096649
0084.jpg,Oxeye daisy,Oxeye daisy,0.03451799228787422
0085.jpg,Oxeye daisy,Oxeye daisy,0.034245848655700684
0086.jpg,Oxeye daisy,Oxeye daisy,0.030828675255179405
0087.jpg,Oxeye daisy,Oxeye daisy,0.03421199321746826
0088.jpg,Oxeye daisy,Oxeye daisy,0.02029300481081009
0089.jpg,Oxeye daisy,Oxeye daisy,0.03451809659600258
0090.jpg,Oxeye daisy,Oxeye daisy,0.03289894014596939
0091.jpg,Oxeye daisy,Oxeye daisy,0.034496668726205826
0092.jpg,Oxeye daisy,Oxeye daisy,0.034523285925388336
0093.jpg,Oxeye daisy,Oxeye daisy,0.03450740873813629
0094.jpg,Oxeye daisy,Oxeye daisy,0.022182734683156013
0095.jpg,Oxeye daisy,Oxeye daisy,0.034420520067214966
0096.jpg,Oxeye daisy,Oxeye daisy,0.03453110158443451
0097.jpg,Oxeye daisy,Oxeye daisy,0.03450637683272362
0098.jpg,Oxeye daisy,Oxeye daisy,0.03439972549676895
0099.jpg,Oxeye daisy,Oxeye daisy,0.03452727943658829
0000.jpg,Parsley dropwort,Parsley dropwort,0.03452460467815399
0001.jpg,Parsley dropwort,Parsley dropwort,0.03453177213668823
0002.jpg,Parsley dropwort,Parsley dropwort,0.03418199345469475
0003.jpg,Parsley dropwort,Parsley dropwort,0.03405679389834404
0004.jpg,Parsley dropwort,Parsley dropwort,0.03453163802623749
0005.jpg,Parsley dropwort,Blackberry,0.020648157224059105
0006.jpg,Parsley dropwort,Parsley dropwort,0.03449441120028496
0007.jpg,Parsley dropwort,Parsley dropwort,0.034486547112464905
0008.jpg,Parsley dropwort,Parsley dropwort,0.03453175351023674
0009.jpg,Parsley dropwort,Parsley dropwort,0.034531716257333755
0010.jpg,Parsley dropwort,Parsley dropwort,0.03444584086537361
0011.jpg,Parsley dropwort,Parsley dropwort,0.03444673866033554
0012.jpg,Parsley dropwort,Parsley dropwort,0.034488242119550705
0013.jpg,Parsley dropwort,Parsley dropwort,0.02107946388423443
0014.jpg,Parsley dropwort,Parsley dropwort,0.03453100472688675
0015.jpg,Parsley dropwort,Parsley dropwort,0.0345287024974823
0016.jpg,Parsley dropwort,Parsley dropwort,0.03141731396317482
0017.jpg,Parsley dropwort,Parsley dropwort,0.03397812321782112
0018.jpg,Parsley dropwort,Parsley dropwort,0.034440282732248306
0019.jpg,Parsley dropwort,Parsley dropwort,0.03444412723183632
0020.jpg,Parsley dropwort,Parsley dropwort,0.03452511504292488
0021.jpg,Parsley dropwort,Parsley dropwort,0.034531671553850174
0022.jpg,Parsley dropwort,Parsley dropwort,0.03438747301697731
0023.jpg,Parsley dropwort,Parsley dropwort,0.0344020277261734
0024.jpg,Parsley dropwort,Parsley dropwort,0.03448051959276199
0025.jpg,Parsley dropwort,Parsley dropwort,0.03452958166599274
0026.jpg,Parsley dropwort,Parsley dropwort,0.03453162685036659
0027.jpg,Parsley dropwort,Parsley dropwort,0.03452039882540703
0028.jpg,Parsley dropwort,White clover,0.02434748411178589
0029.jpg,Parsley dropwort,Stinking mayweed,0.023416167125105858
0030.jpg,Parsley dropwort,Parsley dropwort,0.0345306396484375
0031.jpg,Parsley dropwort,Parsley dropwort,0.03452116996049881
0032.jpg,Parsley dropwort,Parsley dropwort,0.034523967653512955
0033.jpg,Parsley dropwort,Parsley dropwort,0.034502387046813965
0034.jpg,Parsley dropwort,Parsley dropwort,0.03452996537089348
0035.jpg,Parsley dropwort,Parsley dropwort,0.03365185484290123
0036.jpg,Parsley dropwort,Parsley dropwort,0.03452860191464424
0037.jpg,Parsley dropwort,Parsley dropwort,0.03450866788625717
0038.jpg,Parsley dropwort,Parsley dropwort,0.03453175723552704
0039.jpg,Parsley dropwort,Parsley dropwort,0.034531693905591965
0040.jpg,Parsley dropwort,Parsley dropwort,0.034510333091020584
0041.jpg,Parsley dropwort,Parsley dropwort,0.03453081473708153
0042.jpg,Parsley dropwort,Parsley dropwort,0.034530941396951675
0043.jpg,Parsley dropwort,Parsley dropwort,0.034531693905591965
0044.jpg,Parsley dropwort,Parsley dropwort,0.034446414560079575
0045.jpg,Parsley dropwort,Parsley dropwort,0.034530460834503174
0046.jpg,Parsley dropwort,Parsley dropwort,0.03453097492456436
0047.jpg,Parsley dropwort,Parsley dropwort,0.034519441425800323
0048.jpg,Parsley dropwort,Parsley dropwort,0.034531425684690475
0049.jpg,Parsley dropwort,Parsley dropwort,0.03453174605965614
0050.jpg,Parsley dropwort,Parsley dropwort,0.0345151387155056
0051.jpg,Parsley dropwort,Parsley dropwort,0.03452273830771446
0052.jpg,Parsley dropwort,Parsley dropwort,0.03452412411570549
0053.jpg,Parsley dropwort,Parsley dropwort,0.034523047506809235
0054.jpg,Parsley dropwort,Narrow-leaved plantain,0.02276366576552391
0055.jpg,Parsley dropwort,Parsley dropwort,0.034531425684690475
0056.jpg,Parsley dropwort,Parsley dropwort,0.03453127294778824
0057.jpg,Parsley dropwort,Parsley dropwort,0.0345224104821682
0058.jpg,Parsley dropwort,Parsley dropwort,0.034502629190683365
0059.jpg,Parsley dropwort,Parsley dropwort,0.034521494060754776
0060.jpg,Parsley dropwort,Parsley dropwort,0.03453173115849495
0061.jpg,Parsley dropwort,Parsley dropwort,0.03453155606985092
0062.jpg,Parsley dropwort,Parsley dropwort,0.03453148156404495
0063.jpg,Parsley dropwort,Parsley dropwort,0.03453176096081734
0064.jpg,Parsley dropwort,Parsley dropwort,0.025351084768772125
0065.jpg,Parsley dropwort,Parsley dropwort,0.03452473133802414
0066.jpg,Parsley dropwort,Parsley dropwort,0.03453081473708153
0067.jpg,Parsley dropwort,Parsley dropwort,0.034481409937143326
0068.jpg,Parsley dropwort,Parsley dropwort,0.03453155979514122
0069.jpg,Parsley dropwort,Parsley dropwort,0.0345105417072773
0070.jpg,Parsley dropwort,Parsley dropwort,0.03443833068013191
0071.jpg,Parsley dropwort,Parsley dropwort,0.03449515625834465
0072.jpg,Parsley dropwort,Parsley dropwort,0.03452608361840248
0073.jpg,Parsley dropwort,Parsley dropwort,0.03451412171125412
0074.jpg,Parsley dropwort,Parsley dropwort,0.0345132015645504
0075.jpg,Parsley dropwort,Stinking mayweed,0.016618698835372925
0076.jpg,Parsley dropwort,Parsley dropwort,0.03449703007936478
0077.jpg,Parsley dropwort,Parsley dropwort,0.03453095257282257
0078.jpg,Parsley dropwort,Parsley dropwort,0.03447073698043823
0079.jpg,Parsley dropwort,Parsley dropwort,0.0345032662153244
0080.jpg,Parsley dropwort,Parsley dropwort,0.03451624885201454
0081.jpg,Parsley dropwort,Parsley dropwort,0.03453175723552704
0082.jpg,Parsley dropwort,Parsley dropwort,0.03453143686056137
0083.jpg,Parsley dropwort,Parsley dropwort,0.03453175723552704
0084.jpg,Parsley dropwort,Parsley dropwort,0.03453172370791435
0085.jpg,Parsley dropwort,Parsley dropwort,0.034527070820331573
0086.jpg,Parsley dropwort,Parsley dropwort,0.033959709107875824
0087.jpg,Parsley dropwort,Parsley dropwort,0.03451745957136154
0088.jpg,Parsley dropwort,Parsley dropwort,0.03453028202056885
0089.jpg,Parsley dropwort,Parsley dropwort,0.03453102335333824
0090.jpg,Parsley dropwort,Parsley dropwort,0.034531086683273315
0091.jpg,Parsley dropwort,Parsley dropwort,0.03453174605965614
0092.jpg,Parsley dropwort,Parsley dropwort,0.03453166037797928
0093.jpg,Parsley dropwort,Parsley dropwort,0.03453176096081734
0094.jpg,Parsley dropwort,Parsley dropwort,0.034531548619270325
0095.jpg,Parsley dropwort,Parsley dropwort,0.03453097119927406
0096.jpg,Parsley dropwort,Parsley dropwort,0.03452460467815399
0097.jpg,Parsley dropwort,Parsley dropwort,0.03453017771244049
0098.jpg,Parsley dropwort,Parsley dropwort,0.034531597048044205
0099.jpg,Parsley dropwort,Parsley dropwort,0.0345303900539875
0000.jpg,Parsley piert,Parsley piert,0.03452682122588158
0001.jpg,Parsley piert,Parsley piert,0.03439338505268097
0002.jpg,Parsley piert,Parsley piert,0.034527964890003204
0003.jpg,Parsley piert,Parsley piert,0.03415139764547348
0004.jpg,Parsley piert,Parsley piert,0.03450620546936989
0005.jpg,Parsley piert,Parsley piert,0.03451291844248772
0006.jpg,Parsley piert,Parsley piert,0.03452327474951744
0007.jpg,Parsley piert,Parsley piert,0.03452945873141289
0008.jpg,Parsley piert,Parsley piert,0.034520119428634644
0009.jpg,Parsley piert,Parsley piert,0.034531496465206146
0010.jpg,Parsley piert,Parsley piert,0.03451864793896675
0011.jpg,Parsley piert,Parsley piert,0.03451463580131531
0012.jpg,Parsley piert,Parsley piert,0.034528933465480804
0013.jpg,Parsley piert,Parsley piert,0.03411098197102547
0014.jpg,Parsley piert,Parsley piert,0.019062411040067673
0015.jpg,Parsley piert,Parsley piert,0.03452964127063751
0016.jpg,Parsley piert,Parsley piert,0.034531235694885254
0017.jpg,Parsley piert,Parsley piert,0.03304425999522209
0018.jpg,Parsley piert,Parsley piert,0.034506235271692276
0019.jpg,Parsley piert,Parsley piert,0.0345313660800457
0020.jpg,Parsley piert,Parsley piert,0.03452987223863602
0021.jpg,Parsley piert,Parsley piert,0.03439054265618324
0022.jpg,Parsley piert,Parsley piert,0.03453046828508377
0023.jpg,Parsley piert,Parsley piert,0.03452960029244423
0024.jpg,Parsley piert,Parsley piert,0.034531403332948685
0025.jpg,Parsley piert,Parsley piert,0.034480564296245575
0026.jpg,Parsley piert,Parsley piert,0.03447655960917473
0027.jpg,Parsley piert,Parsley piert,0.034425560384988785
0028.jpg,Parsley piert,Parsley piert,0.027286332100629807
0029.jpg,Parsley piert,Hedge mustard,0.016218673437833786
0030.jpg,Parsley piert,Parsley piert,0.034518491476774216
0031.jpg,Parsley piert,Parsley piert,0.034520357847213745
0032.jpg,Parsley piert,Parsley piert,0.03442271053791046
0033.jpg,Parsley piert,Parsley piert,0.03432281315326691
0034.jpg,Parsley piert,Parsley piert,0.03453020751476288
0035.jpg,Parsley piert,Parsley piert,0.0338207371532917
0036.jpg,Parsley piert,Parsley piert,0.03444037213921547
0037.jpg,Parsley piert,Parsley piert,0.03452087566256523
0038.jpg,Parsley piert,Parsley piert,0.03446914628148079
0039.jpg,Parsley piert,Parsley piert,0.03451104462146759
0040.jpg,Parsley piert,Parsley piert,0.03415575623512268
0041.jpg,Parsley piert,Parsley piert,0.03452156111598015
0042.jpg,Parsley piert,Parsley piert,0.03453078866004944
0043.jpg,Parsley piert,Parsley piert,0.03452976420521736
0044.jpg,Parsley piert,Parsley piert,0.03439617156982422
0045.jpg,Parsley piert,Parsley piert,0.03452025353908539
0046.jpg,Parsley piert,Parsley piert,0.03452741354703903
0047.jpg,Parsley piert,Parsley piert,0.03453116491436958
0048.jpg,Parsley piert,Parsley piert,0.034325797110795975
0049.jpg,Parsley piert,Parsley piert,0.03452850133180618
0050.jpg,Parsley piert,Parsley piert,0.034400660544633865
0051.jpg,Parsley piert,Parsley piert,0.034514520317316055
0052.jpg,Parsley piert,Parsley piert,0.03452775627374649
0053.jpg,Parsley piert,Parsley piert,0.03398192301392555
0054.jpg,Parsley piert,Creeping oxalis,0.01966523565351963
0055.jpg,Parsley piert,Parsley piert,0.034531205892562866
0056.jpg,Parsley piert,Parsley piert,0.03453163057565689
0057.jpg,Parsley piert,Parsley piert,0.03450702875852585
0058.jpg,Parsley piert,Parsley piert,0.03453133627772331
0059.jpg,Parsley piert,Parsley piert,0.03452976793050766
0060.jpg,Parsley piert,Parsley piert,0.03453081473708153
0061.jpg,Parsley piert,Parsley piert,0.03435880318284035
0062.jpg,Parsley piert,Parsley piert,0.0345197357237339
0063.jpg,Parsley piert,Parsley piert,0.034499641507864
0064.jpg,Parsley piert,Parsley piert,0.029409507289528847
0065.jpg,Parsley piert,Parsley piert,0.03453155979514122
0066.jpg,Parsley piert,Parsley piert,0.034511748701334
0067.jpg,Parsley piert,Parsley piert,0.03431671857833862
0068.jpg,Parsley piert,Parsley piert,0.0340854674577713
0069.jpg,Parsley piert,Parsley piert,0.03171604126691818
0070.jpg,Parsley piert,Parsley piert,0.034529201686382294
0071.jpg,Parsley piert,Parsley piert,0.03453166037797928
0072.jpg,Parsley piert,Parsley piert,0.03452591598033905
0073.jpg,Parsley piert,Parsley piert,0.034531738609075546
0074.jpg,Parsley piert,Parsley piert,0.026517415419220924
0075.jpg,Parsley piert,Staggerweed,0.022327803075313568
0076.jpg,Parsley piert,Parsley piert,0.03441304340958595
0077.jpg,Parsley piert,Parsley piert,0.03453059867024422
0078.jpg,Parsley piert,Parsley piert,0.03381279110908508
0079.jpg,Parsley piert,Parsley piert,0.03451376035809517
0080.jpg,Parsley piert,Parsley piert,0.034531012177467346
0081.jpg,Parsley piert,Parsley piert,0.03452455252408981
0082.jpg,Parsley piert,Parsley piert,0.034531161189079285
0083.jpg,Parsley piert,Parsley piert,0.034501153975725174
0084.jpg,Parsley piert,Parsley piert,0.03439168259501457
0085.jpg,Parsley piert,Parsley piert,0.03435826674103737
0086.jpg,Parsley piert,Parsley piert,0.03453143313527107
0087.jpg,Parsley piert,Parsley piert,0.03429444506764412
0088.jpg,Parsley piert,Parsley piert,0.03448047116398811
0089.jpg,Parsley piert,Parsley piert,0.034456994384527206
0090.jpg,Parsley piert,Parsley piert,0.034281231462955475
0091.jpg,Parsley piert,Parsley piert,0.03448982909321785
0092.jpg,Parsley piert,Parsley piert,0.03452608734369278
0093.jpg,Parsley piert,Parsley piert,0.03453148156404495
0094.jpg,Parsley piert,Parsley piert,0.034530140459537506
0095.jpg,Parsley piert,Parsley piert,0.03453173488378525
0096.jpg,Parsley piert,Parsley piert,0.0345316082239151
0097.jpg,Parsley piert,Parsley piert,0.0345316156744957
0098.jpg,Parsley piert,Parsley piert,0.034531209617853165
0099.jpg,Parsley piert,Parsley piert,0.03453173115849495
0000.jpg,Paspalum,Paspalum,0.03453027084469795
0001.jpg,Paspalum,Paspalum,0.0344422273337841
0002.jpg,Paspalum,Paspalum,0.03453155606985092
0003.jpg,Paspalum,Paspalum,0.03361966460943222
0004.jpg,Paspalum,Paspalum,0.033794283866882324
0005.jpg,Paspalum,Paspalum,0.03453006595373154
0006.jpg,Paspalum,Paspalum,0.034258805215358734
0007.jpg,Paspalum,Paspalum,0.03452913090586662
0008.jpg,Paspalum,Paspalum,0.03447657823562622
0009.jpg,Paspalum,Paspalum,0.03453163430094719
0010.jpg,Paspalum,Paspalum,0.03446228802204132
0011.jpg,Paspalum,Paspalum,0.02133270911872387
0012.jpg,Paspalum,Paspalum,0.03451767563819885
0013.jpg,Paspalum,Hawkbit,0.016823524609208107
0014.jpg,Paspalum,Paspalum,0.024809444323182106
0015.jpg,Paspalum,Paspalum,0.03452723100781441
0016.jpg,Paspalum,Paspalum,0.034523848444223404
0017.jpg,Paspalum,Annual poa,0.0265129916369915
0018.jpg,Paspalum,Paspalum,0.034513071179389954
0019.jpg,Paspalum,Paspalum,0.03453070670366287
0020.jpg,Paspalum,Paspalum,0.034057531505823135
0021.jpg,Paspalum,Paspalum,0.03450286388397217
0022.jpg,Paspalum,Paspalum,0.03453167527914047
0023.jpg,Paspalum,Paspalum,0.034529417753219604
0024.jpg,Paspalum,Paspalum,0.034531284123659134
0025.jpg,Paspalum,Paspalum,0.03452276811003685
0026.jpg,Paspalum,Paspalum,0.034527819603681564
0027.jpg,Paspalum,Paspalum,0.03232855349779129
0028.jpg,Paspalum,Water pepper,0.02016693726181984
0029.jpg,Paspalum,Water pepper,0.02480265684425831
0030.jpg,Paspalum,Paspalum,0.03452293947339058
0031.jpg,Paspalum,Nettle,0.021735377609729767
0032.jpg,Paspalum,Paspalum,0.03449777886271477
0033.jpg,Paspalum,Paspalum,0.03445415571331978
0034.jpg,Paspalum,Paspalum,0.03450710326433182
0035.jpg,Paspalum,Water pepper,0.02368188463151455
0036.jpg,Paspalum,Paspalum,0.03452243283390999
0037.jpg,Paspalum,Paspalum,0.034449782222509384
0038.jpg,Paspalum,Paspalum,0.03436492010951042
0039.jpg,Paspalum,Paspalum,0.03453101962804794
0040.jpg,Paspalum,Paspalum,0.03452984616160393
0041.jpg,Paspalum,Paspalum,0.03453167900443077
0042.jpg,Paspalum,Paspalum,0.034416209906339645
0043.jpg,Paspalum,Paspalum,0.03451136127114296
0044.jpg,Paspalum,Paspalum,0.034531448036432266
0045.jpg,Paspalum,Paspalum,0.034512195736169815
0046.jpg,Paspalum,Paspalum,0.03403690457344055
0047.jpg,Paspalum,Paspalum,0.034529685974121094
0048.jpg,Paspalum,Paspalum,0.0345277264714241
0049.jpg,Paspalum,Paspalum,0.034531235694885254
0050.jpg,Paspalum,Paspalum,0.034470316022634506
0051.jpg,Paspalum,Paspalum,0.03452146425843239
0052.jpg,Paspalum,Paspalum,0.034429822117090225
0053.jpg,Paspalum,Paspalum,0.03452932462096214
0054.jpg,Paspalum,Annual poa,0.01765272207558155
0055.jpg,Paspalum,Paspalum,0.03393431007862091
0056.jpg,Paspalum,Paspalum,0.03452996537089348
0057.jpg,Paspalum,Paspalum,0.0345272570848465
0058.jpg,Paspalum,Paspalum,0.034527432173490524
0059.jpg,Paspalum,Paspalum,0.03452157601714134
0060.jpg,Paspalum,Paspalum,0.03453172370791435
0061.jpg,Paspalum,Paspalum,0.03451766446232796
0062.jpg,Paspalum,Paspalum,0.034530021250247955
0063.jpg,Paspalum,Paspalum,0.03453154116868973
0064.jpg,Paspalum,Paspalum,0.03248070925474167
0065.jpg,Paspalum,Paspalum,0.03451883792877197
0066.jpg,Paspalum,Paspalum,0.034505445510149
0067.jpg,Paspalum,Paspalum,0.03429098054766655
0068.jpg,Paspalum,Paspalum,0.03453027456998825
0069.jpg,Paspalum,Paspalum,0.03447868302464485
0070.jpg,Paspalum,Paspalum,0.03453129902482033
0071.jpg,Paspalum,Paspalum,0.03453162685036659
0072.jpg,Paspalum,Paspalum,0.034530721604824066
0073.jpg,Paspalum,Paspalum,0.03452759608626366
0074.jpg,Paspalum,Paspalum,0.03453013673424721
0075.jpg,Paspalum,Paspalum,0.018361683934926987
0076.jpg,Paspalum,Paspalum,0.03402401879429817
0077.jpg,Paspalum,Paspalum,0.03453156352043152
0078.jpg,Paspalum,Paspalum,0.03408209979534149
0079.jpg,Paspalum,Paspalum,0.034521739929914474
0080.jpg,Paspalum,Paspalum,0.034513041377067566
0081.jpg,Paspalum,Paspalum,0.027490679174661636
0082.jpg,Paspalum,Paspalum,0.03453156724572182
0083.jpg,Paspalum,Paspalum,0.034531667828559875
0084.jpg,Paspalum,Paspalum,0.034512851387262344
0085.jpg,Paspalum,Paspalum,0.03452764451503754
0086.jpg,Paspalum,Sweet brier,0.02550690248608589
0087.jpg,Paspalum,Paspalum,0.03451994061470032
0088.jpg,Paspalum,Paspalum,0.03452214598655701
0089.jpg,Paspalum,Paspalum,0.0345274917781353
0090.jpg,Paspalum,Paspalum,0.03453175351023674
0091.jpg,Paspalum,Paspalum,0.03453176096081734
0092.jpg,Paspalum,Paspalum,0.03371945396065712
0093.jpg,Paspalum,Paspalum,0.03448430448770523
0094.jpg,Paspalum,Couch,0.023268606513738632
0095.jpg,Paspalum,Paspalum,0.034531448036432266
0096.jpg,Paspalum,Paspalum,0.034521520137786865
0097.jpg,Paspalum,Paspalum,0.034529417753219604
0098.jpg,Paspalum,Paspalum,0.03453054279088974
0099.jpg,Paspalum,Paspalum,0.03453138470649719
0000.jpg,Pennyroyal,Pennyroyal,0.0345316082239151
0001.jpg,Pennyroyal,Pennyroyal,0.034531500190496445
0002.jpg,Pennyroyal,Pennyroyal,0.03453177213668823
0003.jpg,Pennyroyal,Pennyroyal,0.03386111557483673
0004.jpg,Pennyroyal,Fiddle dock,0.03452012315392494
0005.jpg,Pennyroyal,Pennyroyal,0.034528691321611404
0006.jpg,Pennyroyal,Pennyroyal,0.03452596440911293
0007.jpg,Pennyroyal,Pennyroyal,0.034531693905591965
0008.jpg,Pennyroyal,Pennyroyal,0.03450661152601242
0009.jpg,Pennyroyal,Pennyroyal,0.034519262611866
0010.jpg,Pennyroyal,Pennyroyal,0.03431263566017151
0011.jpg,Pennyroyal,Pennyroyal,0.018668709322810173
0012.jpg,Pennyroyal,Pennyroyal,0.03452926501631737
0013.jpg,Pennyroyal,Pennyroyal,0.03451760113239288
0014.jpg,Pennyroyal,Pennyroyal,0.034522783011198044
0015.jpg,Pennyroyal,Pennyroyal,0.03453069552779198
0016.jpg,Pennyroyal,Pennyroyal,0.034531671553850174
0017.jpg,Pennyroyal,Pennyroyal,0.03446746990084648
0018.jpg,Pennyroyal,Pennyroyal,0.034531619399785995
0019.jpg,Pennyroyal,Pennyroyal,0.03453128784894943
0020.jpg,Pennyroyal,Pennyroyal,0.03453078866004944
0021.jpg,Pennyroyal,Pennyroyal,0.034529950469732285
0022.jpg,Pennyroyal,Pennyroyal,0.034531522542238235
0023.jpg,Pennyroyal,Pennyroyal,0.034531548619270325
0024.jpg,Pennyroyal,Pennyroyal,0.03452908992767334
0025.jpg,Pennyroyal,Pennyroyal,0.034531205892562866
0026.jpg,Pennyroyal,Pennyroyal,0.034503497183322906
0027.jpg,Pennyroyal,Pennyroyal,0.034360792487859726
0028.jpg,Pennyroyal,Pennyroyal,0.030168233439326286
0029.jpg,Pennyroyal,Pennyroyal,0.03450749069452286
0030.jpg,Pennyroyal,Pennyroyal,0.03450937196612358
0031.jpg,Pennyroyal,Pennyroyal,0.03453175351023674
0032.jpg,Pennyroyal,Pennyroyal,0.03453176096081734
0033.jpg,Pennyroyal,Pennyroyal,0.03453177213668823
0034.jpg,Pennyroyal,Pennyroyal,0.03453175351023674
0035.jpg,Pennyroyal,Pennyroyal,0.03448702022433281
0036.jpg,Pennyroyal,Pennyroyal,0.03453175351023674
0037.jpg,Pennyroyal,Pennyroyal,0.034531693905591965
0038.jpg,Pennyroyal,Pennyroyal,0.03453173115849495
0039.jpg,Pennyroyal,Pennyroyal,0.03452759608626366
0040.jpg,Pennyroyal,Pennyroyal,0.03453151509165764
0041.jpg,Pennyroyal,Pennyroyal,0.03453020006418228
0042.jpg,Pennyroyal,Pennyroyal,0.03452403098344803
0043.jpg,Pennyroyal,Pennyroyal,0.03453175723552704
0044.jpg,Pennyroyal,Pennyroyal,0.03453167527914047
0045.jpg,Pennyroyal,Pennyroyal,0.03453104943037033
0046.jpg,Pennyroyal,Pennyroyal,0.03453155606985092
0047.jpg,Pennyroyal,Pennyroyal,0.034529559314250946
0048.jpg,Pennyroyal,Pennyroyal,0.03453107550740242
0049.jpg,Pennyroyal,Pennyroyal,0.03452683240175247
0050.jpg,Pennyroyal,Pennyroyal,0.034528836607933044
0051.jpg,Pennyroyal,Pennyroyal,0.03449314832687378
0052.jpg,Pennyroyal,Pennyroyal,0.03453177213668823
0053.jpg,Pennyroyal,Pennyroyal,0.03436028212308884
0054.jpg,Pennyroyal,Pennyroyal,0.029858002439141273
0055.jpg,Pennyroyal,Pennyroyal,0.03452878072857857
0056.jpg,Pennyroyal,Pennyroyal,0.03453105688095093
0057.jpg,Pennyroyal,Pennyroyal,0.034510575234889984
0058.jpg,Pennyroyal,Pennyroyal,0.03448907658457756
0059.jpg,Pennyroyal,Pennyroyal,0.03450237959623337
0060.jpg,Pennyroyal,Pennyroyal,0.03452654555439949
0061.jpg,Pennyroyal,Pennyroyal,0.03453171253204346
0062.jpg,Pennyroyal,Pennyroyal,0.0345294252038002
0063.jpg,Pennyroyal,Pennyroyal,0.034524861723184586
0064.jpg,Pennyroyal,Ragwort,0.015330110676586628
0065.jpg,Pennyroyal,Pennyroyal,0.03453078493475914
0066.jpg,Pennyroyal,Pennyroyal,0.0344441756606102
0067.jpg,Pennyroyal,Pennyroyal,0.034525059163570404
0068.jpg,Pennyroyal,Pennyroyal,0.03452359884977341
0069.jpg,Pennyroyal,Californian thistle,0.020202264189720154
0070.jpg,Pennyroyal,Pennyroyal,0.03453155234456062
0071.jpg,Pennyroyal,Pennyroyal,0.03452840447425842
0072.jpg,Pennyroyal,Pennyroyal,0.03452662378549576
0073.jpg,Pennyroyal,Pennyroyal,0.0343053825199604
0074.jpg,Pennyroyal,Pennyroyal,0.034531351178884506
0075.jpg,Pennyroyal,Pennyroyal,0.03452902287244797
0076.jpg,Pennyroyal,Pennyroyal,0.03453050181269646
0077.jpg,Pennyroyal,Pennyroyal,0.03451965004205704
0078.jpg,Pennyroyal,Pennyroyal,0.034522645175457
0079.jpg,Pennyroyal,Pennyroyal,0.03452735394239426
0080.jpg,Pennyroyal,Pennyroyal,0.03453148528933525
0081.jpg,Pennyroyal,Pennyroyal,0.03452477231621742
0082.jpg,Pennyroyal,Pennyroyal,0.03452944755554199
0083.jpg,Pennyroyal,Pennyroyal,0.03453066200017929
0084.jpg,Pennyroyal,Pennyroyal,0.034530334174633026
0085.jpg,Pennyroyal,Pennyroyal,0.03449031710624695
0086.jpg,Pennyroyal,Pennyroyal,0.0344775915145874
0087.jpg,Pennyroyal,Pennyroyal,0.034530628472566605
0088.jpg,Pennyroyal,Pennyroyal,0.026128526777029037
0089.jpg,Pennyroyal,Pennyroyal,0.034531496465206146
0090.jpg,Pennyroyal,Pennyroyal,0.03452309966087341
0091.jpg,Pennyroyal,Pennyroyal,0.03451404720544815
0092.jpg,Pennyroyal,Pennyroyal,0.03452964499592781
0093.jpg,Pennyroyal,Pennyroyal,0.034505683928728104
0094.jpg,Pennyroyal,Pennyroyal,0.03453175723552704
0095.jpg,Pennyroyal,Pennyroyal,0.03453033044934273
0096.jpg,Pennyroyal,Pennyroyal,0.034488044679164886
0097.jpg,Pennyroyal,Pennyroyal,0.034423403441905975
0098.jpg,Pennyroyal,Pennyroyal,0.03453171253204346
0099.jpg,Pennyroyal,Pennyroyal,0.034523043781518936
0000.jpg,Pink shamrock,Pink shamrock,0.03452663868665695
0001.jpg,Pink shamrock,Pink shamrock,0.03452836722135544
0002.jpg,Pink shamrock,Pink shamrock,0.03252379968762398
0003.jpg,Pink shamrock,Pink shamrock,0.03401651978492737
0004.jpg,Pink shamrock,Pink shamrock,0.034406375139951706
0005.jpg,Pink shamrock,Pink shamrock,0.034503668546676636
0006.jpg,Pink shamrock,Pink shamrock,0.034429002553224564
0007.jpg,Pink shamrock,Pink shamrock,0.03452766314148903
0008.jpg,Pink shamrock,Pink shamrock,0.034526802599430084
0009.jpg,Pink shamrock,Pink shamrock,0.034531474113464355
0010.jpg,Pink shamrock,Pink shamrock,0.03451284393668175
0011.jpg,Pink shamrock,Pink shamrock,0.03352426737546921
0012.jpg,Pink shamrock,Pink shamrock,0.03444362059235573
0013.jpg,Pink shamrock,Pink shamrock,0.0308625940233469
0014.jpg,Pink shamrock,Pink shamrock,0.034531738609075546
0015.jpg,Pink shamrock,Pink shamrock,0.034503620117902756
0016.jpg,Pink shamrock,Pink shamrock,0.034521281719207764
0017.jpg,Pink shamrock,Pink shamrock,0.03416500613093376
0018.jpg,Pink shamrock,Pink shamrock,0.0345301628112793
0019.jpg,Pink shamrock,Pink shamrock,0.03452515974640846
0020.jpg,Pink shamrock,Pink shamrock,0.03450331836938858
0021.jpg,Pink shamrock,Pink shamrock,0.034520260989665985
0022.jpg,Pink shamrock,Pink shamrock,0.034522827714681625
0023.jpg,Pink shamrock,Pink shamrock,0.03412419185042381
0024.jpg,Pink shamrock,Pink shamrock,0.03452644124627113
0025.jpg,Pink shamrock,Pink shamrock,0.03452020138502121
0026.jpg,Pink shamrock,Pink shamrock,0.03453025594353676
0027.jpg,Pink shamrock,Pink shamrock,0.02250153385102749
0028.jpg,Pink shamrock,Pink shamrock,0.02930525131523609
0029.jpg,Pink shamrock,Pink shamrock,0.0345105417072773
0030.jpg,Pink shamrock,Pink shamrock,0.03451938554644585
0031.jpg,Pink shamrock,Pink shamrock,0.03233785927295685
0032.jpg,Pink shamrock,Pink shamrock,0.03453070670366287
0033.jpg,Pink shamrock,Pink shamrock,0.0343589223921299
0034.jpg,Pink shamrock,Pink shamrock,0.034216418862342834
0035.jpg,Pink shamrock,Pink shamrock,0.03444284200668335
0036.jpg,Pink shamrock,Pink shamrock,0.03452705591917038
0037.jpg,Pink shamrock,Pink shamrock,0.03386737033724785
0038.jpg,Pink shamrock,Pink shamrock,0.03452775627374649
0039.jpg,Pink shamrock,Pink shamrock,0.03448987752199173
0040.jpg,Pink shamrock,Pink shamrock,0.033435989171266556
0041.jpg,Pink shamrock,Pink shamrock,0.0343022421002388
0042.jpg,Pink shamrock,Pink shamrock,0.0329553447663784
0043.jpg,Pink shamrock,Pink shamrock,0.0345316082239151
0044.jpg,Pink shamrock,Ivy,0.024226712062954903
0045.jpg,Pink shamrock,Pink shamrock,0.0343976728618145
0046.jpg,Pink shamrock,Pink shamrock,0.03452206403017044
0047.jpg,Pink shamrock,Pink shamrock,0.034531187266111374
0048.jpg,Pink shamrock,Pink shamrock,0.034528885036706924
0049.jpg,Pink shamrock,Pink shamrock,0.03453166037797928
0050.jpg,Pink shamrock,Pink shamrock,0.03451930359005928
0051.jpg,Pink shamrock,Pink shamrock,0.03452731668949127
0052.jpg,Pink shamrock,Pink shamrock,0.034415602684020996
0053.jpg,Pink shamrock,Pink shamrock,0.03452780842781067
0054.jpg,Pink shamrock,Pink shamrock,0.0345260351896286
0055.jpg,Pink shamrock,Pink shamrock,0.034528449177742004
0056.jpg,Pink shamrock,Pink shamrock,0.034456536173820496
0057.jpg,Pink shamrock,Pink shamrock,0.03440931439399719
0058.jpg,Pink shamrock,Pink shamrock,0.03453175723552704
0059.jpg,Pink shamrock,Pink shamrock,0.03452080860733986
0060.jpg,Pink shamrock,Pink shamrock,0.03452405333518982
0061.jpg,Pink shamrock,Pink shamrock,0.034476835280656815
0062.jpg,Pink shamrock,Pink shamrock,0.03453081473708153
0063.jpg,Pink shamrock,Pink shamrock,0.03453119844198227
0064.jpg,Pink shamrock,Pink shamrock,0.03181131184101105
0065.jpg,Pink shamrock,Pink shamrock,0.03451339900493622
0066.jpg,Pink shamrock,Pink shamrock,0.034391436725854874
0067.jpg,Pink shamrock,Pink shamrock,0.02899484895169735
0068.jpg,Pink shamrock,Pink shamrock,0.03403795510530472
0069.jpg,Pink shamrock,Pink shamrock,0.034475263208150864
0070.jpg,Pink shamrock,Pink shamrock,0.03450385108590126
0071.jpg,Pink shamrock,Pink shamrock,0.034523919224739075
0072.jpg,Pink shamrock,Pink shamrock,0.03444843366742134
0073.jpg,Pink shamrock,Pink shamrock,0.03449327498674393
0074.jpg,Pink shamrock,Pink shamrock,0.03452974930405617
0075.jpg,Pink shamrock,Pink shamrock,0.03415628522634506
0076.jpg,Pink shamrock,Pink shamrock,0.03453049063682556
0077.jpg,Pink shamrock,Pink shamrock,0.034531496465206146
0078.jpg,Pink shamrock,Pink shamrock,0.034516818821430206
0079.jpg,Pink shamrock,Pink shamrock,0.03452678397297859
0080.jpg,Pink shamrock,Pink shamrock,0.03327197581529617
0081.jpg,Pink shamrock,Pink shamrock,0.03450721129775047
0082.jpg,Pink shamrock,Pink shamrock,0.03452584147453308
0083.jpg,Pink shamrock,Pink shamrock,0.03452565521001816
0084.jpg,Pink shamrock,Pink shamrock,0.03450861573219299
0085.jpg,Pink shamrock,Pink shamrock,0.03452921658754349
0086.jpg,Pink shamrock,Pink shamrock,0.03379318490624428
0087.jpg,Pink shamrock,Pink shamrock,0.034311775118112564
0088.jpg,Pink shamrock,Pink shamrock,0.03450128063559532
0089.jpg,Pink shamrock,Pink shamrock,0.03451642394065857
0090.jpg,Pink shamrock,Pink shamrock,0.03452417999505997
0091.jpg,Pink shamrock,Pink shamrock,0.03451157361268997
0092.jpg,Pink shamrock,Pink shamrock,0.034430526196956635
0093.jpg,Pink shamrock,Pink shamrock,0.03452875092625618
0094.jpg,Pink shamrock,Pink shamrock,0.03450913727283478
0095.jpg,Pink shamrock,Pink shamrock,0.033955167979002
0096.jpg,Pink shamrock,Pink shamrock,0.034459926187992096
0097.jpg,Pink shamrock,Pink shamrock,0.034530896693468094
0098.jpg,Pink shamrock,Pink shamrock,0.03438372164964676
0099.jpg,Pink shamrock,Pink shamrock,0.03452885523438454
0000.jpg,Ragwort,Ragwort,0.03449488803744316
0001.jpg,Ragwort,Ragwort,0.034342873841524124
0002.jpg,Ragwort,Ragwort,0.03452245891094208
0003.jpg,Ragwort,Fiddle dock,0.027269605547189713
0004.jpg,Ragwort,Daisy,0.033548757433891296
0005.jpg,Ragwort,Daisy,0.02462904341518879
0006.jpg,Ragwort,Groundsel,0.02630406618118286
0007.jpg,Ragwort,Groundsel,0.025802429765462875
0008.jpg,Ragwort,Ragwort,0.034209128469228745
0009.jpg,Ragwort,Groundsel,0.021193312481045723
0010.jpg,Ragwort,Ragwort,0.024654565379023552
0011.jpg,Ragwort,Wild turnip,0.02395915798842907
0012.jpg,Ragwort,Ragwort,0.03445420786738396
0013.jpg,Ragwort,Ragwort,0.03452179953455925
0014.jpg,Ragwort,Groundsel,0.0240879338234663
0015.jpg,Ragwort,Groundsel,0.02812250889837742
0016.jpg,Ragwort,Groundsel,0.022402873262763023
0017.jpg,Ragwort,Mouse-ear hawkweed,0.02126760222017765
0018.jpg,Ragwort,Ragwort,0.02341115102171898
0019.jpg,Ragwort,Ragwort,0.02368703857064247
0020.jpg,Ragwort,Groundsel,0.0219738632440567
0021.jpg,Ragwort,Ragwort,0.022410152480006218
0022.jpg,Ragwort,Groundsel,0.02805776707828045
0023.jpg,Ragwort,Ragwort,0.022275781258940697
0024.jpg,Ragwort,Ragwort,0.02527456358075142
0025.jpg,Ragwort,Groundsel,0.021860701963305473
0026.jpg,Ragwort,Ragwort,0.022335277870297432
0027.jpg,Ragwort,Groundsel,0.0337156318128109
0028.jpg,Ragwort,Groundsel,0.03269224241375923
0029.jpg,Ragwort,Groundsel,0.03336401283740997
0030.jpg,Ragwort,Groundsel,0.026878826320171356
0031.jpg,Ragwort,Groundsel,0.027407091110944748
0032.jpg,Ragwort,Ragwort,0.02509855106472969
0033.jpg,Ragwort,Ragwort,0.02742406167089939
0034.jpg,Ragwort,Ragwort,0.021953994408249855
0035.jpg,Ragwort,Groundsel,0.033549126237630844
0036.jpg,Ragwort,Groundsel,0.030233677476644516
0037.jpg,Ragwort,Groundsel,0.024496568366885185
0038.jpg,Ragwort,Ragwort,0.025647524744272232
0039.jpg,Ragwort,Ragwort,0.03253136947751045
0040.jpg,Ragwort,Groundsel,0.025391964241862297
0041.jpg,Ragwort,Ragwort,0.023037871345877647
0042.jpg,Ragwort,Ragwort,0.03145689517259598
0043.jpg,Ragwort,Ragwort,0.034335847944021225
0044.jpg,Ragwort,Ragwort,0.03369415923953056
0045.jpg,Ragwort,Ragwort,0.03442170470952988
0046.jpg,Ragwort,Ragwort,0.03437123820185661
0047.jpg,Ragwort,Ragwort,0.03409936651587486
0048.jpg,Ragwort,Ragwort,0.03428081050515175
0049.jpg,Ragwort,Ragwort,0.03450743108987808
0050.jpg,Ragwort,Ragwort,0.033815041184425354
0051.jpg,Ragwort,Ragwort,0.03451187163591385
0052.jpg,Ragwort,Ragwort,0.03444075584411621
0053.jpg,Ragwort,Ragwort,0.033653564751148224
0054.jpg,Ragwort,Ragwort,0.03065544180572033
0055.jpg,Ragwort,Ragwort,0.031540077179670334
0056.jpg,Ragwort,Ragwort,0.03451438620686531
0057.jpg,Ragwort,Ragwort,0.034466203302145004
0058.jpg,Ragwort,Ragwort,0.03431776911020279
0059.jpg,Ragwort,Ragwort,0.03209695965051651
0060.jpg,Ragwort,Ragwort,0.03442831709980965
0061.jpg,Ragwort,Ragwort,0.03427109494805336
0062.jpg,Ragwort,Ragwort,0.03372083976864815
0063.jpg,Ragwort,Ragwort,0.03420543298125267
0064.jpg,Ragwort,Giant buttercup,0.02784140221774578
0065.jpg,Ragwort,Ragwort,0.03451484069228172
0066.jpg,Ragwort,Ragwort,0.03448382392525673
0067.jpg,Ragwort,Ragwort,0.03449084237217903
0068.jpg,Ragwort,Ragwort,0.02887369692325592
0069.jpg,Ragwort,Hawksbeard,0.01818833127617836
0070.jpg,Ragwort,Ragwort,0.033758729696273804
0071.jpg,Ragwort,Ragwort,0.03447011858224869
0072.jpg,Ragwort,Ragwort,0.03424482420086861
0073.jpg,Ragwort,Ragwort,0.03377418592572212
0074.jpg,Ragwort,Ragwort,0.034516774117946625
0075.jpg,Ragwort,Narrow-leaved plantain,0.03445502743124962
0076.jpg,Ragwort,Ragwort,0.032771334052085876
0077.jpg,Ragwort,Ragwort,0.03411312401294708
0078.jpg,Ragwort,Ragwort,0.03315664827823639
0079.jpg,Ragwort,Ragwort,0.03367782011628151
0080.jpg,Ragwort,Ragwort,0.03398929536342621
0081.jpg,Ragwort,Hairy buttercup,0.01994413137435913
0082.jpg,Ragwort,Ragwort,0.03450451418757439
0083.jpg,Ragwort,Ragwort,0.033218689262866974
0084.jpg,Ragwort,Ragwort,0.030953316017985344
0085.jpg,Ragwort,Ragwort,0.031669773161411285
0086.jpg,Ragwort,Wild turnip,0.0253291055560112
0087.jpg,Ragwort,Ragwort,0.032369982451200485
0088.jpg,Ragwort,Ragwort,0.021396858617663383
0089.jpg,Ragwort,Ragwort,0.03267067298293114
0090.jpg,Ragwort,Ragwort,0.03131852298974991
0091.jpg,Ragwort,Ragwort,0.03447350859642029
0092.jpg,Ragwort,Ragwort,0.034531716257333755
0093.jpg,Ragwort,Ragwort,0.034531671553850174
0094.jpg,Ragwort,Ragwort,0.03203190118074417
0095.jpg,Ragwort,Ragwort,0.03389972075819969
0096.jpg,Ragwort,Ragwort,0.03167971223592758
0097.jpg,Ragwort,Ragwort,0.032792508602142334
0098.jpg,Ragwort,Ragwort,0.03237589821219444
0099.jpg,Ragwort,Ragwort,0.03125551715493202
0000.jpg,Red dead-nettle,Red dead-nettle,0.03448876366019249
0001.jpg,Red dead-nettle,Red dead-nettle,0.03450577333569527
0002.jpg,Red dead-nettle,Red dead-nettle,0.03448186814785004
0003.jpg,Red dead-nettle,Red dead-nettle,0.03453048691153526
0004.jpg,Red dead-nettle,Red dead-nettle,0.034287698566913605
0005.jpg,Red dead-nettle,Red dead-nettle,0.0344243049621582
0006.jpg,Red dead-nettle,Red dead-nettle,0.03452443704009056
0007.jpg,Red dead-nettle,Red dead-nettle,0.034439533948898315
0008.jpg,Red dead-nettle,Red dead-nettle,0.03438331559300423
0009.jpg,Red dead-nettle,Red dead-nettle,0.03452235087752342
0010.jpg,Red dead-nettle,Red dead-nettle,0.03452802821993828
0011.jpg,Red dead-nettle,Scrambling fumitory,0.03434736654162407
0012.jpg,Red dead-nettle,Red dead-nettle,0.034524526447057724
0013.jpg,Red dead-nettle,Red dead-nettle,0.03428853675723076
0014.jpg,Red dead-nettle,Red dead-nettle,0.03452602028846741
0015.jpg,Red dead-nettle,Red dead-nettle,0.03449982777237892
0016.jpg,Red dead-nettle,Red dead-nettle,0.034529075026512146
0017.jpg,Red dead-nettle,Red dead-nettle,0.03452887386083603
0018.jpg,Red dead-nettle,Red dead-nettle,0.03446674719452858
0019.jpg,Red dead-nettle,Red dead-nettle,0.03451221436262131
0020.jpg,Red dead-nettle,Red dead-nettle,0.03452903777360916
0021.jpg,Red dead-nettle,Red dead-nettle,0.034480657428503036
0022.jpg,Red dead-nettle,Red dead-nettle,0.03452698886394501
0023.jpg,Red dead-nettle,Red dead-nettle,0.03448716551065445
0024.jpg,Red dead-nettle,Red dead-nettle,0.03452897071838379
0025.jpg,Red dead-nettle,Red dead-nettle,0.03451989218592644
0026.jpg,Red dead-nettle,Red dead-nettle,0.03373643010854721
0027.jpg,Red dead-nettle,Red dead-nettle,0.0341784805059433
0028.jpg,Red dead-nettle,Red dead-nettle,0.034368377178907394
0029.jpg,Red dead-nettle,Red dead-nettle,0.034529075026512146
0030.jpg,Red dead-nettle,Red dead-nettle,0.0344994030892849
0031.jpg,Red dead-nettle,Red dead-nettle,0.03430001065135002
0032.jpg,Red dead-nettle,Red dead-nettle,0.03448759764432907
0033.jpg,Red dead-nettle,Red dead-nettle,0.0345299057662487
0034.jpg,Red dead-nettle,Red dead-nettle,0.0345010943710804
0035.jpg,Red dead-nettle,Red dead-nettle,0.034417927265167236
0036.jpg,Red dead-nettle,Red dead-nettle,0.03447381779551506
0037.jpg,Red dead-nettle,Red dead-nettle,0.0345270112156868
0038.jpg,Red dead-nettle,Red dead-nettle,0.03452521562576294
0039.jpg,Red dead-nettle,Red dead-nettle,0.0345306396484375
0040.jpg,Red dead-nettle,Red dead-nettle,0.034483518451452255
0041.jpg,Red dead-nettle,Red dead-nettle,0.03453127294778824
0042.jpg,Red dead-nettle,Red dead-nettle,0.03452576324343681
0043.jpg,Red dead-nettle,Red dead-nettle,0.03407948464155197
0044.jpg,Red dead-nettle,Red dead-nettle,0.03452087566256523
0045.jpg,Red dead-nettle,Red dead-nettle,0.034478653222322464
0046.jpg,Red dead-nettle,Red dead-nettle,0.0344991460442543
0047.jpg,Red dead-nettle,Red dead-nettle,0.03453095629811287
0048.jpg,Red dead-nettle,Red dead-nettle,0.0345277301967144
0049.jpg,Red dead-nettle,Red dead-nettle,0.0345098152756691
0050.jpg,Red dead-nettle,Red dead-nettle,0.033535998314619064
0051.jpg,Red dead-nettle,Red dead-nettle,0.034518755972385406
0052.jpg,Red dead-nettle,Red dead-nettle,0.034528739750385284
0053.jpg,Red dead-nettle,Red dead-nettle,0.034526243805885315
0054.jpg,Red dead-nettle,Gorse,0.021232547238469124
0055.jpg,Red dead-nettle,Red dead-nettle,0.03449714183807373
0056.jpg,Red dead-nettle,Red dead-nettle,0.03452170267701149
0057.jpg,Red dead-nettle,Red dead-nettle,0.033932507038116455
0058.jpg,Red dead-nettle,Red dead-nettle,0.0345250628888607
0059.jpg,Red dead-nettle,Red dead-nettle,0.03437052667140961
0060.jpg,Red dead-nettle,Red dead-nettle,0.03452804684638977
0061.jpg,Red dead-nettle,Red dead-nettle,0.03452146798372269
0062.jpg,Red dead-nettle,Red dead-nettle,0.03452980890870094
0063.jpg,Red dead-nettle,Red dead-nettle,0.034459542483091354
0064.jpg,Red dead-nettle,Nettle,0.020955968648195267
0065.jpg,Red dead-nettle,Red dead-nettle,0.034448809921741486
0066.jpg,Red dead-nettle,Red dead-nettle,0.034510936588048935
0067.jpg,Red dead-nettle,Red dead-nettle,0.03453114628791809
0068.jpg,Red dead-nettle,Red dead-nettle,0.034502025693655014
0069.jpg,Red dead-nettle,Red dead-nettle,0.034463755786418915
0070.jpg,Red dead-nettle,Red dead-nettle,0.03448925167322159
0071.jpg,Red dead-nettle,Red dead-nettle,0.03449803963303566
0072.jpg,Red dead-nettle,Red dead-nettle,0.03451816737651825
0073.jpg,Red dead-nettle,Red dead-nettle,0.03452505171298981
0074.jpg,Red dead-nettle,Red dead-nettle,0.034516751766204834
0075.jpg,Red dead-nettle,Nettle,0.03453098237514496
0076.jpg,Red dead-nettle,Red dead-nettle,0.03451385349035263
0077.jpg,Red dead-nettle,Red dead-nettle,0.034529563039541245
0078.jpg,Red dead-nettle,Red dead-nettle,0.03452137112617493
0079.jpg,Red dead-nettle,Red dead-nettle,0.03438083827495575
0080.jpg,Red dead-nettle,Red dead-nettle,0.034517839550971985
0081.jpg,Red dead-nettle,Red dead-nettle,0.03332327678799629
0082.jpg,Red dead-nettle,Red dead-nettle,0.03446820378303528
0083.jpg,Red dead-nettle,Red dead-nettle,0.03452519327402115
0084.jpg,Red dead-nettle,Red dead-nettle,0.033711835741996765
0085.jpg,Red dead-nettle,Red dead-nettle,0.03403279185295105
0086.jpg,Red dead-nettle,Red dead-nettle,0.019017430022358894
0087.jpg,Red dead-nettle,Red dead-nettle,0.03453127294778824
0088.jpg,Red dead-nettle,Red dead-nettle,0.03381954878568649
0089.jpg,Red dead-nettle,Red dead-nettle,0.03449728712439537
0090.jpg,Red dead-nettle,Red dead-nettle,0.034509021788835526
0091.jpg,Red dead-nettle,Red dead-nettle,0.03452588990330696
0092.jpg,Red dead-nettle,Red dead-nettle,0.03453173488378525
0093.jpg,Red dead-nettle,Red dead-nettle,0.03453017771244049
0094.jpg,Red dead-nettle,Red dead-nettle,0.034433189779520035
0095.jpg,Red dead-nettle,Red dead-nettle,0.034501153975725174
0096.jpg,Red dead-nettle,Red dead-nettle,0.03452131897211075
0097.jpg,Red dead-nettle,Red dead-nettle,0.0345185212790966
0098.jpg,Red dead-nettle,Red dead-nettle,0.03452116996049881
0099.jpg,Red dead-nettle,Red dead-nettle,0.03452642261981964
0000.jpg,Redroot,Redroot,0.0345199890434742
0001.jpg,Redroot,Redroot,0.034531693905591965
0002.jpg,Redroot,Redroot,0.03453168645501137
0003.jpg,Redroot,Black nightshade,0.031968411058187485
0004.jpg,Redroot,Redroot,0.03368086740374565
0005.jpg,Redroot,Redroot,0.034518081694841385
0006.jpg,Redroot,Redroot,0.034529346972703934
0007.jpg,Redroot,Redroot,0.03449271619319916
0008.jpg,Redroot,Redroot,0.034531187266111374
0009.jpg,Redroot,Redroot,0.03453165292739868
0010.jpg,Redroot,Redroot,0.034531369805336
0011.jpg,Redroot,Black nightshade,0.020861417055130005
0012.jpg,Redroot,Redroot,0.03452715277671814
0013.jpg,Redroot,Twin cress,0.015688307583332062
0014.jpg,Redroot,Redroot,0.0344284325838089
0015.jpg,Redroot,Redroot,0.03430362790822983
0016.jpg,Redroot,Redroot,0.034528523683547974
0017.jpg,Redroot,Redroot,0.034517496824264526
0018.jpg,Redroot,Redroot,0.03451915457844734
0019.jpg,Redroot,Redroot,0.027310948818922043
0020.jpg,Redroot,Redroot,0.034525372087955475
0021.jpg,Redroot,Redroot,0.03451103717088699
0022.jpg,Redroot,Redroot,0.03451388701796532
0023.jpg,Redroot,Redroot,0.03442414477467537
0024.jpg,Redroot,Redroot,0.034530483186244965
0025.jpg,Redroot,Redroot,0.03453101962804794
0026.jpg,Redroot,Redroot,0.03451412916183472
0027.jpg,Redroot,Redroot,0.03383683040738106
0028.jpg,Redroot,Selfheal,0.024925988167524338
0029.jpg,Redroot,Redroot,0.03448110073804855
0030.jpg,Redroot,Redroot,0.03452969714999199
0031.jpg,Redroot,Redroot,0.033898595720529556
0032.jpg,Redroot,Redroot,0.03452836722135544
0033.jpg,Redroot,Redroot,0.03452217951416969
0034.jpg,Redroot,Redroot,0.03452111408114433
0035.jpg,Redroot,Redroot,0.034476786851882935
0036.jpg,Redroot,Redroot,0.034523896872997284
0037.jpg,Redroot,Redroot,0.03451858460903168
0038.jpg,Redroot,Redroot,0.03453175351023674
0039.jpg,Redroot,Redroot,0.034531671553850174
0040.jpg,Redroot,Redroot,0.03453144431114197
0041.jpg,Redroot,Redroot,0.03444482013583183
0042.jpg,Redroot,Redroot,0.03453046828508377
0043.jpg,Redroot,Redroot,0.034530602395534515
0044.jpg,Redroot,Redroot,0.034518856555223465
0045.jpg,Redroot,Redroot,0.03451751917600632
0046.jpg,Redroot,Redroot,0.03451177850365639
0047.jpg,Redroot,Redroot,0.03444433584809303
0048.jpg,Redroot,Redroot,0.03378520905971527
0049.jpg,Redroot,Redroot,0.03444603830575943
0050.jpg,Redroot,Redroot,0.03337391838431358
0051.jpg,Redroot,Redroot,0.03447898477315903
0052.jpg,Redroot,Redroot,0.03452930226922035
0053.jpg,Redroot,Redroot,0.03453172370791435
0054.jpg,Redroot,Redroot,0.03453126922249794
0055.jpg,Redroot,Redroot,0.03452682122588158
0056.jpg,Redroot,Redroot,0.034527841955423355
0057.jpg,Redroot,Redroot,0.03446503356099129
0058.jpg,Redroot,Redroot,0.03452474996447563
0059.jpg,Redroot,Redroot,0.03452924266457558
0060.jpg,Redroot,Redroot,0.03453115373849869
0061.jpg,Redroot,Redroot,0.03453116491436958
0062.jpg,Redroot,Redroot,0.03453127294778824
0063.jpg,Redroot,Redroot,0.03448738530278206
0064.jpg,Redroot,Redroot,0.03451428562402725
0065.jpg,Redroot,Redroot,0.03451680392026901
0066.jpg,Redroot,Redroot,0.03451770171523094
0067.jpg,Redroot,Redroot,0.034519847482442856
0068.jpg,Redroot,Redroot,0.034519389271736145
0069.jpg,Redroot,Redroot,0.034451331943273544
0070.jpg,Redroot,Redroot,0.034502994269132614
0071.jpg,Redroot,Redroot,0.03452653810381889
0072.jpg,Redroot,Redroot,0.034527864307165146
0073.jpg,Redroot,Redroot,0.03322756662964821
0074.jpg,Redroot,Redroot,0.03452612832188606
0075.jpg,Redroot,Redroot,0.03451910242438316
0076.jpg,Redroot,Redroot,0.03452344983816147
0077.jpg,Redroot,Redroot,0.03449806198477745
0078.jpg,Redroot,Redroot,0.03451753780245781
0079.jpg,Redroot,Redroot,0.03450528159737587
0080.jpg,Redroot,Redroot,0.034531425684690475
0081.jpg,Redroot,Redroot,0.03369367867708206
0082.jpg,Redroot,Redroot,0.034500107169151306
0083.jpg,Redroot,Redroot,0.03452939912676811
0084.jpg,Redroot,Redroot,0.034086186438798904
0085.jpg,Redroot,Redroot,0.03452787175774574
0086.jpg,Redroot,Redroot,0.03444771096110344
0087.jpg,Redroot,Redroot,0.0345282144844532
0088.jpg,Redroot,Redroot,0.015267959795892239
0089.jpg,Redroot,Redroot,0.03453122824430466
0090.jpg,Redroot,Redroot,0.0345214307308197
0091.jpg,Redroot,Redroot,0.034527864307165146
0092.jpg,Redroot,Redroot,0.03451582416892052
0093.jpg,Redroot,Redroot,0.034519873559474945
0094.jpg,Redroot,Redroot,0.034467265009880066
0095.jpg,Redroot,Redroot,0.0345306359231472
0096.jpg,Redroot,Redroot,0.03453101962804794
0097.jpg,Redroot,Redroot,0.032873522490262985
0098.jpg,Redroot,Redroot,0.03451598808169365
0099.jpg,Redroot,Redroot,0.034527748823165894
0000.jpg,Scarlet pimpernel,Scarlet pimpernel,0.034525103867053986
0001.jpg,Scarlet pimpernel,Scarlet pimpernel,0.03453122079372406
0002.jpg,Scarlet pimpernel,Scarlet pimpernel,0.03452926129102707
0003.jpg,Scarlet pimpernel,Scarlet pimpernel,0.03453070670366287
0004.jpg,Scarlet pimpernel,Scarlet pimpernel,0.01959659345448017
0005.jpg,Scarlet pimpernel,Scarlet pimpernel,0.03450876474380493
0006.jpg,Scarlet pimpernel,Scarlet pimpernel,0.034518610686063766
0007.jpg,Scarlet pimpernel,Scarlet pimpernel,0.034527163952589035
0008.jpg,Scarlet pimpernel,Scarlet pimpernel,0.03452720493078232
0009.jpg,Scarlet pimpernel,Scarlet pimpernel,0.0343460813164711
0010.jpg,Scarlet pimpernel,Scarlet pimpernel,0.03453114256262779
0011.jpg,Scarlet pimpernel,Hedge mustard,0.020463911816477776
0012.jpg,Scarlet pimpernel,Scarlet pimpernel,0.034494273364543915
0013.jpg,Scarlet pimpernel,Scarlet pimpernel,0.03453165292739868
0014.jpg,Scarlet pimpernel,Scarlet pimpernel,0.024142025038599968
0015.jpg,Scarlet pimpernel,Scarlet pimpernel,0.034530241042375565
0016.jpg,Scarlet pimpernel,Scarlet pimpernel,0.03452327847480774
0017.jpg,Scarlet pimpernel,Scarlet pimpernel,0.03421362489461899
0018.jpg,Scarlet pimpernel,Scarlet pimpernel,0.03453092277050018
0019.jpg,Scarlet pimpernel,Scarlet pimpernel,0.034529488533735275
0020.jpg,Scarlet pimpernel,Scarlet pimpernel,0.03449244424700737
0021.jpg,Scarlet pimpernel,Scarlet pimpernel,0.03453125059604645
0022.jpg,Scarlet pimpernel,Scarlet pimpernel,0.03452961519360542
0023.jpg,Scarlet pimpernel,Scarlet pimpernel,0.03451194241642952
0024.jpg,Scarlet pimpernel,Scarlet pimpernel,0.034479137510061264
0025.jpg,Scarlet pimpernel,Scarlet pimpernel,0.03453150391578674
0026.jpg,Scarlet pimpernel,Scarlet pimpernel,0.03453091159462929
0027.jpg,Scarlet pimpernel,Scarlet pimpernel,0.034528084099292755
0028.jpg,Scarlet pimpernel,Chickweed,0.02048591710627079
0029.jpg,Scarlet pimpernel,Scarlet pimpernel,0.03451279550790787
0030.jpg,Scarlet pimpernel,Scarlet pimpernel,0.034530919045209885
0031.jpg,Scarlet pimpernel,Scarlet pimpernel,0.03453173115849495
0032.jpg,Scarlet pimpernel,Scarlet pimpernel,0.03452247008681297
0033.jpg,Scarlet pimpernel,Scarlet pimpernel,0.03453153744339943
0034.jpg,Scarlet pimpernel,Scarlet pimpernel,0.03453146293759346
0035.jpg,Scarlet pimpernel,Scarlet pimpernel,0.032997068017721176
0036.jpg,Scarlet pimpernel,Scarlet pimpernel,0.034531399607658386
0037.jpg,Scarlet pimpernel,Scarlet pimpernel,0.03450625762343407
0038.jpg,Scarlet pimpernel,Scarlet pimpernel,0.03453069180250168
0039.jpg,Scarlet pimpernel,Scarlet pimpernel,0.03452463448047638
0040.jpg,Scarlet pimpernel,Scarlet pimpernel,0.03452986478805542
0041.jpg,Scarlet pimpernel,Scarlet pimpernel,0.034531671553850174
0042.jpg,Scarlet pimpernel,Scarlet pimpernel,0.034524522721767426
0043.jpg,Scarlet pimpernel,Scarlet pimpernel,0.03449156880378723
0044.jpg,Scarlet pimpernel,Scarlet pimpernel,0.034525200724601746
0045.jpg,Scarlet pimpernel,Scarlet pimpernel,0.03452896699309349
0046.jpg,Scarlet pimpernel,Scarlet pimpernel,0.03453141823410988
0047.jpg,Scarlet pimpernel,Scarlet pimpernel,0.03431107476353645
0048.jpg,Scarlet pimpernel,Scarlet pimpernel,0.03452770411968231
0049.jpg,Scarlet pimpernel,Scarlet pimpernel,0.034460604190826416
0050.jpg,Scarlet pimpernel,Scarlet pimpernel,0.034531671553850174
0051.jpg,Scarlet pimpernel,Scarlet pimpernel,0.03451216220855713
0052.jpg,Scarlet pimpernel,Scarlet pimpernel,0.0345313660800457
0053.jpg,Scarlet pimpernel,Scarlet pimpernel,0.034531231969594955
0054.jpg,Scarlet pimpernel,Scarlet pimpernel,0.031814828515052795
0055.jpg,Scarlet pimpernel,Scarlet pimpernel,0.03299025818705559
0056.jpg,Scarlet pimpernel,Scarlet pimpernel,0.03403693810105324
0057.jpg,Scarlet pimpernel,Scarlet pimpernel,0.03452613949775696
0058.jpg,Scarlet pimpernel,Scarlet pimpernel,0.03453171253204346
0059.jpg,Scarlet pimpernel,Scarlet pimpernel,0.03446607291698456
0060.jpg,Scarlet pimpernel,Scarlet pimpernel,0.034473173320293427
0061.jpg,Scarlet pimpernel,Scarlet pimpernel,0.03441833332180977
0062.jpg,Scarlet pimpernel,Scarlet pimpernel,0.03452938422560692
0063.jpg,Scarlet pimpernel,Scarlet pimpernel,0.03452995792031288
0064.jpg,Scarlet pimpernel,Scarlet pimpernel,0.03432499244809151
0065.jpg,Scarlet pimpernel,Scarlet pimpernel,0.03452250361442566
0066.jpg,Scarlet pimpernel,Scarlet pimpernel,0.034520599991083145
0067.jpg,Scarlet pimpernel,Scarlet pimpernel,0.03453034535050392
0068.jpg,Scarlet pimpernel,Scarlet pimpernel,0.03453019633889198
0069.jpg,Scarlet pimpernel,Scarlet pimpernel,0.03447360172867775
0070.jpg,Scarlet pimpernel,Scarlet pimpernel,0.03450228273868561
0071.jpg,Scarlet pimpernel,Scarlet pimpernel,0.034530580043792725
0072.jpg,Scarlet pimpernel,Scarlet pimpernel,0.0345316082239151
0073.jpg,Scarlet pimpernel,Scarlet pimpernel,0.03450135514140129
0074.jpg,Scarlet pimpernel,Scarlet pimpernel,0.034523334354162216
0075.jpg,Scarlet pimpernel,Scarlet pimpernel,0.03446497395634651
0076.jpg,Scarlet pimpernel,Scarlet pimpernel,0.0345294289290905
0077.jpg,Scarlet pimpernel,Scarlet pimpernel,0.03449145331978798
0078.jpg,Scarlet pimpernel,Scarlet pimpernel,0.03453172370791435
0079.jpg,Scarlet pimpernel,Scarlet pimpernel,0.034509819000959396
0080.jpg,Scarlet pimpernel,Scarlet pimpernel,0.03452872484922409
0081.jpg,Scarlet pimpernel,Scarlet pimpernel,0.0345265194773674
0082.jpg,Scarlet pimpernel,Scarlet pimpernel,0.034523654729127884
0083.jpg,Scarlet pimpernel,Scarlet pimpernel,0.03381372615695
0084.jpg,Scarlet pimpernel,Scarlet pimpernel,0.03452989086508751
0085.jpg,Scarlet pimpernel,Scarlet pimpernel,0.034529346972703934
0086.jpg,Scarlet pimpernel,Scarlet pimpernel,0.03451736271381378
0087.jpg,Scarlet pimpernel,Scarlet pimpernel,0.034526072442531586
0088.jpg,Scarlet pimpernel,Scarlet pimpernel,0.03173312544822693
0089.jpg,Scarlet pimpernel,Scarlet pimpernel,0.034525588154792786
0090.jpg,Scarlet pimpernel,Scarlet pimpernel,0.034525614231824875
0091.jpg,Scarlet pimpernel,Scarlet pimpernel,0.034531425684690475
0092.jpg,Scarlet pimpernel,Scarlet pimpernel,0.03156197816133499
0093.jpg,Scarlet pimpernel,Scarlet pimpernel,0.03436528891324997
0094.jpg,Scarlet pimpernel,Scarlet pimpernel,0.03452686965465546
0095.jpg,Scarlet pimpernel,Scarlet pimpernel,0.034510571509599686
0096.jpg,Scarlet pimpernel,Scarlet pimpernel,0.034531693905591965
0097.jpg,Scarlet pimpernel,Scarlet pimpernel,0.03446557745337486
0098.jpg,Scarlet pimpernel,Scarlet pimpernel,0.034531041979789734
0099.jpg,Scarlet pimpernel,Scarlet pimpernel,0.03453124687075615
0000.jpg,Scotch thistle,Scotch thistle,0.03452925756573677
0001.jpg,Scotch thistle,Daisy,0.021094726398587227
0002.jpg,Scotch thistle,Scotch thistle,0.03428242728114128
0003.jpg,Scotch thistle,Scotch thistle,0.02707047201693058
0004.jpg,Scotch thistle,Scotch thistle,0.0305172186344862
0005.jpg,Scotch thistle,Scotch thistle,0.03452130779623985
0006.jpg,Scotch thistle,Scotch thistle,0.03452743962407112
0007.jpg,Scotch thistle,Scotch thistle,0.03453028202056885
0008.jpg,Scotch thistle,Scotch thistle,0.034527696669101715
0009.jpg,Scotch thistle,Scotch thistle,0.03453055024147034
0010.jpg,Scotch thistle,Scotch thistle,0.034525103867053986
0011.jpg,Scotch thistle,Scotch thistle,0.03450527414679527
0012.jpg,Scotch thistle,Scotch thistle,0.03452637419104576
0013.jpg,Scotch thistle,Scotch thistle,0.03444473445415497
0014.jpg,Scotch thistle,Yarrow,0.02949291467666626
0015.jpg,Scotch thistle,Scotch thistle,0.03453173115849495
0016.jpg,Scotch thistle,Scotch thistle,0.03453090041875839
0017.jpg,Scotch thistle,Scotch thistle,0.03451837971806526
0018.jpg,Scotch thistle,Scotch thistle,0.03453017398715019
0019.jpg,Scotch thistle,Scotch thistle,0.03453144431114197
0020.jpg,Scotch thistle,Scotch thistle,0.03452916815876961
0021.jpg,Scotch thistle,Scotch thistle,0.034348469227552414
0022.jpg,Scotch thistle,Scotch thistle,0.034517690539360046
0023.jpg,Scotch thistle,Scotch thistle,0.03452809527516365
0024.jpg,Scotch thistle,Scotch thistle,0.034417442977428436
0025.jpg,Scotch thistle,Scotch thistle,0.03453047573566437
0026.jpg,Scotch thistle,Scotch thistle,0.03450619429349899
0027.jpg,Scotch thistle,Scotch thistle,0.034529611468315125
0028.jpg,Scotch thistle,Hawkbit,0.021861372515559196
0029.jpg,Scotch thistle,Hawkbit,0.016458911821246147
0030.jpg,Scotch thistle,Scotch thistle,0.034531328827142715
0031.jpg,Scotch thistle,Shepherd's purse,0.018045058473944664
0032.jpg,Scotch thistle,Scotch thistle,0.034528959542512894
0033.jpg,Scotch thistle,Scotch thistle,0.03452582284808159
0034.jpg,Scotch thistle,Scotch thistle,0.0345303937792778
0035.jpg,Scotch thistle,Scotch thistle,0.034415103495121
0036.jpg,Scotch thistle,Scotch thistle,0.03452778235077858
0037.jpg,Scotch thistle,Scotch thistle,0.03453073278069496
0038.jpg,Scotch thistle,Scotch thistle,0.034485433250665665
0039.jpg,Scotch thistle,Scotch thistle,0.03452368453145027
0040.jpg,Scotch thistle,Scotch thistle,0.034489162266254425
0041.jpg,Scotch thistle,Scotch thistle,0.034529440104961395
0042.jpg,Scotch thistle,Scotch thistle,0.03418026491999626
0043.jpg,Scotch thistle,Scotch thistle,0.03436468914151192
0044.jpg,Scotch thistle,Scotch thistle,0.03442757576704025
0045.jpg,Scotch thistle,Scotch thistle,0.034525852650403976
0046.jpg,Scotch thistle,Scotch thistle,0.03449889272451401
0047.jpg,Scotch thistle,Scotch thistle,0.03449312597513199
0048.jpg,Scotch thistle,Scotch thistle,0.03452540934085846
0049.jpg,Scotch thistle,Scotch thistle,0.03448893502354622
0050.jpg,Scotch thistle,Scotch thistle,0.03438843414187431
0051.jpg,Scotch thistle,Scotch thistle,0.034501928836107254
0052.jpg,Scotch thistle,Scotch thistle,0.034527797251939774
0053.jpg,Scotch thistle,Scotch thistle,0.034489955753088
0054.jpg,Scotch thistle,Scotch thistle,0.034522928297519684
0055.jpg,Scotch thistle,Scotch thistle,0.0345272459089756
0056.jpg,Scotch thistle,Scotch thistle,0.034185513854026794
0057.jpg,Scotch thistle,Scotch thistle,0.03447937220335007
0058.jpg,Scotch thistle,Scotch thistle,0.034519683569669724
0059.jpg,Scotch thistle,Scotch thistle,0.03452850505709648
0060.jpg,Scotch thistle,Scotch thistle,0.034530773758888245
0061.jpg,Scotch thistle,Scotch thistle,0.03453173488378525
0062.jpg,Scotch thistle,Scotch thistle,0.034529320895671844
0063.jpg,Scotch thistle,Scotch thistle,0.03453176096081734
0064.jpg,Scotch thistle,Scotch thistle,0.034244783222675323
0065.jpg,Scotch thistle,Scotch thistle,0.034465134143829346
0066.jpg,Scotch thistle,Scotch thistle,0.03452296927571297
0067.jpg,Scotch thistle,Scotch thistle,0.034528423100709915
0068.jpg,Scotch thistle,Scotch thistle,0.03451218828558922
0069.jpg,Scotch thistle,Scotch thistle,0.030903371050953865
0070.jpg,Scotch thistle,Scotch thistle,0.03450991213321686
0071.jpg,Scotch thistle,Scotch thistle,0.03452112525701523
0072.jpg,Scotch thistle,Scotch thistle,0.034530192613601685
0073.jpg,Scotch thistle,Scotch thistle,0.034531671553850174
0074.jpg,Scotch thistle,Scotch thistle,0.03449657931923866
0075.jpg,Scotch thistle,Scotch thistle,0.03434443846344948
0076.jpg,Scotch thistle,Scotch thistle,0.03453011438250542
0077.jpg,Scotch thistle,Scotch thistle,0.03452987223863602
0078.jpg,Scotch thistle,Scotch thistle,0.03316819295287132
0079.jpg,Scotch thistle,Scotch thistle,0.03452698141336441
0080.jpg,Scotch thistle,Scotch thistle,0.03452181816101074
0081.jpg,Scotch thistle,Scotch thistle,0.034492507576942444
0082.jpg,Scotch thistle,Scotch thistle,0.03452887013554573
0083.jpg,Scotch thistle,Scotch thistle,0.03453151509165764
0084.jpg,Scotch thistle,Scotch thistle,0.034467995166778564
0085.jpg,Scotch thistle,Scotch thistle,0.034522607922554016
0086.jpg,Scotch thistle,Scotch thistle,0.034455180168151855
0087.jpg,Scotch thistle,Scotch thistle,0.03446289524435997
0088.jpg,Scotch thistle,Scotch thistle,0.033712368458509445
0089.jpg,Scotch thistle,Scotch thistle,0.03453034535050392
0090.jpg,Scotch thistle,Scotch thistle,0.03447393700480461
0091.jpg,Scotch thistle,Scotch thistle,0.0345238633453846
0092.jpg,Scotch thistle,Scotch thistle,0.03452295809984207
0093.jpg,Scotch thistle,Scotch thistle,0.03453030064702034
0094.jpg,Scotch thistle,Scotch thistle,0.034531425684690475
0095.jpg,Scotch thistle,Scotch thistle,0.034525103867053986
0096.jpg,Scotch thistle,Scotch thistle,0.034531738609075546
0097.jpg,Scotch thistle,Scotch thistle,0.02181970700621605
0098.jpg,Scotch thistle,Scotch thistle,0.03451025113463402
0099.jpg,Scotch thistle,Scotch thistle,0.03453114628791809
0000.jpg,Scrambling fumitory,Scrambling fumitory,0.03453121706843376
0001.jpg,Scrambling fumitory,Scrambling fumitory,0.03451909124851227
0002.jpg,Scrambling fumitory,Scrambling fumitory,0.03453084081411362
0003.jpg,Scrambling fumitory,Scrambling fumitory,0.03323656693100929
0004.jpg,Scrambling fumitory,Scrambling fumitory,0.034489668905735016
0005.jpg,Scrambling fumitory,Scrambling fumitory,0.03361862152814865
0006.jpg,Scrambling fumitory,Scrambling fumitory,0.03452470526099205
0007.jpg,Scrambling fumitory,Scrambling fumitory,0.034530047327280045
0008.jpg,Scrambling fumitory,Scrambling fumitory,0.03447723016142845
0009.jpg,Scrambling fumitory,Scrambling fumitory,0.03453119099140167
0010.jpg,Scrambling fumitory,Scrambling fumitory,0.03440076485276222
0011.jpg,Scrambling fumitory,Scrambling fumitory,0.03425542265176773
0012.jpg,Scrambling fumitory,Scrambling fumitory,0.03433888405561447
0013.jpg,Scrambling fumitory,Scrambling fumitory,0.03452921286225319
0014.jpg,Scrambling fumitory,Scrambling fumitory,0.034462831914424896
0015.jpg,Scrambling fumitory,Scrambling fumitory,0.03438844904303551
0016.jpg,Scrambling fumitory,Scrambling fumitory,0.03452368080615997
0017.jpg,Scrambling fumitory,Scrambling fumitory,0.034504108130931854
0018.jpg,Scrambling fumitory,Scrambling fumitory,0.03453046455979347
0019.jpg,Scrambling fumitory,Scrambling fumitory,0.03452198952436447
0020.jpg,Scrambling fumitory,Scrambling fumitory,0.034528255462646484
0021.jpg,Scrambling fumitory,Scrambling fumitory,0.03414789214730263
0022.jpg,Scrambling fumitory,Scrambling fumitory,0.034528449177742004
0023.jpg,Scrambling fumitory,Scrambling fumitory,0.034531399607658386
0024.jpg,Scrambling fumitory,Scrambling fumitory,0.0345296747982502
0025.jpg,Scrambling fumitory,Scrambling fumitory,0.034531667828559875
0026.jpg,Scrambling fumitory,Scrambling fumitory,0.034531716257333755
0027.jpg,Scrambling fumitory,Scrambling fumitory,0.03453116491436958
0028.jpg,Scrambling fumitory,Scrambling fumitory,0.034529849886894226
0029.jpg,Scrambling fumitory,Scrambling fumitory,0.0342746302485466
0030.jpg,Scrambling fumitory,Scrambling fumitory,0.03453173115849495
0031.jpg,Scrambling fumitory,Scrambling fumitory,0.0345173217356205
0032.jpg,Scrambling fumitory,Scrambling fumitory,0.03453050181269646
0033.jpg,Scrambling fumitory,Scrambling fumitory,0.03453155606985092
0034.jpg,Scrambling fumitory,Scrambling fumitory,0.0345270037651062
0035.jpg,Scrambling fumitory,Scrambling fumitory,0.034531280398368835
0036.jpg,Scrambling fumitory,Scrambling fumitory,0.03452490642666817
0037.jpg,Scrambling fumitory,Scrambling fumitory,0.03453133627772331
0038.jpg,Scrambling fumitory,Scrambling fumitory,0.034530237317085266
0039.jpg,Scrambling fumitory,Scrambling fumitory,0.034496113657951355
0040.jpg,Scrambling fumitory,Scrambling fumitory,0.034531671553850174
0041.jpg,Scrambling fumitory,Scrambling fumitory,0.03453115001320839
0042.jpg,Scrambling fumitory,Scrambling fumitory,0.03452371433377266
0043.jpg,Scrambling fumitory,Scrambling fumitory,0.03432206064462662
0044.jpg,Scrambling fumitory,Scrambling fumitory,0.03447746858000755
0045.jpg,Scrambling fumitory,Scrambling fumitory,0.03451388329267502
0046.jpg,Scrambling fumitory,Scrambling fumitory,0.03451848030090332
0047.jpg,Scrambling fumitory,Scrambling fumitory,0.03437667712569237
0048.jpg,Scrambling fumitory,Scrambling fumitory,0.03452978655695915
0049.jpg,Scrambling fumitory,Scrambling fumitory,0.03443854674696922
0050.jpg,Scrambling fumitory,Scrambling fumitory,0.034523479640483856
0051.jpg,Scrambling fumitory,Scrambling fumitory,0.03437504917383194
0052.jpg,Scrambling fumitory,Scrambling fumitory,0.03364996612071991
0053.jpg,Scrambling fumitory,Scrambling fumitory,0.03450934216380119
0054.jpg,Scrambling fumitory,Wild radish,0.021778805181384087
0055.jpg,Scrambling fumitory,Scrambling fumitory,0.03452541306614876
0056.jpg,Scrambling fumitory,Scrambling fumitory,0.03450634330511093
0057.jpg,Scrambling fumitory,Scrambling fumitory,0.034517694264650345
0058.jpg,Scrambling fumitory,Scrambling fumitory,0.03453173488378525
0059.jpg,Scrambling fumitory,Scrambling fumitory,0.034518662840127945
0060.jpg,Scrambling fumitory,Scrambling fumitory,0.03452317789196968
0061.jpg,Scrambling fumitory,Scrambling fumitory,0.03453173488378525
0062.jpg,Scrambling fumitory,Scrambling fumitory,0.03448670357465744
0063.jpg,Scrambling fumitory,Scrambling fumitory,0.034531693905591965
0064.jpg,Scrambling fumitory,Scrambling fumitory,0.03248931095004082
0065.jpg,Scrambling fumitory,Scrambling fumitory,0.03453128784894943
0066.jpg,Scrambling fumitory,Scrambling fumitory,0.034530457109212875
0067.jpg,Scrambling fumitory,Scrambling fumitory,0.03453069180250168
0068.jpg,Scrambling fumitory,Scrambling fumitory,0.034531597048044205
0069.jpg,Scrambling fumitory,Scrambling fumitory,0.03453173115849495
0070.jpg,Scrambling fumitory,Scrambling fumitory,0.03453155234456062
0071.jpg,Scrambling fumitory,Scrambling fumitory,0.034508977085351944
0072.jpg,Scrambling fumitory,Scrambling fumitory,0.034526679664850235
0073.jpg,Scrambling fumitory,Scrambling fumitory,0.03437775745987892
0074.jpg,Scrambling fumitory,Scrambling fumitory,0.03451703488826752
0075.jpg,Scrambling fumitory,Scrambling fumitory,0.034531619399785995
0076.jpg,Scrambling fumitory,Scrambling fumitory,0.034525755792856216
0077.jpg,Scrambling fumitory,Scrambling fumitory,0.034452617168426514
0078.jpg,Scrambling fumitory,Scrambling fumitory,0.03367985785007477
0079.jpg,Scrambling fumitory,Scrambling fumitory,0.0345061719417572
0080.jpg,Scrambling fumitory,Scrambling fumitory,0.034418798983097076
0081.jpg,Scrambling fumitory,Scrambling fumitory,0.03452838584780693
0082.jpg,Scrambling fumitory,Scrambling fumitory,0.03452818840742111
0083.jpg,Scrambling fumitory,Scrambling fumitory,0.03452901542186737
0084.jpg,Scrambling fumitory,Scrambling fumitory,0.03453093767166138
0085.jpg,Scrambling fumitory,Scrambling fumitory,0.03450516611337662
0086.jpg,Scrambling fumitory,Scrambling fumitory,0.031910575926303864
0087.jpg,Scrambling fumitory,Scrambling fumitory,0.034530844539403915
0088.jpg,Scrambling fumitory,Scrambling fumitory,0.01926341839134693
0089.jpg,Scrambling fumitory,Scrambling fumitory,0.034524619579315186
0090.jpg,Scrambling fumitory,Scrambling fumitory,0.03447258472442627
0091.jpg,Scrambling fumitory,Scrambling fumitory,0.03452702611684799
0092.jpg,Scrambling fumitory,Scrambling fumitory,0.034518107771873474
0093.jpg,Scrambling fumitory,Scrambling fumitory,0.034495048224925995
0094.jpg,Scrambling fumitory,Scrambling fumitory,0.03335423395037651
0095.jpg,Scrambling fumitory,Scrambling fumitory,0.03452470526099205
0096.jpg,Scrambling fumitory,Scrambling fumitory,0.03453175723552704
0097.jpg,Scrambling fumitory,Scrambling fumitory,0.03435058891773224
0098.jpg,Scrambling fumitory,Scrambling fumitory,0.034519728273153305
0099.jpg,Scrambling fumitory,Scrambling fumitory,0.034531451761722565
0000.jpg,Scrambling speedwell,Scrambling speedwell,0.022793810814619064
0001.jpg,Scrambling speedwell,Field speedwell,0.022272560745477676
0002.jpg,Scrambling speedwell,Scrambling speedwell,0.021581320092082024
0003.jpg,Scrambling speedwell,Scrambling speedwell,0.021167926490306854
0004.jpg,Scrambling speedwell,Scrambling speedwell,0.021613994613289833
0005.jpg,Scrambling speedwell,Field speedwell,0.021769599989056587
0006.jpg,Scrambling speedwell,Scrambling speedwell,0.023282848298549652
0007.jpg,Scrambling speedwell,Scrambling speedwell,0.021396905183792114
0008.jpg,Scrambling speedwell,Field speedwell,0.021666398271918297
0009.jpg,Scrambling speedwell,Field speedwell,0.02165697142481804
0010.jpg,Scrambling speedwell,Field speedwell,0.021396033465862274
0011.jpg,Scrambling speedwell,Field speedwell,0.01977458782494068
0012.jpg,Scrambling speedwell,Scrambling speedwell,0.021245989948511124
0013.jpg,Scrambling speedwell,Scrambling speedwell,0.018412139266729355
0014.jpg,Scrambling speedwell,Creeping speedwell,0.03180275857448578
0015.jpg,Scrambling speedwell,Field speedwell,0.021226519718766212
0016.jpg,Scrambling speedwell,Field speedwell,0.021250376477837563
0017.jpg,Scrambling speedwell,Scrambling speedwell,0.023105928674340248
0018.jpg,Scrambling speedwell,Scrambling speedwell,0.021489998325705528
0019.jpg,Scrambling speedwell,Scrambling speedwell,0.022763537243008614
0020.jpg,Scrambling speedwell,Scrambling speedwell,0.021720195189118385
0021.jpg,Scrambling speedwell,Field speedwell,0.02190517820417881
0022.jpg,Scrambling speedwell,Field speedwell,0.02231724001467228
0023.jpg,Scrambling speedwell,Scrambling speedwell,0.021664325147867203
0024.jpg,Scrambling speedwell,Field speedwell,0.02106867916882038
0025.jpg,Scrambling speedwell,Field speedwell,0.02183229848742485
0026.jpg,Scrambling speedwell,Scrambling speedwell,0.021701522171497345
0027.jpg,Scrambling speedwell,Scrambling speedwell,0.023747920989990234
0028.jpg,Scrambling speedwell,Creeping speedwell,0.032374680042266846
0029.jpg,Scrambling speedwell,Field speedwell,0.02142232283949852
0030.jpg,Scrambling speedwell,Scrambling speedwell,0.02201143465936184
0031.jpg,Scrambling speedwell,Field speedwell,0.021360522136092186
0032.jpg,Scrambling speedwell,Field speedwell,0.021890530362725258
0033.jpg,Scrambling speedwell,Field speedwell,0.021767834201455116
0034.jpg,Scrambling speedwell,Field speedwell,0.02271098457276821
0035.jpg,Scrambling speedwell,Scrambling speedwell,0.01783299259841442
0036.jpg,Scrambling speedwell,Field speedwell,0.021449852734804153
0037.jpg,Scrambling speedwell,Scrambling speedwell,0.02201598323881626
0038.jpg,Scrambling speedwell,Scrambling speedwell,0.021878322586417198
0039.jpg,Scrambling speedwell,Scrambling speedwell,0.022006796672940254
0040.jpg,Scrambling speedwell,Scrambling speedwell,0.022270968183875084
0041.jpg,Scrambling speedwell,Field speedwell,0.021379126235842705
0042.jpg,Scrambling speedwell,Field speedwell,0.02267436869442463
0043.jpg,Scrambling speedwell,Scrambling speedwell,0.02204098179936409
0044.jpg,Scrambling speedwell,Scrambling speedwell,0.022610293701291084
0045.jpg,Scrambling speedwell,Scrambling speedwell,0.02196437306702137
0046.jpg,Scrambling speedwell,Field speedwell,0.022528477013111115
0047.jpg,Scrambling speedwell,Scrambling speedwell,0.021956222131848335
0048.jpg,Scrambling speedwell,Field speedwell,0.021270275115966797
0049.jpg,Scrambling speedwell,Scrambling speedwell,0.02181330695748329
0050.jpg,Scrambling speedwell,Scrambling speedwell,0.02146216668188572
0051.jpg,Scrambling speedwell,Scrambling speedwell,0.022068597376346588
0052.jpg,Scrambling speedwell,Scrambling speedwell,0.02127150446176529
0053.jpg,Scrambling speedwell,Scrambling speedwell,0.021968325600028038
0054.jpg,Scrambling speedwell,Field speedwell,0.022765012457966805
0055.jpg,Scrambling speedwell,Scrambling speedwell,0.022115975618362427
0056.jpg,Scrambling speedwell,Field speedwell,0.021934323012828827
0057.jpg,Scrambling speedwell,Scrambling speedwell,0.022283310070633888
0058.jpg,Scrambling speedwell,Scrambling speedwell,0.021774254739284515
0059.jpg,Scrambling speedwell,Field speedwell,0.021414291113615036
0060.jpg,Scrambling speedwell,Field speedwell,0.019492967054247856
0061.jpg,Scrambling speedwell,Field speedwell,0.02199587970972061
0062.jpg,Scrambling speedwell,Scrambling speedwell,0.021907402202486992
0063.jpg,Scrambling speedwell,Field speedwell,0.02165311574935913
0064.jpg,Scrambling speedwell,Field speedwell,0.019733186811208725
0065.jpg,Scrambling speedwell,Field speedwell,0.02192269079387188
0066.jpg,Scrambling speedwell,Field speedwell,0.023006560280919075
0067.jpg,Scrambling speedwell,Scrambling speedwell,0.0211532823741436
0068.jpg,Scrambling speedwell,Scrambling speedwell,0.02130202017724514
0069.jpg,Scrambling speedwell,Field speedwell,0.022155482321977615
0070.jpg,Scrambling speedwell,Scrambling speedwell,0.022529099136590958
0071.jpg,Scrambling speedwell,Scrambling speedwell,0.02474086545407772
0072.jpg,Scrambling speedwell,Field speedwell,0.022553686052560806
0073.jpg,Scrambling speedwell,Field speedwell,0.021902447566390038
0074.jpg,Scrambling speedwell,Scrambling speedwell,0.022178608924150467
0075.jpg,Scrambling speedwell,Field speedwell,0.0221878569573164
0076.jpg,Scrambling speedwell,Field speedwell,0.021659953519701958
0077.jpg,Scrambling speedwell,Field speedwell,0.021802136674523354
0078.jpg,Scrambling speedwell,Scrambling speedwell,0.021398359909653664
0079.jpg,Scrambling speedwell,Scrambling speedwell,0.02175053209066391
0080.jpg,Scrambling speedwell,Field speedwell,0.021833430975675583
0081.jpg,Scrambling speedwell,Field speedwell,0.02165498398244381
0082.jpg,Scrambling speedwell,Field speedwell,0.022311287000775337
0083.jpg,Scrambling speedwell,Field speedwell,0.021114133298397064
0084.jpg,Scrambling speedwell,Field speedwell,0.022312253713607788
0085.jpg,Scrambling speedwell,Field speedwell,0.021872028708457947
0086.jpg,Scrambling speedwell,Creeping speedwell,0.024059204384684563
0087.jpg,Scrambling speedwell,Scrambling speedwell,0.021746791899204254
0088.jpg,Scrambling speedwell,Scrambling speedwell,0.017736081033945084
0089.jpg,Scrambling speedwell,Field speedwell,0.023096682503819466
0090.jpg,Scrambling speedwell,Field speedwell,0.022398121654987335
0091.jpg,Scrambling speedwell,Scrambling speedwell,0.021565763279795647
0092.jpg,Scrambling speedwell,Field speedwell,0.02205689065158367
0093.jpg,Scrambling speedwell,Scrambling speedwell,0.021318921819329262
0094.jpg,Scrambling speedwell,Field speedwell,0.02275756746530533
0095.jpg,Scrambling speedwell,Scrambling speedwell,0.02159021608531475
0096.jpg,Scrambling speedwell,Field speedwell,0.021069632843136787
0097.jpg,Scrambling speedwell,Scrambling speedwell,0.02124728448688984
0098.jpg,Scrambling speedwell,Scrambling speedwell,0.02149943821132183
0099.jpg,Scrambling speedwell,Field speedwell,0.02238522842526436
0000.jpg,Selfheal,Selfheal,0.0345308817923069
0001.jpg,Selfheal,Selfheal,0.034486930817365646
0002.jpg,Selfheal,Selfheal,0.03434649854898453
0003.jpg,Selfheal,Selfheal,0.034301575273275375
0004.jpg,Selfheal,Selfheal,0.03411029651761055
0005.jpg,Selfheal,Selfheal,0.03450685366988182
0006.jpg,Selfheal,Selfheal,0.03452841192483902
0007.jpg,Selfheal,Selfheal,0.03452737256884575
0008.jpg,Selfheal,Selfheal,0.03451859951019287
0009.jpg,Selfheal,Selfheal,0.03452809900045395
0010.jpg,Selfheal,Selfheal,0.0345110148191452
0011.jpg,Selfheal,Selfheal,0.03449254855513573
0012.jpg,Selfheal,Selfheal,0.03453163057565689
0013.jpg,Selfheal,Selfheal,0.03453176096081734
0014.jpg,Selfheal,Selfheal,0.034363191574811935
0015.jpg,Selfheal,Selfheal,0.034530818462371826
0016.jpg,Selfheal,Selfheal,0.03453139215707779
0017.jpg,Selfheal,Selfheal,0.03451470658183098
0018.jpg,Selfheal,Selfheal,0.034510042518377304
0019.jpg,Selfheal,Selfheal,0.034452036023139954
0020.jpg,Selfheal,Selfheal,0.03453049063682556
0021.jpg,Selfheal,Selfheal,0.034509897232055664
0022.jpg,Selfheal,Selfheal,0.03435499221086502
0023.jpg,Selfheal,Selfheal,0.03293430060148239
0024.jpg,Selfheal,Selfheal,0.03453141823410988
0025.jpg,Selfheal,Selfheal,0.0343041755259037
0026.jpg,Selfheal,Selfheal,0.03451749309897423
0027.jpg,Selfheal,Selfheal,0.026908569037914276
0028.jpg,Selfheal,Selfheal,0.02931521087884903
0029.jpg,Selfheal,Selfheal,0.03449101746082306
0030.jpg,Selfheal,Selfheal,0.034518539905548096
0031.jpg,Selfheal,Selfheal,0.034511130303144455
0032.jpg,Selfheal,Selfheal,0.03438124805688858
0033.jpg,Selfheal,Selfheal,0.034433022141456604
0034.jpg,Selfheal,Selfheal,0.03430550545454025
0035.jpg,Selfheal,Selfheal,0.0345119908452034
0036.jpg,Selfheal,Selfheal,0.034486137330532074
0037.jpg,Selfheal,Selfheal,0.03451351821422577
0038.jpg,Selfheal,Selfheal,0.034516025334596634
0039.jpg,Selfheal,Selfheal,0.034530915319919586
0040.jpg,Selfheal,Selfheal,0.03448856249451637
0041.jpg,Selfheal,Selfheal,0.034522801637649536
0042.jpg,Selfheal,Selfheal,0.03450430929660797
0043.jpg,Selfheal,Selfheal,0.03448696807026863
0044.jpg,Selfheal,Selfheal,0.03452817350625992
0045.jpg,Selfheal,Selfheal,0.034407369792461395
0046.jpg,Selfheal,Selfheal,0.03453149273991585
0047.jpg,Selfheal,Selfheal,0.03452882543206215
0048.jpg,Selfheal,Selfheal,0.034531187266111374
0049.jpg,Selfheal,Selfheal,0.03447043523192406
0050.jpg,Selfheal,Selfheal,0.03452882915735245
0051.jpg,Selfheal,Selfheal,0.034528035670518875
0052.jpg,Selfheal,Selfheal,0.034526314586400986
0053.jpg,Selfheal,Selfheal,0.034486837685108185
0054.jpg,Selfheal,Selfheal,0.032154519110918045
0055.jpg,Selfheal,Selfheal,0.03452525660395622
0056.jpg,Selfheal,Selfheal,0.03453155979514122
0057.jpg,Selfheal,Selfheal,0.03452880680561066
0058.jpg,Selfheal,Selfheal,0.034530870616436005
0059.jpg,Selfheal,Selfheal,0.03452720493078232
0060.jpg,Selfheal,Selfheal,0.03451977297663689
0061.jpg,Selfheal,Selfheal,0.034528911113739014
0062.jpg,Selfheal,Selfheal,0.03442595899105072
0063.jpg,Selfheal,Selfheal,0.034324172884225845
0064.jpg,Selfheal,Selfheal,0.03437824547290802
0065.jpg,Selfheal,Selfheal,0.03452938795089722
0066.jpg,Selfheal,Selfheal,0.03452887386083603
0067.jpg,Selfheal,Selfheal,0.03452739864587784
0068.jpg,Selfheal,Selfheal,0.03450140729546547
0069.jpg,Selfheal,Tradescantia,0.02520604245364666
0070.jpg,Selfheal,Selfheal,0.03449239209294319
0071.jpg,Selfheal,Selfheal,0.0345311276614666
0072.jpg,Selfheal,Selfheal,0.03452910855412483
0073.jpg,Selfheal,Selfheal,0.034512266516685486
0074.jpg,Selfheal,Selfheal,0.03451550751924515
0075.jpg,Selfheal,Selfheal,0.034531619399785995
0076.jpg,Selfheal,Selfheal,0.03443162515759468
0077.jpg,Selfheal,Selfheal,0.03453000262379646
0078.jpg,Selfheal,Selfheal,0.03453055024147034
0079.jpg,Selfheal,Selfheal,0.034530580043792725
0080.jpg,Selfheal,Selfheal,0.03451855480670929
0081.jpg,Selfheal,Selfheal,0.03452521190047264
0082.jpg,Selfheal,Selfheal,0.034498121589422226
0083.jpg,Selfheal,Selfheal,0.03453173115849495
0084.jpg,Selfheal,Selfheal,0.033018872141838074
0085.jpg,Selfheal,Selfheal,0.034069254994392395
0086.jpg,Selfheal,Selfheal,0.03447365388274193
0087.jpg,Selfheal,Selfheal,0.03444281592965126
0088.jpg,Selfheal,Selfheal,0.023036958649754524
0089.jpg,Selfheal,Selfheal,0.034530818462371826
0090.jpg,Selfheal,Selfheal,0.03451171889901161
0091.jpg,Selfheal,Selfheal,0.03453134000301361
0092.jpg,Selfheal,Selfheal,0.03444882482290268
0093.jpg,Selfheal,Selfheal,0.03451811894774437
0094.jpg,Selfheal,Selfheal,0.03393604978919029
0095.jpg,Selfheal,Selfheal,0.03452732414007187
0096.jpg,Selfheal,Selfheal,0.034520018845796585
0097.jpg,Selfheal,Selfheal,0.03438711538910866
0098.jpg,Selfheal,Selfheal,0.03452956676483154
0099.jpg,Selfheal,Selfheal,0.03410513326525688
0000.jpg,Sheep's sorrel,Sheep's sorrel,0.03453168645501137
0001.jpg,Sheep's sorrel,Sheep's sorrel,0.03453173488378525
0002.jpg,Sheep's sorrel,Sheep's sorrel,0.03453097492456436
0003.jpg,Sheep's sorrel,Sheep's sorrel,0.030499454587697983
0004.jpg,Sheep's sorrel,Sheep's sorrel,0.025518124923110008
0005.jpg,Sheep's sorrel,Sheep's sorrel,0.03452462702989578
0006.jpg,Sheep's sorrel,Sheep's sorrel,0.03388022631406784
0007.jpg,Sheep's sorrel,Sheep's sorrel,0.03451807051897049
0008.jpg,Sheep's sorrel,Sheep's sorrel,0.03453071042895317
0009.jpg,Sheep's sorrel,Sheep's sorrel,0.03452260047197342
0010.jpg,Sheep's sorrel,Sheep's sorrel,0.03452260047197342
0011.jpg,Sheep's sorrel,Broad-leaved dock,0.03282243758440018
0012.jpg,Sheep's sorrel,Sheep's sorrel,0.03452924266457558
0013.jpg,Sheep's sorrel,Sheep's sorrel,0.0316665917634964
0014.jpg,Sheep's sorrel,Broad-leaved plantain,0.020918739959597588
0015.jpg,Sheep's sorrel,Sheep's sorrel,0.034531187266111374
0016.jpg,Sheep's sorrel,Sheep's sorrel,0.03453156724572182
0017.jpg,Sheep's sorrel,Sheep's sorrel,0.03425571694970131
0018.jpg,Sheep's sorrel,Sheep's sorrel,0.03449805825948715
0019.jpg,Sheep's sorrel,Sheep's sorrel,0.034055184572935104
0020.jpg,Sheep's sorrel,Sheep's sorrel,0.034524064511060715
0021.jpg,Sheep's sorrel,Sheep's sorrel,0.034526314586400986
0022.jpg,Sheep's sorrel,Sheep's sorrel,0.03447241336107254
0023.jpg,Sheep's sorrel,Sheep's sorrel,0.03453105688095093
0024.jpg,Sheep's sorrel,Sheep's sorrel,0.03453068435192108
0025.jpg,Sheep's sorrel,Sheep's sorrel,0.0345257893204689
0026.jpg,Sheep's sorrel,Sheep's sorrel,0.034501634538173676
0027.jpg,Sheep's sorrel,Tradescantia,0.022425483912229538
0028.jpg,Sheep's sorrel,Sheep's sorrel,0.025526460260152817
0029.jpg,Sheep's sorrel,Sheep's sorrel,0.03426578640937805
0030.jpg,Sheep's sorrel,Sheep's sorrel,0.034521181136369705
0031.jpg,Sheep's sorrel,Sheep's sorrel,0.024527985602617264
0032.jpg,Sheep's sorrel,Sheep's sorrel,0.0344882532954216
0033.jpg,Sheep's sorrel,Sheep's sorrel,0.03452548384666443
0034.jpg,Sheep's sorrel,Sheep's sorrel,0.03453129157423973
0035.jpg,Sheep's sorrel,Sheep's sorrel,0.03452994301915169
0036.jpg,Sheep's sorrel,Sheep's sorrel,0.03453177213668823
0037.jpg,Sheep's sorrel,Sheep's sorrel,0.03441862016916275
0038.jpg,Sheep's sorrel,Sheep's sorrel,0.03448929265141487
0039.jpg,Sheep's sorrel,Sheep's sorrel,0.034528180956840515
0040.jpg,Sheep's sorrel,Sheep's sorrel,0.03452936187386513
0041.jpg,Sheep's sorrel,Sheep's sorrel,0.034424278885126114
0042.jpg,Sheep's sorrel,Sheep's sorrel,0.03453081473708153
0043.jpg,Sheep's sorrel,Sheep's sorrel,0.03447193652391434
0044.jpg,Sheep's sorrel,Sheep's sorrel,0.03434168919920921
0045.jpg,Sheep's sorrel,Sheep's sorrel,0.034530796110630035
0046.jpg,Sheep's sorrel,Sheep's sorrel,0.03424292802810669
0047.jpg,Sheep's sorrel,Sheep's sorrel,0.03452906385064125
0048.jpg,Sheep's sorrel,Sheep's sorrel,0.03452984616160393
0049.jpg,Sheep's sorrel,Sheep's sorrel,0.03453163430094719
0050.jpg,Sheep's sorrel,Sheep's sorrel,0.03453141078352928
0051.jpg,Sheep's sorrel,Sheep's sorrel,0.03448358550667763
0052.jpg,Sheep's sorrel,Sheep's sorrel,0.03434257209300995
0053.jpg,Sheep's sorrel,Sheep's sorrel,0.03438705950975418
0054.jpg,Sheep's sorrel,Sheep's sorrel,0.034510768949985504
0055.jpg,Sheep's sorrel,Sheep's sorrel,0.03425151854753494
0056.jpg,Sheep's sorrel,Sheep's sorrel,0.033093295991420746
0057.jpg,Sheep's sorrel,Sheep's sorrel,0.034400004893541336
0058.jpg,Sheep's sorrel,Sheep's sorrel,0.03425609692931175
0059.jpg,Sheep's sorrel,Sheep's sorrel,0.03453083708882332
0060.jpg,Sheep's sorrel,Sheep's sorrel,0.03452937677502632
0061.jpg,Sheep's sorrel,Sheep's sorrel,0.03452691435813904
0062.jpg,Sheep's sorrel,Sheep's sorrel,0.03453061729669571
0063.jpg,Sheep's sorrel,Sheep's sorrel,0.03453109785914421
0064.jpg,Sheep's sorrel,Sheep's sorrel,0.02200828120112419
0065.jpg,Sheep's sorrel,Sheep's sorrel,0.03452708572149277
0066.jpg,Sheep's sorrel,Sheep's sorrel,0.03453022241592407
0067.jpg,Sheep's sorrel,Sheep's sorrel,0.033693909645080566
0068.jpg,Sheep's sorrel,Sheep's sorrel,0.03438252955675125
0069.jpg,Sheep's sorrel,Sheep's sorrel,0.03408107906579971
0070.jpg,Sheep's sorrel,Sheep's sorrel,0.034522417932748795
0071.jpg,Sheep's sorrel,Sheep's sorrel,0.03433293476700783
0072.jpg,Sheep's sorrel,Sheep's sorrel,0.03452829644083977
0073.jpg,Sheep's sorrel,Sheep's sorrel,0.03453174605965614
0074.jpg,Sheep's sorrel,Sheep's sorrel,0.034477606415748596
0075.jpg,Sheep's sorrel,Sheep's sorrel,0.028930215165019035
0076.jpg,Sheep's sorrel,Sheep's sorrel,0.03453085571527481
0077.jpg,Sheep's sorrel,Sheep's sorrel,0.03453121706843376
0078.jpg,Sheep's sorrel,Sheep's sorrel,0.03453046455979347
0079.jpg,Sheep's sorrel,Sheep's sorrel,0.03453044965863228
0080.jpg,Sheep's sorrel,Sheep's sorrel,0.03453001752495766
0081.jpg,Sheep's sorrel,Narrow-leaved plantain,0.02240253984928131
0082.jpg,Sheep's sorrel,Sheep's sorrel,0.0345306470990181
0083.jpg,Sheep's sorrel,Sheep's sorrel,0.03430671617388725
0084.jpg,Sheep's sorrel,Sheep's sorrel,0.03403691202402115
0085.jpg,Sheep's sorrel,Sheep's sorrel,0.03448254242539406
0086.jpg,Sheep's sorrel,Sheep's sorrel,0.02274385839700699
0087.jpg,Sheep's sorrel,Sheep's sorrel,0.03447650000452995
0088.jpg,Sheep's sorrel,Sheep's sorrel,0.021787036210298538
0089.jpg,Sheep's sorrel,Sheep's sorrel,0.03449288755655289
0090.jpg,Sheep's sorrel,Sheep's sorrel,0.03453139215707779
0091.jpg,Sheep's sorrel,Sheep's sorrel,0.034515686333179474
0092.jpg,Sheep's sorrel,Sheep's sorrel,0.03452322632074356
0093.jpg,Sheep's sorrel,Sheep's sorrel,0.0344117246568203
0094.jpg,Sheep's sorrel,Sheep's sorrel,0.02493469975888729
0095.jpg,Sheep's sorrel,Sheep's sorrel,0.03388809412717819
0096.jpg,Sheep's sorrel,Sheep's sorrel,0.03440913185477257
0097.jpg,Sheep's sorrel,Sheep's sorrel,0.03096746653318405
0098.jpg,Sheep's sorrel,Sheep's sorrel,0.034502048045396805
0099.jpg,Sheep's sorrel,Sheep's sorrel,0.03452329710125923
0000.jpg,Shepherd's purse,Shepherd's purse,0.03453085571527481
0001.jpg,Shepherd's purse,Shepherd's purse,0.034527115523815155
0002.jpg,Shepherd's purse,Shepherd's purse,0.0345245897769928
0003.jpg,Shepherd's purse,Shepherd's purse,0.019332680851221085
0004.jpg,Shepherd's purse,Broad-leaved plantain,0.026913609355688095
0005.jpg,Shepherd's purse,Shepherd's purse,0.03453037887811661
0006.jpg,Shepherd's purse,Shepherd's purse,0.03450533002614975
0007.jpg,Shepherd's purse,Shepherd's purse,0.03453176096081734
0008.jpg,Shepherd's purse,Shepherd's purse,0.03453171253204346
0009.jpg,Shepherd's purse,Shepherd's purse,0.034531690180301666
0010.jpg,Shepherd's purse,Shepherd's purse,0.03453175351023674
0011.jpg,Shepherd's purse,Parsley dropwort,0.021987253800034523
0012.jpg,Shepherd's purse,Shepherd's purse,0.03447435051202774
0013.jpg,Shepherd's purse,Shepherd's purse,0.025198744609951973
0014.jpg,Shepherd's purse,Annual poa,0.03160794451832771
0015.jpg,Shepherd's purse,Shepherd's purse,0.03453146293759346
0016.jpg,Shepherd's purse,Shepherd's purse,0.03453150764107704
0017.jpg,Shepherd's purse,Shepherd's purse,0.03452669456601143
0018.jpg,Shepherd's purse,Shepherd's purse,0.03452640399336815
0019.jpg,Shepherd's purse,Shepherd's purse,0.03452004864811897
0020.jpg,Shepherd's purse,Shepherd's purse,0.03453156724572182
0021.jpg,Shepherd's purse,Shepherd's purse,0.03453167900443077
0022.jpg,Shepherd's purse,Shepherd's purse,0.03453176096081734
0023.jpg,Shepherd's purse,Shepherd's purse,0.03451545536518097
0024.jpg,Shepherd's purse,Shepherd's purse,0.026257069781422615
0025.jpg,Shepherd's purse,Shepherd's purse,0.0345313735306263
0026.jpg,Shepherd's purse,Shepherd's purse,0.03452911600470543
0027.jpg,Shepherd's purse,Annual poa,0.02130546048283577
0028.jpg,Shepherd's purse,Shepherd's purse,0.020594224333763123
0029.jpg,Shepherd's purse,Ivy,0.025571724399924278
0030.jpg,Shepherd's purse,Shepherd's purse,0.034531496465206146
0031.jpg,Shepherd's purse,Shepherd's purse,0.03430073708295822
0032.jpg,Shepherd's purse,Shepherd's purse,0.03450265899300575
0033.jpg,Shepherd's purse,Shepherd's purse,0.034531258046627045
0034.jpg,Shepherd's purse,Shepherd's purse,0.03453171253204346
0035.jpg,Shepherd's purse,Shepherd's purse,0.021367153152823448
0036.jpg,Shepherd's purse,Shepherd's purse,0.03453116863965988
0037.jpg,Shepherd's purse,Shepherd's purse,0.03452472388744354
0038.jpg,Shepherd's purse,Shepherd's purse,0.03452330455183983
0039.jpg,Shepherd's purse,Shepherd's purse,0.03452516347169876
0040.jpg,Shepherd's purse,Shepherd's purse,0.03453034535050392
0041.jpg,Shepherd's purse,Shepherd's purse,0.034517802298069
0042.jpg,Shepherd's purse,Shepherd's purse,0.034531496465206146
0043.jpg,Shepherd's purse,Shepherd's purse,0.03450820967555046
0044.jpg,Shepherd's purse,Shepherd's purse,0.034356385469436646
0045.jpg,Shepherd's purse,Shepherd's purse,0.034524574875831604
0046.jpg,Shepherd's purse,Shepherd's purse,0.03452045097947121
0047.jpg,Shepherd's purse,Shepherd's purse,0.03435216844081879
0048.jpg,Shepherd's purse,Shepherd's purse,0.0345316044986248
0049.jpg,Shepherd's purse,Shepherd's purse,0.0344817154109478
0050.jpg,Shepherd's purse,Shepherd's purse,0.034530941396951675
0051.jpg,Shepherd's purse,Shepherd's purse,0.03453025966882706
0052.jpg,Shepherd's purse,Shepherd's purse,0.03451806306838989
0053.jpg,Shepherd's purse,Shepherd's purse,0.03452962264418602
0054.jpg,Shepherd's purse,Pink shamrock,0.023540178313851357
0055.jpg,Shepherd's purse,Shepherd's purse,0.0345313623547554
0056.jpg,Shepherd's purse,Shepherd's purse,0.03441929072141647
0057.jpg,Shepherd's purse,Shepherd's purse,0.03428032249212265
0058.jpg,Shepherd's purse,Shepherd's purse,0.03453173115849495
0059.jpg,Shepherd's purse,Shepherd's purse,0.024444090202450752
0060.jpg,Shepherd's purse,Shepherd's purse,0.03145494684576988
0061.jpg,Shepherd's purse,Shepherd's purse,0.03452843055129051
0062.jpg,Shepherd's purse,Shepherd's purse,0.034524790942668915
0063.jpg,Shepherd's purse,Shepherd's purse,0.03437267243862152
0064.jpg,Shepherd's purse,Shepherd's purse,0.03438409045338631
0065.jpg,Shepherd's purse,Shepherd's purse,0.03219926729798317
0066.jpg,Shepherd's purse,Shepherd's purse,0.03453083708882332
0067.jpg,Shepherd's purse,Shepherd's purse,0.03453127294778824
0068.jpg,Shepherd's purse,Shepherd's purse,0.03453177213668823
0069.jpg,Shepherd's purse,Shepherd's purse,0.03261745721101761
0070.jpg,Shepherd's purse,Shepherd's purse,0.03453175723552704
0071.jpg,Shepherd's purse,Shepherd's purse,0.034531716257333755
0072.jpg,Shepherd's purse,Shepherd's purse,0.034531597048044205
0073.jpg,Shepherd's purse,Shepherd's purse,0.034530483186244965
0074.jpg,Shepherd's purse,Shepherd's purse,0.03453150391578674
0075.jpg,Shepherd's purse,Shepherd's purse,0.03056507557630539
0076.jpg,Shepherd's purse,Shepherd's purse,0.03453146293759346
0077.jpg,Shepherd's purse,Shepherd's purse,0.034509412944316864
0078.jpg,Shepherd's purse,Shepherd's purse,0.03453162685036659
0079.jpg,Shepherd's purse,Shepherd's purse,0.034245774149894714
0080.jpg,Shepherd's purse,Shepherd's purse,0.03451628237962723
0081.jpg,Shepherd's purse,Hairy buttercup,0.03139501065015793
0082.jpg,Shepherd's purse,Shepherd's purse,0.03453131765127182
0083.jpg,Shepherd's purse,Shepherd's purse,0.034080870449543
0084.jpg,Shepherd's purse,Shepherd's purse,0.034528929740190506
0085.jpg,Shepherd's purse,Shepherd's purse,0.034333035349845886
0086.jpg,Shepherd's purse,Shepherd's purse,0.03451291844248772
0087.jpg,Shepherd's purse,Shepherd's purse,0.03452921658754349
0088.jpg,Shepherd's purse,Shepherd's purse,0.02664482779800892
0089.jpg,Shepherd's purse,Shepherd's purse,0.03453168645501137
0090.jpg,Shepherd's purse,Shepherd's purse,0.03452923521399498
0091.jpg,Shepherd's purse,Shepherd's purse,0.034530509263277054
0092.jpg,Shepherd's purse,Shepherd's purse,0.03453012555837631
0093.jpg,Shepherd's purse,Shepherd's purse,0.034529898315668106
0094.jpg,Shepherd's purse,Turf speedwell,0.030850477516651154
0095.jpg,Shepherd's purse,Shepherd's purse,0.032904915511608124
0096.jpg,Shepherd's purse,Shepherd's purse,0.03447843715548515
0097.jpg,Shepherd's purse,Shepherd's purse,0.03453125059604645
0098.jpg,Shepherd's purse,Shepherd's purse,0.03452213853597641
0099.jpg,Shepherd's purse,Shepherd's purse,0.034530866891145706
0000.jpg,Sow thistle,Sow thistle,0.0345173180103302
0001.jpg,Sow thistle,Sow thistle,0.03352368623018265
0002.jpg,Sow thistle,Sow thistle,0.03453175351023674
0003.jpg,Sow thistle,Ivy,0.01697731949388981
0004.jpg,Sow thistle,Daisy,0.02146965079009533
0005.jpg,Sow thistle,Sow thistle,0.02288835123181343
0006.jpg,Sow thistle,Sow thistle,0.03453173115849495
0007.jpg,Sow thistle,Sow thistle,0.034251198172569275
0008.jpg,Sow thistle,Sow thistle,0.03421498462557793
0009.jpg,Sow thistle,Sow thistle,0.034531015902757645
0010.jpg,Sow thistle,Sow thistle,0.034271251410245895
0011.jpg,Sow thistle,Sow thistle,0.024008382111787796
0012.jpg,Sow thistle,Sow thistle,0.0345294363796711
0013.jpg,Sow thistle,Winged thistle,0.03448322042822838
0014.jpg,Sow thistle,Scotch thistle,0.015226350165903568
0015.jpg,Sow thistle,Sow thistle,0.03445329889655113
0016.jpg,Sow thistle,Sow thistle,0.034254468977451324
0017.jpg,Sow thistle,Sow thistle,0.02740546688437462
0018.jpg,Sow thistle,Sow thistle,0.03453061357140541
0019.jpg,Sow thistle,Sow thistle,0.03453158959746361
0020.jpg,Sow thistle,Sow thistle,0.03452346473932266
0021.jpg,Sow thistle,Sow thistle,0.034489184617996216
0022.jpg,Sow thistle,Sow thistle,0.03428131714463234
0023.jpg,Sow thistle,Sow thistle,0.03450142219662666
0024.jpg,Sow thistle,Sow thistle,0.034523479640483856
0025.jpg,Sow thistle,Sow thistle,0.03453142195940018
0026.jpg,Sow thistle,Sow thistle,0.0345296747982502
0027.jpg,Sow thistle,Sow thistle,0.03417842462658882
0028.jpg,Sow thistle,Sow thistle,0.03022943064570427
0029.jpg,Sow thistle,Mouse-ear hawkweed,0.0185852013528347
0030.jpg,Sow thistle,Sow thistle,0.03451095148921013
0031.jpg,Sow thistle,Sow thistle,0.034471817314624786
0032.jpg,Sow thistle,Sow thistle,0.03452548012137413
0033.jpg,Sow thistle,Sow thistle,0.03431703895330429
0034.jpg,Sow thistle,Sow thistle,0.03452906757593155
0035.jpg,Sow thistle,Catsear,0.019096679985523224
0036.jpg,Sow thistle,Sow thistle,0.034530989825725555
0037.jpg,Sow thistle,Sow thistle,0.03453151509165764
0038.jpg,Sow thistle,Sow thistle,0.034298405051231384
0039.jpg,Sow thistle,Sow thistle,0.03443274274468422
0040.jpg,Sow thistle,Sow thistle,0.03448834270238876
0041.jpg,Sow thistle,Sow thistle,0.03453173115849495
0042.jpg,Sow thistle,Sow thistle,0.034531500190496445
0043.jpg,Sow thistle,Sow thistle,0.034531090408563614
0044.jpg,Sow thistle,Sow thistle,0.03453120216727257
0045.jpg,Sow thistle,Sow thistle,0.034475959837436676
0046.jpg,Sow thistle,Sow thistle,0.034082092344760895
0047.jpg,Sow thistle,Sow thistle,0.03451716527342796
0048.jpg,Sow thistle,Sow thistle,0.03269777446985245
0049.jpg,Sow thistle,Sow thistle,0.034083861857652664
0050.jpg,Sow thistle,Sow thistle,0.03417717292904854
0051.jpg,Sow thistle,Sow thistle,0.03453050181269646
0052.jpg,Sow thistle,Sow thistle,0.03452783077955246
0053.jpg,Sow thistle,Sow thistle,0.0323551744222641
0054.jpg,Sow thistle,Sow thistle,0.03453077748417854
0055.jpg,Sow thistle,Sow thistle,0.03453027084469795
0056.jpg,Sow thistle,Sow thistle,0.03417634218931198
0057.jpg,Sow thistle,Sow thistle,0.0344930961728096
0058.jpg,Sow thistle,Sow thistle,0.033332373946905136
0059.jpg,Sow thistle,Sow thistle,0.03450314328074455
0060.jpg,Sow thistle,Sow thistle,0.034524235874414444
0061.jpg,Sow thistle,Sow thistle,0.03452225774526596
0062.jpg,Sow thistle,Sow thistle,0.034528229385614395
0063.jpg,Sow thistle,Sow thistle,0.034524690359830856
0064.jpg,Sow thistle,Sow thistle,0.02983744442462921
0065.jpg,Sow thistle,Sow thistle,0.03453176096081734
0066.jpg,Sow thistle,Sow thistle,0.03453150764107704
0067.jpg,Sow thistle,Sow thistle,0.03440751135349274
0068.jpg,Sow thistle,Sow thistle,0.034501153975725174
0069.jpg,Sow thistle,Broad-leaved dock,0.022385090589523315
0070.jpg,Sow thistle,Sow thistle,0.034531120210886
0071.jpg,Sow thistle,Sow thistle,0.03440696373581886
0072.jpg,Sow thistle,Sow thistle,0.03453155979514122
0073.jpg,Sow thistle,Sow thistle,0.03452945873141289
0074.jpg,Sow thistle,Sow thistle,0.03450591862201691
0075.jpg,Sow thistle,Californian thistle,0.01969349943101406
0076.jpg,Sow thistle,Sow thistle,0.034531425684690475
0077.jpg,Sow thistle,Sow thistle,0.03453116863965988
0078.jpg,Sow thistle,Sow thistle,0.03448253124952316
0079.jpg,Sow thistle,Sow thistle,0.03443657234311104
0080.jpg,Sow thistle,Sow thistle,0.034519895911216736
0081.jpg,Sow thistle,Wild turnip,0.023858312517404556
0082.jpg,Sow thistle,Sow thistle,0.03452171012759209
0083.jpg,Sow thistle,Sow thistle,0.03451172262430191
0084.jpg,Sow thistle,Sow thistle,0.03452446311712265
0085.jpg,Sow thistle,Sow thistle,0.03421565890312195
0086.jpg,Sow thistle,Sow thistle,0.025408480316400528
0087.jpg,Sow thistle,Sow thistle,0.034521572291851044
0088.jpg,Sow thistle,Paspalum,0.017592020332813263
0089.jpg,Sow thistle,Sow thistle,0.034514170140028
0090.jpg,Sow thistle,Sow thistle,0.03434418514370918
0091.jpg,Sow thistle,Sow thistle,0.034531235694885254
0092.jpg,Sow thistle,Sow thistle,0.03452830761671066
0093.jpg,Sow thistle,Sow thistle,0.03449643775820732
0094.jpg,Sow thistle,Sow thistle,0.03452535718679428
0095.jpg,Sow thistle,Sow thistle,0.03453175723552704
0096.jpg,Sow thistle,Sow thistle,0.03452926501631737
0097.jpg,Sow thistle,Sow thistle,0.03438413143157959
0098.jpg,Sow thistle,Sow thistle,0.03451709449291229
0099.jpg,Sow thistle,Sow thistle,0.03448577970266342
0000.jpg,Spurrey,Spurrey,0.03452204912900925
0001.jpg,Spurrey,Spurrey,0.03453163057565689
0002.jpg,Spurrey,Spurrey,0.034531425684690475
0003.jpg,Spurrey,Spurrey,0.03364558145403862
0004.jpg,Spurrey,Spurrey,0.0345185287296772
0005.jpg,Spurrey,Spurrey,0.03453125059604645
0006.jpg,Spurrey,Spurrey,0.03438667580485344
0007.jpg,Spurrey,Spurrey,0.03453148528933525
0008.jpg,Spurrey,Spurrey,0.034529224038124084
0009.jpg,Spurrey,Spurrey,0.03453167527914047
0010.jpg,Spurrey,Spurrey,0.0345272533595562
0011.jpg,Spurrey,Annual poa,0.018798045814037323
0012.jpg,Spurrey,Spurrey,0.03453148156404495
0013.jpg,Spurrey,Onehunga weed,0.026075271889567375
0014.jpg,Spurrey,Spurrey,0.02522752434015274
0015.jpg,Spurrey,Spurrey,0.03452245146036148
0016.jpg,Spurrey,Spurrey,0.03452333062887192
0017.jpg,Spurrey,Creeping speedwell,0.019695114344358444
0018.jpg,Spurrey,Spurrey,0.034470122307538986
0019.jpg,Spurrey,Spurrey,0.03444138169288635
0020.jpg,Spurrey,Spurrey,0.03435194119811058
0021.jpg,Spurrey,Spurrey,0.03453167900443077
0022.jpg,Spurrey,Spurrey,0.03453101962804794
0023.jpg,Spurrey,Spurrey,0.034531641751527786
0024.jpg,Spurrey,Spurrey,0.034530557692050934
0025.jpg,Spurrey,Spurrey,0.034498557448387146
0026.jpg,Spurrey,Spurrey,0.034518882632255554
0027.jpg,Spurrey,Spurrey,0.034531448036432266
0028.jpg,Spurrey,Spurrey,0.03453175723552704
0029.jpg,Spurrey,Spurrey,0.034525033086538315
0030.jpg,Spurrey,Spurrey,0.03429596871137619
0031.jpg,Spurrey,Spurrey,0.03437444567680359
0032.jpg,Spurrey,Spurrey,0.034167803823947906
0033.jpg,Spurrey,Spurrey,0.03449041768908501
0034.jpg,Spurrey,Spurrey,0.03450688347220421
0035.jpg,Spurrey,Spurrey,0.0345316082239151
0036.jpg,Spurrey,Spurrey,0.03452606871724129
0037.jpg,Spurrey,Spurrey,0.03452964127063751
0038.jpg,Spurrey,Spurrey,0.034524306654930115
0039.jpg,Spurrey,Spurrey,0.034511759877204895
0040.jpg,Spurrey,Spurrey,0.03453148156404495
0041.jpg,Spurrey,Spurrey,0.034527432173490524
0042.jpg,Spurrey,Spurrey,0.03444208949804306
0043.jpg,Spurrey,Spurrey,0.034531619399785995
0044.jpg,Spurrey,Spurrey,0.03453066572546959
0045.jpg,Spurrey,Spurrey,0.03452867642045021
0046.jpg,Spurrey,Spurrey,0.0345185212790966
0047.jpg,Spurrey,Spurrey,0.034524790942668915
0048.jpg,Spurrey,Spurrey,0.03452729061245918
0049.jpg,Spurrey,Spurrey,0.03452789783477783
0050.jpg,Spurrey,Spurrey,0.03453131020069122
0051.jpg,Spurrey,Spurrey,0.03450160473585129
0052.jpg,Spurrey,Spurrey,0.03452888876199722
0053.jpg,Spurrey,Spurrey,0.034522153437137604
0054.jpg,Spurrey,Turf speedwell,0.018844563513994217
0055.jpg,Spurrey,Spurrey,0.03452419862151146
0056.jpg,Spurrey,Spurrey,0.034531690180301666
0057.jpg,Spurrey,Spurrey,0.03435404971241951
0058.jpg,Spurrey,Spurrey,0.03453046455979347
0059.jpg,Spurrey,Spurrey,0.03445570170879364
0060.jpg,Spurrey,Spurrey,0.03452130779623985
0061.jpg,Spurrey,Spurrey,0.03452938050031662
0062.jpg,Spurrey,Spurrey,0.03452455252408981
0063.jpg,Spurrey,Spurrey,0.034529414027929306
0064.jpg,Spurrey,Spurrey,0.03451934829354286
0065.jpg,Spurrey,Spurrey,0.03453119844198227
0066.jpg,Spurrey,Spurrey,0.034515075385570526
0067.jpg,Spurrey,Spurrey,0.034329626709222794
0068.jpg,Spurrey,Spurrey,0.03452955558896065
0069.jpg,Spurrey,Spurrey,0.03452865406870842
0070.jpg,Spurrey,Spurrey,0.03453175723552704
0071.jpg,Spurrey,Spurrey,0.03452879190444946
0072.jpg,Spurrey,Spurrey,0.03452006354928017
0073.jpg,Spurrey,Spurrey,0.03382786363363266
0074.jpg,Spurrey,Spurrey,0.03451308235526085
0075.jpg,Spurrey,Spurrey,0.022869864478707314
0076.jpg,Spurrey,Spurrey,0.03452523425221443
0077.jpg,Spurrey,Spurrey,0.03451986983418465
0078.jpg,Spurrey,Spurrey,0.03448662906885147
0079.jpg,Spurrey,Spurrey,0.034022651612758636
0080.jpg,Spurrey,Spurrey,0.03356577083468437
0081.jpg,Spurrey,Spurrey,0.03452429920434952
0082.jpg,Spurrey,Spurrey,0.03452586010098457
0083.jpg,Spurrey,Spurrey,0.034527737647295
0084.jpg,Spurrey,Spurrey,0.03452720120549202
0085.jpg,Spurrey,Spurrey,0.034238528460264206
0086.jpg,Spurrey,Spurrey,0.03319237008690834
0087.jpg,Spurrey,Spurrey,0.03343529626727104
0088.jpg,Spurrey,Spurrey,0.03449469804763794
0089.jpg,Spurrey,Spurrey,0.03448326513171196
0090.jpg,Spurrey,Spurrey,0.034461554139852524
0091.jpg,Spurrey,Spurrey,0.03453062102198601
0092.jpg,Spurrey,Spurrey,0.03453177213668823
0093.jpg,Spurrey,Spurrey,0.0345257893204689
0094.jpg,Spurrey,Twin cress,0.01738624833524227
0095.jpg,Spurrey,Spurrey,0.03452979028224945
0096.jpg,Spurrey,Spurrey,0.034529827535152435
0097.jpg,Spurrey,Spurrey,0.03452608734369278
0098.jpg,Spurrey,Spurrey,0.0345148928463459
0099.jpg,Spurrey,Spurrey,0.034435924142599106
0000.jpg,Staggerweed,Staggerweed,0.03451693803071976
0001.jpg,Staggerweed,Staggerweed,0.03452519699931145
0002.jpg,Staggerweed,Staggerweed,0.03453115001320839
0003.jpg,Staggerweed,Staggerweed,0.034529607743024826
0004.jpg,Staggerweed,Staggerweed,0.03134796768426895
0005.jpg,Staggerweed,Staggerweed,0.0345059297978878
0006.jpg,Staggerweed,Staggerweed,0.034531671553850174
0007.jpg,Staggerweed,Staggerweed,0.03450038656592369
0008.jpg,Staggerweed,Staggerweed,0.03447859734296799
0009.jpg,Staggerweed,Staggerweed,0.03453062102198601
0010.jpg,Staggerweed,Staggerweed,0.03452999144792557
0011.jpg,Staggerweed,Staggerweed,0.03452467918395996
0012.jpg,Staggerweed,Staggerweed,0.03441811352968216
0013.jpg,Staggerweed,Parsley piert,0.02216336689889431
0014.jpg,Staggerweed,Staggerweed,0.034528300166130066
0015.jpg,Staggerweed,Staggerweed,0.03453141078352928
0016.jpg,Staggerweed,Staggerweed,0.03452941030263901
0017.jpg,Staggerweed,Red dead-nettle,0.030924545601010323
0018.jpg,Staggerweed,Staggerweed,0.034531015902757645
0019.jpg,Staggerweed,Staggerweed,0.03376977518200874
0020.jpg,Staggerweed,Staggerweed,0.034531671553850174
0021.jpg,Staggerweed,Staggerweed,0.03452835604548454
0022.jpg,Staggerweed,Staggerweed,0.034503206610679626
0023.jpg,Staggerweed,Staggerweed,0.03428201004862785
0024.jpg,Staggerweed,Staggerweed,0.03451584652066231
0025.jpg,Staggerweed,Staggerweed,0.03433215990662575
0026.jpg,Staggerweed,Staggerweed,0.03453153371810913
0027.jpg,Staggerweed,Hydrocotyle,0.0340745635330677
0028.jpg,Staggerweed,Staggerweed,0.03426014631986618
0029.jpg,Staggerweed,Tradescantia,0.014920770190656185
0030.jpg,Staggerweed,Staggerweed,0.03451130539178848
0031.jpg,Staggerweed,Staggerweed,0.027533620595932007
0032.jpg,Staggerweed,Staggerweed,0.03453171253204346
0033.jpg,Staggerweed,Staggerweed,0.03452610597014427
0034.jpg,Staggerweed,Staggerweed,0.034531574696302414
0035.jpg,Staggerweed,Staggerweed,0.03453011438250542
0036.jpg,Staggerweed,Staggerweed,0.0345308817923069
0037.jpg,Staggerweed,Staggerweed,0.03453122824430466
0038.jpg,Staggerweed,Staggerweed,0.03451811522245407
0039.jpg,Staggerweed,Staggerweed,0.03449149429798126
0040.jpg,Staggerweed,Staggerweed,0.034531593322753906
0041.jpg,Staggerweed,Staggerweed,0.03453175351023674
0042.jpg,Staggerweed,Staggerweed,0.034530557692050934
0043.jpg,Staggerweed,Staggerweed,0.034531474113464355
0044.jpg,Staggerweed,Staggerweed,0.03453105688095093
0045.jpg,Staggerweed,Staggerweed,0.03453177213668823
0046.jpg,Staggerweed,Staggerweed,0.0345313623547554
0047.jpg,Staggerweed,Staggerweed,0.03452987223863602
0048.jpg,Staggerweed,Staggerweed,0.034523896872997284
0049.jpg,Staggerweed,Staggerweed,0.034407276660203934
0050.jpg,Staggerweed,Staggerweed,0.03453150391578674
0051.jpg,Staggerweed,Staggerweed,0.03450718894600868
0052.jpg,Staggerweed,Staggerweed,0.034526340663433075
0053.jpg,Staggerweed,Staggerweed,0.03424149379134178
0054.jpg,Staggerweed,Staggerweed,0.03329452499747276
0055.jpg,Staggerweed,Staggerweed,0.03452601656317711
0056.jpg,Staggerweed,Staggerweed,0.03453131020069122
0057.jpg,Staggerweed,Staggerweed,0.03453175723552704
0058.jpg,Staggerweed,Staggerweed,0.034503281116485596
0059.jpg,Staggerweed,Staggerweed,0.03452808037400246
0060.jpg,Staggerweed,Staggerweed,0.03449585661292076
0061.jpg,Staggerweed,Staggerweed,0.03453008830547333
0062.jpg,Staggerweed,Staggerweed,0.03450845181941986
0063.jpg,Staggerweed,Staggerweed,0.03453162685036659
0064.jpg,Staggerweed,Staggerweed,0.03450354188680649
0065.jpg,Staggerweed,Staggerweed,0.034531496465206146
0066.jpg,Staggerweed,Staggerweed,0.034495800733566284
0067.jpg,Staggerweed,Staggerweed,0.03453072905540466
0068.jpg,Staggerweed,Staggerweed,0.03334212303161621
0069.jpg,Staggerweed,Staggerweed,0.03452955186367035
0070.jpg,Staggerweed,Staggerweed,0.03452566638588905
0071.jpg,Staggerweed,Staggerweed,0.03451300412416458
0072.jpg,Staggerweed,Staggerweed,0.034521061927080154
0073.jpg,Staggerweed,Staggerweed,0.03452937304973602
0074.jpg,Staggerweed,Staggerweed,0.03448617458343506
0075.jpg,Staggerweed,Staggerweed,0.03416045010089874
0076.jpg,Staggerweed,Staggerweed,0.03452999144792557
0077.jpg,Staggerweed,Staggerweed,0.03453131765127182
0078.jpg,Staggerweed,Staggerweed,0.034481775015592575
0079.jpg,Staggerweed,Staggerweed,0.034530580043792725
0080.jpg,Staggerweed,Staggerweed,0.03453171253204346
0081.jpg,Staggerweed,Staggerweed,0.03433999791741371
0082.jpg,Staggerweed,Staggerweed,0.034530993551015854
0083.jpg,Staggerweed,Staggerweed,0.034487005323171616
0084.jpg,Staggerweed,Staggerweed,0.03450760990381241
0085.jpg,Staggerweed,Staggerweed,0.03452955558896065
0086.jpg,Staggerweed,Staggerweed,0.03448811545968056
0087.jpg,Staggerweed,Staggerweed,0.034531354904174805
0088.jpg,Staggerweed,Staggerweed,0.02448793686926365
0089.jpg,Staggerweed,Staggerweed,0.034528639167547226
0090.jpg,Staggerweed,Staggerweed,0.03453157842159271
0091.jpg,Staggerweed,Staggerweed,0.03450847789645195
0092.jpg,Staggerweed,Staggerweed,0.03453068435192108
0093.jpg,Staggerweed,Staggerweed,0.034531138837337494
0094.jpg,Staggerweed,Staggerweed,0.03452999144792557
0095.jpg,Staggerweed,Staggerweed,0.03451451659202576
0096.jpg,Staggerweed,Staggerweed,0.03453103452920914
0097.jpg,Staggerweed,Red dead-nettle,0.02672783099114895
0098.jpg,Staggerweed,Staggerweed,0.0345025435090065
0099.jpg,Staggerweed,Staggerweed,0.03452615067362785
0000.jpg,Stinking mayweed,Stinking mayweed,0.03399880602955818
0001.jpg,Stinking mayweed,Stinking mayweed,0.03442715108394623
0002.jpg,Stinking mayweed,Stinking mayweed,0.03422406315803528
0003.jpg,Stinking mayweed,Stinking mayweed,0.022468701004981995
0004.jpg,Stinking mayweed,Stinking mayweed,0.022457106038928032
0005.jpg,Stinking mayweed,Stinking mayweed,0.0344538651406765
0006.jpg,Stinking mayweed,Stinking mayweed,0.034519013017416
0007.jpg,Stinking mayweed,Stinking mayweed,0.033338285982608795
0008.jpg,Stinking mayweed,Stinking mayweed,0.034515976905822754
0009.jpg,Stinking mayweed,Stinking mayweed,0.034480903297662735
0010.jpg,Stinking mayweed,Stinking mayweed,0.034471895545721054
0011.jpg,Stinking mayweed,Wild radish,0.01913720741868019
0012.jpg,Stinking mayweed,Stinking mayweed,0.03453068062663078
0013.jpg,Stinking mayweed,Stinking mayweed,0.03453108295798302
0014.jpg,Stinking mayweed,Stinking mayweed,0.033041466027498245
0015.jpg,Stinking mayweed,Stinking mayweed,0.03453022241592407
0016.jpg,Stinking mayweed,Stinking mayweed,0.03443167731165886
0017.jpg,Stinking mayweed,Stinking mayweed,0.03447142615914345
0018.jpg,Stinking mayweed,Stinking mayweed,0.033179812133312225
0019.jpg,Stinking mayweed,Stinking mayweed,0.03453006222844124
0020.jpg,Stinking mayweed,Stinking mayweed,0.03453009948134422
0021.jpg,Stinking mayweed,Stinking mayweed,0.03452011197805405
0022.jpg,Stinking mayweed,Stinking mayweed,0.03447337821125984
0023.jpg,Stinking mayweed,Stinking mayweed,0.03452042117714882
0024.jpg,Stinking mayweed,Stinking mayweed,0.03421822562813759
0025.jpg,Stinking mayweed,Stinking mayweed,0.03447212651371956
0026.jpg,Stinking mayweed,Stinking mayweed,0.03453175723552704
0027.jpg,Stinking mayweed,Stinking mayweed,0.031001722440123558
0028.jpg,Stinking mayweed,Tauhinu,0.018333258107304573
0029.jpg,Stinking mayweed,Tauhinu,0.017005544155836105
0030.jpg,Stinking mayweed,Stinking mayweed,0.034502994269132614
0031.jpg,Stinking mayweed,Stinking mayweed,0.026166949421167374
0032.jpg,Stinking mayweed,Stinking mayweed,0.03452354297041893
0033.jpg,Stinking mayweed,Stinking mayweed,0.03452857583761215
0034.jpg,Stinking mayweed,Stinking mayweed,0.03445156291127205
0035.jpg,Stinking mayweed,Stinking mayweed,0.03370921313762665
0036.jpg,Stinking mayweed,Stinking mayweed,0.033100683242082596
0037.jpg,Stinking mayweed,Stinking mayweed,0.03448694199323654
0038.jpg,Stinking mayweed,Stinking mayweed,0.03452484682202339
0039.jpg,Stinking mayweed,Stinking mayweed,0.034491486847400665
0040.jpg,Stinking mayweed,Stinking mayweed,0.0345316007733345
0041.jpg,Stinking mayweed,Stinking mayweed,0.03421611338853836
0042.jpg,Stinking mayweed,Stinking mayweed,0.03269921988248825
0043.jpg,Stinking mayweed,Stinking mayweed,0.03452589362859726
0044.jpg,Stinking mayweed,Stinking mayweed,0.034492433071136475
0045.jpg,Stinking mayweed,Stinking mayweed,0.03453176096081734
0046.jpg,Stinking mayweed,Stinking mayweed,0.03416640684008598
0047.jpg,Stinking mayweed,Stinking mayweed,0.03439651429653168
0048.jpg,Stinking mayweed,Stinking mayweed,0.0336618609726429
0049.jpg,Stinking mayweed,Stinking mayweed,0.034528374671936035
0050.jpg,Stinking mayweed,Stinking mayweed,0.02557034231722355
0051.jpg,Stinking mayweed,Stinking mayweed,0.034299347549676895
0052.jpg,Stinking mayweed,Stinking mayweed,0.03450516611337662
0053.jpg,Stinking mayweed,Stinking mayweed,0.03129908815026283
0054.jpg,Stinking mayweed,Stinking mayweed,0.03440161049365997
0055.jpg,Stinking mayweed,Stinking mayweed,0.034325651824474335
0056.jpg,Stinking mayweed,Stinking mayweed,0.03398045152425766
0057.jpg,Stinking mayweed,Stinking mayweed,0.0343472957611084
0058.jpg,Stinking mayweed,Stinking mayweed,0.034530457109212875
0059.jpg,Stinking mayweed,Stinking mayweed,0.03448105975985527
0060.jpg,Stinking mayweed,Stinking mayweed,0.03442661836743355
0061.jpg,Stinking mayweed,Stinking mayweed,0.03452121466398239
0062.jpg,Stinking mayweed,Stinking mayweed,0.03236591815948486
0063.jpg,Stinking mayweed,Stinking mayweed,0.03449686989188194
0064.jpg,Stinking mayweed,Stinking mayweed,0.03223895654082298
0065.jpg,Stinking mayweed,Stinking mayweed,0.032343458384275436
0066.jpg,Stinking mayweed,Stinking mayweed,0.03453019633889198
0067.jpg,Stinking mayweed,Stinking mayweed,0.034496698528528214
0068.jpg,Stinking mayweed,Stinking mayweed,0.03440762311220169
0069.jpg,Stinking mayweed,Stinking mayweed,0.03301564231514931
0070.jpg,Stinking mayweed,Stinking mayweed,0.03437390550971031
0071.jpg,Stinking mayweed,Stinking mayweed,0.0345291867852211
0072.jpg,Stinking mayweed,Stinking mayweed,0.03452950343489647
0073.jpg,Stinking mayweed,Stinking mayweed,0.03422439470887184
0074.jpg,Stinking mayweed,Stinking mayweed,0.03452828526496887
0075.jpg,Stinking mayweed,Twin cress,0.018425384536385536
0076.jpg,Stinking mayweed,Stinking mayweed,0.034530289471149445
0077.jpg,Stinking mayweed,Stinking mayweed,0.03452286496758461
0078.jpg,Stinking mayweed,Stinking mayweed,0.03449913486838341
0079.jpg,Stinking mayweed,Stinking mayweed,0.034360121935606
0080.jpg,Stinking mayweed,Stinking mayweed,0.034478217363357544
0081.jpg,Stinking mayweed,Stinking mayweed,0.0339539460837841
0082.jpg,Stinking mayweed,Stinking mayweed,0.034474603831768036
0083.jpg,Stinking mayweed,Stinking mayweed,0.03445708751678467
0084.jpg,Stinking mayweed,Stinking mayweed,0.03452764451503754
0085.jpg,Stinking mayweed,Stinking mayweed,0.03452911600470543
0086.jpg,Stinking mayweed,Yarrow,0.033102959394454956
0087.jpg,Stinking mayweed,Stinking mayweed,0.033819783478975296
0088.jpg,Stinking mayweed,Oxeye daisy,0.028190860524773598
0089.jpg,Stinking mayweed,Stinking mayweed,0.034526750445365906
0090.jpg,Stinking mayweed,Stinking mayweed,0.034527361392974854
0091.jpg,Stinking mayweed,Stinking mayweed,0.03452760726213455
0092.jpg,Stinking mayweed,Stinking mayweed,0.034524597227573395
0093.jpg,Stinking mayweed,Stinking mayweed,0.03453029319643974
0094.jpg,Stinking mayweed,Stinking mayweed,0.033767517656087875
0095.jpg,Stinking mayweed,Stinking mayweed,0.034502334892749786
0096.jpg,Stinking mayweed,Stinking mayweed,0.033652521669864655
0097.jpg,Stinking mayweed,Stinking mayweed,0.034290410578250885
0098.jpg,Stinking mayweed,Stinking mayweed,0.03452242165803909
0099.jpg,Stinking mayweed,Stinking mayweed,0.034531693905591965
0000.jpg,Suckling clover,Suckling clover,0.034524429589509964
0001.jpg,Suckling clover,Suckling clover,0.03448045253753662
0002.jpg,Suckling clover,Suckling clover,0.034467291086912155
0003.jpg,Suckling clover,Suckling clover,0.03452721983194351
0004.jpg,Suckling clover,Suckling clover,0.033962953835725784
0005.jpg,Suckling clover,Suckling clover,0.03452924266457558
0006.jpg,Suckling clover,Suckling clover,0.03453177213668823
0007.jpg,Suckling clover,Suckling clover,0.03453103080391884
0008.jpg,Suckling clover,Suckling clover,0.03453177213668823
0009.jpg,Suckling clover,Suckling clover,0.034498099237680435
0010.jpg,Suckling clover,Suckling clover,0.034531641751527786
0011.jpg,Suckling clover,Suckling clover,0.0345272421836853
0012.jpg,Suckling clover,Suckling clover,0.03453094884753227
0013.jpg,Suckling clover,Suckling clover,0.03419056907296181
0014.jpg,Suckling clover,Suckling clover,0.03442700207233429
0015.jpg,Suckling clover,Suckling clover,0.03452851250767708
0016.jpg,Suckling clover,Suckling clover,0.03453177213668823
0017.jpg,Suckling clover,Suckling clover,0.034038007259368896
0018.jpg,Suckling clover,Suckling clover,0.03453134372830391
0019.jpg,Suckling clover,Suckling clover,0.03451605141162872
0020.jpg,Suckling clover,Suckling clover,0.03453175723552704
0021.jpg,Suckling clover,Suckling clover,0.03446899354457855
0022.jpg,Suckling clover,Suckling clover,0.034531671553850174
0023.jpg,Suckling clover,Suckling clover,0.03452996164560318
0024.jpg,Suckling clover,Suckling clover,0.03453081473708153
0025.jpg,Suckling clover,Suckling clover,0.03453175723552704
0026.jpg,Suckling clover,Suckling clover,0.034511324018239975
0027.jpg,Suckling clover,Suckling clover,0.034470196813344955
0028.jpg,Suckling clover,Suckling clover,0.0345175564289093
0029.jpg,Suckling clover,Suckling clover,0.03161974251270294
0030.jpg,Suckling clover,Suckling clover,0.03452512249350548
0031.jpg,Suckling clover,Suckling clover,0.029926501214504242
0032.jpg,Suckling clover,Suckling clover,0.03453053906559944
0033.jpg,Suckling clover,Suckling clover,0.03452558442950249
0034.jpg,Suckling clover,Suckling clover,0.034528736025094986
0035.jpg,Suckling clover,Suckling clover,0.03350173681974411
0036.jpg,Suckling clover,Suckling clover,0.03450885787606239
0037.jpg,Suckling clover,Suckling clover,0.03453049808740616
0038.jpg,Suckling clover,Suckling clover,0.034530337899923325
0039.jpg,Suckling clover,Suckling clover,0.034531641751527786
0040.jpg,Suckling clover,Suckling clover,0.03452860936522484
0041.jpg,Suckling clover,Suckling clover,0.03453155606985092
0042.jpg,Suckling clover,Suckling clover,0.03453172743320465
0043.jpg,Suckling clover,Suckling clover,0.03451983258128166
0044.jpg,Suckling clover,Suckling clover,0.03452982380986214
0045.jpg,Suckling clover,Suckling clover,0.03452219069004059
0046.jpg,Suckling clover,Suckling clover,0.03453079238533974
0047.jpg,Suckling clover,Suckling clover,0.03453132137656212
0048.jpg,Suckling clover,Suckling clover,0.03453104943037033
0049.jpg,Suckling clover,Suckling clover,0.03452974185347557
0050.jpg,Suckling clover,Suckling clover,0.03397573158144951
0051.jpg,Suckling clover,Suckling clover,0.034530725330114365
0052.jpg,Suckling clover,Suckling clover,0.03451978787779808
0053.jpg,Suckling clover,Suckling clover,0.0342901311814785
0054.jpg,Suckling clover,Suckling clover,0.03311377763748169
0055.jpg,Suckling clover,Suckling clover,0.03445849195122719
0056.jpg,Suckling clover,Suckling clover,0.03453177213668823
0057.jpg,Suckling clover,Suckling clover,0.034530118107795715
0058.jpg,Suckling clover,Suckling clover,0.03453177213668823
0059.jpg,Suckling clover,Suckling clover,0.03341298922896385
0060.jpg,Suckling clover,Suckling clover,0.03453100472688675
0061.jpg,Suckling clover,Suckling clover,0.03452077507972717
0062.jpg,Suckling clover,Suckling clover,0.03453151509165764
0063.jpg,Suckling clover,Suckling clover,0.034530285745859146
0064.jpg,Suckling clover,Suckling clover,0.03451443836092949
0065.jpg,Suckling clover,Suckling clover,0.034531064331531525
0066.jpg,Suckling clover,Suckling clover,0.03438614681363106
0067.jpg,Suckling clover,Suckling clover,0.0345316007733345
0068.jpg,Suckling clover,Suckling clover,0.03453177213668823
0069.jpg,Suckling clover,Pink shamrock,0.019900944083929062
0070.jpg,Suckling clover,Suckling clover,0.03449999913573265
0071.jpg,Suckling clover,Suckling clover,0.034479230642318726
0072.jpg,Suckling clover,Suckling clover,0.0345289409160614
0073.jpg,Suckling clover,Suckling clover,0.03453124687075615
0074.jpg,Suckling clover,Suckling clover,0.03451656922698021
0075.jpg,Suckling clover,Suckling clover,0.03402731567621231
0076.jpg,Suckling clover,Suckling clover,0.0345316082239151
0077.jpg,Suckling clover,Suckling clover,0.034531209617853165
0078.jpg,Suckling clover,Suckling clover,0.03453003242611885
0079.jpg,Suckling clover,Suckling clover,0.034522123634815216
0080.jpg,Suckling clover,Suckling clover,0.03453173115849495
0081.jpg,Suckling clover,Suckling clover,0.03453166037797928
0082.jpg,Suckling clover,Suckling clover,0.03453176096081734
0083.jpg,Suckling clover,Suckling clover,0.0342828705906868
0084.jpg,Suckling clover,Suckling clover,0.03446579352021217
0085.jpg,Suckling clover,Suckling clover,0.03453177213668823
0086.jpg,Suckling clover,Suckling clover,0.0317000076174736
0087.jpg,Suckling clover,Suckling clover,0.03451753035187721
0088.jpg,Suckling clover,Suckling clover,0.03449159860610962
0089.jpg,Suckling clover,Suckling clover,0.034521058201789856
0090.jpg,Suckling clover,Suckling clover,0.03453155606985092
0091.jpg,Suckling clover,Suckling clover,0.03453163802623749
0092.jpg,Suckling clover,Suckling clover,0.03452571853995323
0093.jpg,Suckling clover,Suckling clover,0.03453083708882332
0094.jpg,Suckling clover,Suckling clover,0.03294917568564415
0095.jpg,Suckling clover,Suckling clover,0.03450847417116165
0096.jpg,Suckling clover,Suckling clover,0.034528929740190506
0097.jpg,Suckling clover,Creeping oxalis,0.02391873113811016
0098.jpg,Suckling clover,Suckling clover,0.0345306321978569
0099.jpg,Suckling clover,Suckling clover,0.03451021388173103
0000.jpg,Sweet brier,Sweet brier,0.03451203927397728
0001.jpg,Sweet brier,Sweet brier,0.03453151509165764
0002.jpg,Sweet brier,Sweet brier,0.03449166938662529
0003.jpg,Sweet brier,Tradescantia,0.016871526837348938
0004.jpg,Sweet brier,Manuka,0.02349657192826271
0005.jpg,Sweet brier,Sweet brier,0.03450816869735718
0006.jpg,Sweet brier,Sweet brier,0.034531351178884506
0007.jpg,Sweet brier,Sweet brier,0.034531474113464355
0008.jpg,Sweet brier,Sweet brier,0.03449063375592232
0009.jpg,Sweet brier,Sweet brier,0.03452284261584282
0010.jpg,Sweet brier,Sweet brier,0.034514475613832474
0011.jpg,Sweet brier,Sweet brier,0.03442242741584778
0012.jpg,Sweet brier,Sweet brier,0.03426109626889229
0013.jpg,Sweet brier,Sweet brier,0.03446485847234726
0014.jpg,Sweet brier,Sweet brier,0.03451310843229294
0015.jpg,Sweet brier,Sweet brier,0.03442812338471413
0016.jpg,Sweet brier,Sweet brier,0.03452363610267639
0017.jpg,Sweet brier,Sweet brier,0.03450526297092438
0018.jpg,Sweet brier,Sweet brier,0.03453177213668823
0019.jpg,Sweet brier,Sweet brier,0.03453167900443077
0020.jpg,Sweet brier,Sweet brier,0.034531187266111374
0021.jpg,Sweet brier,Sweet brier,0.03453061729669571
0022.jpg,Sweet brier,Sweet brier,0.034527163952589035
0023.jpg,Sweet brier,Sweet brier,0.034531231969594955
0024.jpg,Sweet brier,Sweet brier,0.03452300652861595
0025.jpg,Sweet brier,Sweet brier,0.03452949598431587
0026.jpg,Sweet brier,Sweet brier,0.034522637724876404
0027.jpg,Sweet brier,Sweet brier,0.03447556495666504
0028.jpg,Sweet brier,Sweet brier,0.03447540104389191
0029.jpg,Sweet brier,Sweet brier,0.034515902400016785
0030.jpg,Sweet brier,Sweet brier,0.03452872857451439
0031.jpg,Sweet brier,Sweet brier,0.034483060240745544
0032.jpg,Sweet brier,Sweet brier,0.03434199467301369
0033.jpg,Sweet brier,Sweet brier,0.03434058278799057
0034.jpg,Sweet brier,Sweet brier,0.034528590738773346
0035.jpg,Sweet brier,Sweet brier,0.029294120147824287
0036.jpg,Sweet brier,Sweet brier,0.03453165292739868
0037.jpg,Sweet brier,Sweet brier,0.0345316044986248
0038.jpg,Sweet brier,Sweet brier,0.03453176096081734
0039.jpg,Sweet brier,Sweet brier,0.0345112606883049
0040.jpg,Sweet brier,Sweet brier,0.03414255008101463
0041.jpg,Sweet brier,Sweet brier,0.0345265232026577
0042.jpg,Sweet brier,Sweet brier,0.034503452479839325
0043.jpg,Sweet brier,Sweet brier,0.03453170880675316
0044.jpg,Sweet brier,Sweet brier,0.034531671553850174
0045.jpg,Sweet brier,Sweet brier,0.03451194986701012
0046.jpg,Sweet brier,Sweet brier,0.03452485799789429
0047.jpg,Sweet brier,Sweet brier,0.034528132528066635
0048.jpg,Sweet brier,Sweet brier,0.03452875837683678
0049.jpg,Sweet brier,Sweet brier,0.03453142195940018
0050.jpg,Sweet brier,Sweet brier,0.03304918110370636
0051.jpg,Sweet brier,Sweet brier,0.034451354295015335
0052.jpg,Sweet brier,Sweet brier,0.0345291830599308
0053.jpg,Sweet brier,Sweet brier,0.03453083708882332
0054.jpg,Sweet brier,Sweet brier,0.03447231650352478
0055.jpg,Sweet brier,Sweet brier,0.0345303937792778
0056.jpg,Sweet brier,Sweet brier,0.03453171253204346
0057.jpg,Sweet brier,Sweet brier,0.03453073278069496
0058.jpg,Sweet brier,Sweet brier,0.03449869528412819
0059.jpg,Sweet brier,Sweet brier,0.034530505537986755
0060.jpg,Sweet brier,Sweet brier,0.03452962264418602
0061.jpg,Sweet brier,Sweet brier,0.03452401980757713
0062.jpg,Sweet brier,Sweet brier,0.034481972455978394
0063.jpg,Sweet brier,Sweet brier,0.03452844172716141
0064.jpg,Sweet brier,Sweet brier,0.0345228835940361
0065.jpg,Sweet brier,Sweet brier,0.03452970087528229
0066.jpg,Sweet brier,Sweet brier,0.034521378576755524
0067.jpg,Sweet brier,Sweet brier,0.0345308892428875
0068.jpg,Sweet brier,Sweet brier,0.034531302750110626
0069.jpg,Sweet brier,Nettle,0.03217271342873573
0070.jpg,Sweet brier,Sweet brier,0.03452179208397865
0071.jpg,Sweet brier,Sweet brier,0.03450828418135643
0072.jpg,Sweet brier,Sweet brier,0.034530773758888245
0073.jpg,Sweet brier,Sweet brier,0.03450464457273483
0074.jpg,Sweet brier,Sweet brier,0.03452886641025543
0075.jpg,Sweet brier,Sweet brier,0.03351109102368355
0076.jpg,Sweet brier,Sweet brier,0.03451637178659439
0077.jpg,Sweet brier,Sweet brier,0.034516409039497375
0078.jpg,Sweet brier,Sweet brier,0.03453105688095093
0079.jpg,Sweet brier,Sweet brier,0.034521423280239105
0080.jpg,Sweet brier,Sweet brier,0.03452017903327942
0081.jpg,Sweet brier,Sweet brier,0.022047027945518494
0082.jpg,Sweet brier,Sweet brier,0.034223005175590515
0083.jpg,Sweet brier,Sweet brier,0.03448701649904251
0084.jpg,Sweet brier,Sweet brier,0.03453142195940018
0085.jpg,Sweet brier,Sweet brier,0.034525517374277115
0086.jpg,Sweet brier,Sweet brier,0.03448415920138359
0087.jpg,Sweet brier,Sweet brier,0.03446786850690842
0088.jpg,Sweet brier,Stinking mayweed,0.028055265545845032
0089.jpg,Sweet brier,Sweet brier,0.03450644388794899
0090.jpg,Sweet brier,Sweet brier,0.03449510037899017
0091.jpg,Sweet brier,Sweet brier,0.034531496465206146
0092.jpg,Sweet brier,Sweet brier,0.034138068556785583
0093.jpg,Sweet brier,Sweet brier,0.03452262654900551
0094.jpg,Sweet brier,Sweet brier,0.03450077399611473
0095.jpg,Sweet brier,Sweet brier,0.0345296710729599
0096.jpg,Sweet brier,Sweet brier,0.0345316082239151
0097.jpg,Sweet brier,Sweet brier,0.03449344262480736
0098.jpg,Sweet brier,Sweet brier,0.03453121706843376
0099.jpg,Sweet brier,Sweet brier,0.034520212560892105
0000.jpg,Tauhinu,Tauhinu,0.034513507038354874
0001.jpg,Tauhinu,Tauhinu,0.03451685607433319
0002.jpg,Tauhinu,Tauhinu,0.034345030784606934
0003.jpg,Tauhinu,Tauhinu,0.03452517092227936
0004.jpg,Tauhinu,Tauhinu,0.034478809684515
0005.jpg,Tauhinu,Tauhinu,0.03453175351023674
0006.jpg,Tauhinu,Tauhinu,0.03452972695231438
0007.jpg,Tauhinu,Tauhinu,0.03452298790216446
0008.jpg,Tauhinu,Tauhinu,0.034504082053899765
0009.jpg,Tauhinu,Tauhinu,0.03453084081411362
0010.jpg,Tauhinu,Tauhinu,0.03439768776297569
0011.jpg,Tauhinu,Tauhinu,0.03452693670988083
0012.jpg,Tauhinu,Tauhinu,0.03453151881694794
0013.jpg,Tauhinu,Tauhinu,0.03453173488378525
0014.jpg,Tauhinu,Tauhinu,0.03452718257904053
0015.jpg,Tauhinu,Tauhinu,0.034525562077760696
0016.jpg,Tauhinu,Tauhinu,0.03452443704009056
0017.jpg,Tauhinu,Tauhinu,0.03442918136715889
0018.jpg,Tauhinu,Tauhinu,0.03452254459261894
0019.jpg,Tauhinu,Tauhinu,0.034502867609262466
0020.jpg,Tauhinu,Tauhinu,0.03453117609024048
0021.jpg,Tauhinu,Tauhinu,0.0345207154750824
0022.jpg,Tauhinu,Tauhinu,0.0345316156744957
0023.jpg,Tauhinu,Tauhinu,0.03444162383675575
0024.jpg,Tauhinu,Tauhinu,0.03453017771244049
0025.jpg,Tauhinu,Tauhinu,0.03453153744339943
0026.jpg,Tauhinu,Tauhinu,0.03453085571527481
0027.jpg,Tauhinu,Tauhinu,0.03404362499713898
0028.jpg,Tauhinu,Tauhinu,0.0340244397521019
0029.jpg,Tauhinu,Tauhinu,0.03353448584675789
0030.jpg,Tauhinu,Tauhinu,0.0345316082239151
0031.jpg,Tauhinu,Tauhinu,0.03448585420846939
0032.jpg,Tauhinu,Tauhinu,0.034312766045331955
0033.jpg,Tauhinu,Tauhinu,0.0345306470990181
0034.jpg,Tauhinu,Tauhinu,0.03453151881694794
0035.jpg,Tauhinu,Tauhinu,0.027929622679948807
0036.jpg,Tauhinu,Tauhinu,0.03452856093645096
0037.jpg,Tauhinu,Tauhinu,0.03453019633889198
0038.jpg,Tauhinu,Tauhinu,0.034526411443948746
0039.jpg,Tauhinu,Tauhinu,0.03452647104859352
0040.jpg,Tauhinu,Tauhinu,0.03453170508146286
0041.jpg,Tauhinu,Tauhinu,0.034530241042375565
0042.jpg,Tauhinu,Tauhinu,0.0345308780670166
0043.jpg,Tauhinu,Tauhinu,0.034450944513082504
0044.jpg,Tauhinu,Tauhinu,0.03452657535672188
0045.jpg,Tauhinu,Tauhinu,0.03404722735285759
0046.jpg,Tauhinu,Tauhinu,0.03449825197458267
0047.jpg,Tauhinu,Tauhinu,0.03448349982500076
0048.jpg,Tauhinu,Tauhinu,0.03452765941619873
0049.jpg,Tauhinu,Tauhinu,0.03451906889677048
0050.jpg,Tauhinu,Tauhinu,0.03453020378947258
0051.jpg,Tauhinu,Tauhinu,0.03453163057565689
0052.jpg,Tauhinu,Tauhinu,0.034524183720350266
0053.jpg,Tauhinu,Tauhinu,0.03453140705823898
0054.jpg,Tauhinu,Tauhinu,0.03434859216213226
0055.jpg,Tauhinu,Tauhinu,0.03453174605965614
0056.jpg,Tauhinu,Tauhinu,0.03453173115849495
0057.jpg,Tauhinu,Tauhinu,0.03453105315566063
0058.jpg,Tauhinu,Tauhinu,0.034499116241931915
0059.jpg,Tauhinu,Tauhinu,0.03452922776341438
0060.jpg,Tauhinu,Tauhinu,0.03452020883560181
0061.jpg,Tauhinu,Tauhinu,0.03452957421541214
0062.jpg,Tauhinu,Tauhinu,0.03445763885974884
0063.jpg,Tauhinu,Tauhinu,0.03453121706843376
0064.jpg,Tauhinu,Tauhinu,0.03359359875321388
0065.jpg,Tauhinu,Tauhinu,0.03451573848724365
0066.jpg,Tauhinu,Tauhinu,0.034099023789167404
0067.jpg,Tauhinu,Tauhinu,0.03451470658183098
0068.jpg,Tauhinu,Tauhinu,0.03448617085814476
0069.jpg,Tauhinu,Tauhinu,0.03227480873465538
0070.jpg,Tauhinu,Tauhinu,0.03453109413385391
0071.jpg,Tauhinu,Tauhinu,0.034531690180301666
0072.jpg,Tauhinu,Tauhinu,0.034521862864494324
0073.jpg,Tauhinu,Tauhinu,0.03452407196164131
0074.jpg,Tauhinu,Tauhinu,0.03453075513243675
0075.jpg,Tauhinu,Tauhinu,0.034524302929639816
0076.jpg,Tauhinu,Tauhinu,0.03452981635928154
0077.jpg,Tauhinu,Tauhinu,0.034531693905591965
0078.jpg,Tauhinu,Tauhinu,0.03452780842781067
0079.jpg,Tauhinu,Tauhinu,0.03451177105307579
0080.jpg,Tauhinu,Tauhinu,0.03453097119927406
0081.jpg,Tauhinu,Spurrey,0.018672341480851173
0082.jpg,Tauhinu,Tauhinu,0.03453095257282257
0083.jpg,Tauhinu,Tauhinu,0.03421853110194206
0084.jpg,Tauhinu,Tauhinu,0.03450821712613106
0085.jpg,Tauhinu,Tauhinu,0.03453115001320839
0086.jpg,Tauhinu,Tauhinu,0.034492649137973785
0087.jpg,Tauhinu,Tauhinu,0.0345316082239151
0088.jpg,Tauhinu,Tauhinu,0.03452976793050766
0089.jpg,Tauhinu,Tauhinu,0.03453175351023674
0090.jpg,Tauhinu,Tauhinu,0.034525059163570404
0091.jpg,Tauhinu,Tauhinu,0.03452920913696289
0092.jpg,Tauhinu,Tauhinu,0.03453090414404869
0093.jpg,Tauhinu,Tauhinu,0.03452682122588158
0094.jpg,Tauhinu,Tauhinu,0.03435695916414261
0095.jpg,Tauhinu,Tauhinu,0.034518808126449585
0096.jpg,Tauhinu,Tauhinu,0.03433835506439209
0097.jpg,Tauhinu,Hemlock,0.029480092227458954
0098.jpg,Tauhinu,Tauhinu,0.03450912609696388
0099.jpg,Tauhinu,Tauhinu,0.034451939165592194
0000.jpg,Tradescantia,Tradescantia,0.03453065827488899
0001.jpg,Tradescantia,Tradescantia,0.034528739750385284
0002.jpg,Tradescantia,Tradescantia,0.03451860696077347
0003.jpg,Tradescantia,Tradescantia,0.03406360000371933
0004.jpg,Tradescantia,Paspalum,0.03435806185007095
0005.jpg,Tradescantia,Tradescantia,0.0345267727971077
0006.jpg,Tradescantia,Tradescantia,0.03439150005578995
0007.jpg,Tradescantia,Tradescantia,0.03452033922076225
0008.jpg,Tradescantia,Tradescantia,0.03453177213668823
0009.jpg,Tradescantia,Tradescantia,0.03447943553328514
0010.jpg,Tradescantia,Tradescantia,0.03450198099017143
0011.jpg,Tradescantia,Tradescantia,0.03037043660879135
0012.jpg,Tradescantia,Tradescantia,0.03417973965406418
0013.jpg,Tradescantia,Gorse,0.019327472895383835
0014.jpg,Tradescantia,Tradescantia,0.03026140294969082
0015.jpg,Tradescantia,Tradescantia,0.03453154116868973
0016.jpg,Tradescantia,Tradescantia,0.03452278673648834
0017.jpg,Tradescantia,Tradescantia,0.028044842183589935
0018.jpg,Tradescantia,Tradescantia,0.03444058075547218
0019.jpg,Tradescantia,Tradescantia,0.03442660719156265
0020.jpg,Tradescantia,Tradescantia,0.03452562540769577
0021.jpg,Tradescantia,Tradescantia,0.034522417932748795
0022.jpg,Tradescantia,Tradescantia,0.03452495113015175
0023.jpg,Tradescantia,Tradescantia,0.033911172300577164
0024.jpg,Tradescantia,Tradescantia,0.03452639654278755
0025.jpg,Tradescantia,Tradescantia,0.034527670592069626
0026.jpg,Tradescantia,Tradescantia,0.03453109785914421
0027.jpg,Tradescantia,Annual poa,0.031067803502082825
0028.jpg,Tradescantia,Water pepper,0.02999577485024929
0029.jpg,Tradescantia,Tradescantia,0.03452932462096214
0030.jpg,Tradescantia,Tradescantia,0.034531425684690475
0031.jpg,Tradescantia,Tradescantia,0.03436005488038063
0032.jpg,Tradescantia,Tradescantia,0.03452836349606514
0033.jpg,Tradescantia,Tradescantia,0.034526582807302475
0034.jpg,Tradescantia,Tradescantia,0.03453046455979347
0035.jpg,Tradescantia,Old man’s beard,0.029085995629429817
0036.jpg,Tradescantia,Tradescantia,0.03453140705823898
0037.jpg,Tradescantia,Tradescantia,0.034490734338760376
0038.jpg,Tradescantia,Tradescantia,0.034528736025094986
0039.jpg,Tradescantia,Tradescantia,0.034526899456977844
0040.jpg,Tradescantia,Tradescantia,0.0345304012298584
0041.jpg,Tradescantia,Tradescantia,0.03453037142753601
0042.jpg,Tradescantia,Tradescantia,0.03453122824430466
0043.jpg,Tradescantia,Tradescantia,0.03453115373849869
0044.jpg,Tradescantia,Tradescantia,0.034529346972703934
0045.jpg,Tradescantia,Tradescantia,0.034493833780288696
0046.jpg,Tradescantia,Tradescantia,0.03453116863965988
0047.jpg,Tradescantia,Tradescantia,0.03451472520828247
0048.jpg,Tradescantia,Tradescantia,0.03453092277050018
0049.jpg,Tradescantia,Tradescantia,0.03451988846063614
0050.jpg,Tradescantia,Tradescantia,0.03416253626346588
0051.jpg,Tradescantia,Tradescantia,0.03453056886792183
0052.jpg,Tradescantia,Tradescantia,0.034525107592344284
0053.jpg,Tradescantia,Tradescantia,0.03450090065598488
0054.jpg,Tradescantia,Hydrocotyle,0.017832418903708458
0055.jpg,Tradescantia,Tradescantia,0.034530602395534515
0056.jpg,Tradescantia,Tradescantia,0.0345272459089756
0057.jpg,Tradescantia,Tradescantia,0.03452742099761963
0058.jpg,Tradescantia,Tradescantia,0.034526754170656204
0059.jpg,Tradescantia,Tradescantia,0.034487541764974594
0060.jpg,Tradescantia,Tradescantia,0.03453173115849495
0061.jpg,Tradescantia,Tradescantia,0.03453103080391884
0062.jpg,Tradescantia,Tradescantia,0.03453157842159271
0063.jpg,Tradescantia,Tradescantia,0.03452683240175247
0064.jpg,Tradescantia,Tradescantia,0.03449530154466629
0065.jpg,Tradescantia,Tradescantia,0.03437724709510803
0066.jpg,Tradescantia,Tradescantia,0.03450043126940727
0067.jpg,Tradescantia,Tradescantia,0.03452647849917412
0068.jpg,Tradescantia,Tradescantia,0.03452419862151146
0069.jpg,Tradescantia,Tradescantia,0.0345306433737278
0070.jpg,Tradescantia,Tradescantia,0.03452353924512863
0071.jpg,Tradescantia,Tradescantia,0.034408047795295715
0072.jpg,Tradescantia,Tradescantia,0.034461528062820435
0073.jpg,Tradescantia,Tradescantia,0.034531328827142715
0074.jpg,Tradescantia,Tradescantia,0.03453175723552704
0075.jpg,Tradescantia,Tradescantia,0.02922644466161728
0076.jpg,Tradescantia,Tradescantia,0.03452659398317337
0077.jpg,Tradescantia,Tradescantia,0.034531716257333755
0078.jpg,Tradescantia,Tradescantia,0.03452354297041893
0079.jpg,Tradescantia,Tradescantia,0.034531112760305405
0080.jpg,Tradescantia,Tradescantia,0.034495316445827484
0081.jpg,Tradescantia,Tradescantia,0.0345173105597496
0082.jpg,Tradescantia,Tradescantia,0.03452613204717636
0083.jpg,Tradescantia,Tradescantia,0.03417932242155075
0084.jpg,Tradescantia,Tradescantia,0.03450286388397217
0085.jpg,Tradescantia,Tradescantia,0.03453175351023674
0086.jpg,Tradescantia,Tradescantia,0.034512732177972794
0087.jpg,Tradescantia,Tradescantia,0.03453049808740616
0088.jpg,Tradescantia,Tradescantia,0.03379855304956436
0089.jpg,Tradescantia,Tradescantia,0.034531302750110626
0090.jpg,Tradescantia,Tradescantia,0.03453126922249794
0091.jpg,Tradescantia,Tradescantia,0.034329645335674286
0092.jpg,Tradescantia,Tradescantia,0.034531258046627045
0093.jpg,Tradescantia,Tradescantia,0.03452666103839874
0094.jpg,Tradescantia,Tradescantia,0.034527622163295746
0095.jpg,Tradescantia,Tradescantia,0.03453165292739868
0096.jpg,Tradescantia,Tradescantia,0.03453173115849495
0097.jpg,Tradescantia,Tradescantia,0.025723924860358238
0098.jpg,Tradescantia,Tradescantia,0.0345127247273922
0099.jpg,Tradescantia,Tradescantia,0.03428716957569122
0000.jpg,Turf speedwell,Turf speedwell,0.034529801458120346
0001.jpg,Turf speedwell,Turf speedwell,0.033609539270401
0002.jpg,Turf speedwell,Turf speedwell,0.03453175351023674
0003.jpg,Turf speedwell,Turf speedwell,0.03398851305246353
0004.jpg,Turf speedwell,Turf speedwell,0.03445613011717796
0005.jpg,Turf speedwell,Turf speedwell,0.034531112760305405
0006.jpg,Turf speedwell,Turf speedwell,0.03453148528933525
0007.jpg,Turf speedwell,Turf speedwell,0.03452484682202339
0008.jpg,Turf speedwell,Turf speedwell,0.03377286344766617
0009.jpg,Turf speedwell,Turf speedwell,0.034528106451034546
0010.jpg,Turf speedwell,Turf speedwell,0.0345306470990181
0011.jpg,Turf speedwell,Turf speedwell,0.034471869468688965
0012.jpg,Turf speedwell,Turf speedwell,0.03453173488378525
0013.jpg,Turf speedwell,Selfheal,0.02301393263041973
0014.jpg,Turf speedwell,Chickweed,0.03329060971736908
0015.jpg,Turf speedwell,Turf speedwell,0.03453092277050018
0016.jpg,Turf speedwell,Turf speedwell,0.03452804684638977
0017.jpg,Turf speedwell,Turf speedwell,0.026370445266366005
0018.jpg,Turf speedwell,Turf speedwell,0.0345316044986248
0019.jpg,Turf speedwell,Turf speedwell,0.03450858220458031
0020.jpg,Turf speedwell,Turf speedwell,0.03452394902706146
0021.jpg,Turf speedwell,Turf speedwell,0.03453171253204346
0022.jpg,Turf speedwell,Turf speedwell,0.033800315111875534
0023.jpg,Turf speedwell,Turf speedwell,0.03447931259870529
0024.jpg,Turf speedwell,Turf speedwell,0.03452860191464424
0025.jpg,Turf speedwell,Turf speedwell,0.029934074729681015
0026.jpg,Turf speedwell,Turf speedwell,0.03453173488378525
0027.jpg,Turf speedwell,Sheep's sorrel,0.03043597936630249
0028.jpg,Turf speedwell,Turf speedwell,0.026268549263477325
0029.jpg,Turf speedwell,Turf speedwell,0.03453074023127556
0030.jpg,Turf speedwell,Turf speedwell,0.03442269191145897
0031.jpg,Turf speedwell,Scarlet pimpernel,0.034433115273714066
0032.jpg,Turf speedwell,Turf speedwell,0.03434430807828903
0033.jpg,Turf speedwell,Turf speedwell,0.03453153744339943
0034.jpg,Turf speedwell,Turf speedwell,0.03453157842159271
0035.jpg,Turf speedwell,Turf speedwell,0.034509122371673584
0036.jpg,Turf speedwell,Turf speedwell,0.03452242910861969
0037.jpg,Turf speedwell,Turf speedwell,0.03452908247709274
0038.jpg,Turf speedwell,Turf speedwell,0.03447990491986275
0039.jpg,Turf speedwell,Turf speedwell,0.03453177213668823
0040.jpg,Turf speedwell,Turf speedwell,0.034531716257333755
0041.jpg,Turf speedwell,Turf speedwell,0.034515704959630966
0042.jpg,Turf speedwell,Turf speedwell,0.03453177213668823
0043.jpg,Turf speedwell,Turf speedwell,0.03452162444591522
0044.jpg,Turf speedwell,Turf speedwell,0.03451094403862953
0045.jpg,Turf speedwell,Turf speedwell,0.03305181488394737
0046.jpg,Turf speedwell,Turf speedwell,0.034525733441114426
0047.jpg,Turf speedwell,Turf speedwell,0.0345282107591629
0048.jpg,Turf speedwell,Turf speedwell,0.03452955558896065
0049.jpg,Turf speedwell,Turf speedwell,0.034531451761722565
0050.jpg,Turf speedwell,Turf speedwell,0.03453175723552704
0051.jpg,Turf speedwell,Turf speedwell,0.034529685974121094
0052.jpg,Turf speedwell,Turf speedwell,0.03443034365773201
0053.jpg,Turf speedwell,Turf speedwell,0.034530967473983765
0054.jpg,Turf speedwell,Turf speedwell,0.03453109785914421
0055.jpg,Turf speedwell,Turf speedwell,0.03452445939183235
0056.jpg,Turf speedwell,Turf speedwell,0.03453101962804794
0057.jpg,Turf speedwell,Turf speedwell,0.03453048691153526
0058.jpg,Turf speedwell,Turf speedwell,0.034515198320150375
0059.jpg,Turf speedwell,Turf speedwell,0.034531526267528534
0060.jpg,Turf speedwell,Turf speedwell,0.0345316007733345
0061.jpg,Turf speedwell,Turf speedwell,0.034531328827142715
0062.jpg,Turf speedwell,Turf speedwell,0.03453155979514122
0063.jpg,Turf speedwell,Turf speedwell,0.03451291099190712
0064.jpg,Turf speedwell,Turf speedwell,0.03361906483769417
0065.jpg,Turf speedwell,Turf speedwell,0.0345313735306263
0066.jpg,Turf speedwell,Turf speedwell,0.034531090408563614
0067.jpg,Turf speedwell,Turf speedwell,0.03453044965863228
0068.jpg,Turf speedwell,Turf speedwell,0.03452947363257408
0069.jpg,Turf speedwell,Turf speedwell,0.02604856714606285
0070.jpg,Turf speedwell,Turf speedwell,0.03453175351023674
0071.jpg,Turf speedwell,Turf speedwell,0.03453177213668823
0072.jpg,Turf speedwell,Turf speedwell,0.03453177213668823
0073.jpg,Turf speedwell,Turf speedwell,0.03453127294778824
0074.jpg,Turf speedwell,Turf speedwell,0.03453177213668823
0075.jpg,Turf speedwell,Turf speedwell,0.034531425684690475
0076.jpg,Turf speedwell,Turf speedwell,0.03449814394116402
0077.jpg,Turf speedwell,Turf speedwell,0.034525275230407715
0078.jpg,Turf speedwell,Turf speedwell,0.034531496465206146
0079.jpg,Turf speedwell,Turf speedwell,0.034529730677604675
0080.jpg,Turf speedwell,Turf speedwell,0.03453146293759346
0081.jpg,Turf speedwell,Creeping speedwell,0.022976955398917198
0082.jpg,Turf speedwell,Turf speedwell,0.03355982154607773
0083.jpg,Turf speedwell,Turf speedwell,0.03453177213668823
0084.jpg,Turf speedwell,Turf speedwell,0.034526433795690536
0085.jpg,Turf speedwell,Turf speedwell,0.03453170880675316
0086.jpg,Turf speedwell,Turf speedwell,0.03452881798148155
0087.jpg,Turf speedwell,Turf speedwell,0.034531716257333755
0088.jpg,Turf speedwell,Pennyroyal,0.025358600541949272
0089.jpg,Turf speedwell,Turf speedwell,0.03453133627772331
0090.jpg,Turf speedwell,Turf speedwell,0.034530993551015854
0091.jpg,Turf speedwell,Turf speedwell,0.03453177213668823
0092.jpg,Turf speedwell,Turf speedwell,0.03453115001320839
0093.jpg,Turf speedwell,Turf speedwell,0.03453177213668823
0094.jpg,Turf speedwell,Manuka,0.019245797768235207
0095.jpg,Turf speedwell,Turf speedwell,0.03453116491436958
0096.jpg,Turf speedwell,Turf speedwell,0.03452663496136665
0097.jpg,Turf speedwell,Turf speedwell,0.03445955738425255
0098.jpg,Turf speedwell,Turf speedwell,0.03452933579683304
0099.jpg,Turf speedwell,Turf speedwell,0.03450216352939606
0000.jpg,Twin cress,Twin cress,0.03449077904224396
0001.jpg,Twin cress,Twin cress,0.034531183540821075
0002.jpg,Twin cress,Twin cress,0.03351880982518196
0003.jpg,Twin cress,Twin cress,0.029634660109877586
0004.jpg,Twin cress,Onehunga weed,0.03178549185395241
0005.jpg,Twin cress,Twin cress,0.03440180793404579
0006.jpg,Twin cress,Twin cress,0.03451771289110184
0007.jpg,Twin cress,Twin cress,0.034531161189079285
0008.jpg,Twin cress,Twin cress,0.03453098237514496
0009.jpg,Twin cress,Twin cress,0.03453151136636734
0010.jpg,Twin cress,Twin cress,0.03451267257332802
0011.jpg,Twin cress,Onehunga weed,0.029010122641921043
0012.jpg,Twin cress,Twin cress,0.03449169173836708
0013.jpg,Twin cress,Twin cress,0.030769681558012962
0014.jpg,Twin cress,Twin cress,0.016763683408498764
0015.jpg,Twin cress,Twin cress,0.03449669107794762
0016.jpg,Twin cress,Twin cress,0.03452988713979721
0017.jpg,Twin cress,Twin cress,0.0345037579536438
0018.jpg,Twin cress,Twin cress,0.03451663255691528
0019.jpg,Twin cress,Twin cress,0.03452659025788307
0020.jpg,Twin cress,Twin cress,0.03453157842159271
0021.jpg,Twin cress,Twin cress,0.03450542688369751
0022.jpg,Twin cress,Twin cress,0.034531593322753906
0023.jpg,Twin cress,Twin cress,0.03453018143773079
0024.jpg,Twin cress,Twin cress,0.03133544325828552
0025.jpg,Twin cress,Twin cress,0.03452984616160393
0026.jpg,Twin cress,Twin cress,0.03452001139521599
0027.jpg,Twin cress,Twin cress,0.034454938024282455
0028.jpg,Twin cress,Twin cress,0.034512221813201904
0029.jpg,Twin cress,Twin cress,0.034487880766391754
0030.jpg,Twin cress,Twin cress,0.03453042730689049
0031.jpg,Twin cress,Twin cress,0.03137904405593872
0032.jpg,Twin cress,Twin cress,0.03452390432357788
0033.jpg,Twin cress,Twin cress,0.034515172243118286
0034.jpg,Twin cress,Twin cress,0.03451826423406601
0035.jpg,Twin cress,Twin cress,0.034531716257333755
0036.jpg,Twin cress,Twin cress,0.03452923148870468
0037.jpg,Twin cress,Twin cress,0.03452004864811897
0038.jpg,Twin cress,Twin cress,0.03452395275235176
0039.jpg,Twin cress,Twin cress,0.03450525924563408
0040.jpg,Twin cress,Twin cress,0.03450725972652435
0041.jpg,Twin cress,Twin cress,0.034530527889728546
0042.jpg,Twin cress,Twin cress,0.03387969359755516
0043.jpg,Twin cress,Twin cress,0.0344776026904583
0044.jpg,Twin cress,Twin cress,0.03453125059604645
0045.jpg,Twin cress,Twin cress,0.0345112681388855
0046.jpg,Twin cress,Twin cress,0.03453157842159271
0047.jpg,Twin cress,Twin cress,0.03450395166873932
0048.jpg,Twin cress,Twin cress,0.03410109877586365
0049.jpg,Twin cress,Twin cress,0.03451834246516228
0050.jpg,Twin cress,Twin cress,0.03452519699931145
0051.jpg,Twin cress,Twin cress,0.03452616557478905
0052.jpg,Twin cress,Twin cress,0.034530993551015854
0053.jpg,Twin cress,Twin cress,0.034527990967035294
0054.jpg,Twin cress,Winged thistle,0.017283547669649124
0055.jpg,Twin cress,Twin cress,0.03453122451901436
0056.jpg,Twin cress,Twin cress,0.03420344740152359
0057.jpg,Twin cress,Twin cress,0.03452494367957115
0058.jpg,Twin cress,Twin cress,0.0345308780670166
0059.jpg,Twin cress,Twin cress,0.03453105315566063
0060.jpg,Twin cress,Twin cress,0.03452824428677559
0061.jpg,Twin cress,Twin cress,0.03453116863965988
0062.jpg,Twin cress,Twin cress,0.03453170880675316
0063.jpg,Twin cress,Twin cress,0.03439319133758545
0064.jpg,Twin cress,Twin cress,0.03445097804069519
0065.jpg,Twin cress,Twin cress,0.03451927378773689
0066.jpg,Twin cress,Twin cress,0.03422245755791664
0067.jpg,Twin cress,Twin cress,0.03422316536307335
0068.jpg,Twin cress,Twin cress,0.03433626517653465
0069.jpg,Twin cress,Twin cress,0.03434395045042038
0070.jpg,Twin cress,Twin cress,0.03452197089791298
0071.jpg,Twin cress,Twin cress,0.03450075536966324
0072.jpg,Twin cress,Twin cress,0.03442041948437691
0073.jpg,Twin cress,Twin cress,0.0345306433737278
0074.jpg,Twin cress,Twin cress,0.03405144438147545
0075.jpg,Twin cress,Onehunga weed,0.033095888793468475
0076.jpg,Twin cress,Twin cress,0.03445291146636009
0077.jpg,Twin cress,Twin cress,0.034519925713539124
0078.jpg,Twin cress,Twin cress,0.0345303900539875
0079.jpg,Twin cress,Twin cress,0.03453167527914047
0080.jpg,Twin cress,Twin cress,0.03416472300887108
0081.jpg,Twin cress,Twin cress,0.022698214277625084
0082.jpg,Twin cress,Twin cress,0.0343361534178257
0083.jpg,Twin cress,Twin cress,0.034444913268089294
0084.jpg,Twin cress,Twin cress,0.03436705842614174
0085.jpg,Twin cress,Twin cress,0.034377966076135635
0086.jpg,Twin cress,Twin cress,0.023056980222463608
0087.jpg,Twin cress,Twin cress,0.034043267369270325
0088.jpg,Twin cress,Onehunga weed,0.028560757637023926
0089.jpg,Twin cress,Twin cress,0.033770475536584854
0090.jpg,Twin cress,Twin cress,0.03130028769373894
0091.jpg,Twin cress,Twin cress,0.03439774364233017
0092.jpg,Twin cress,Twin cress,0.03453148528933525
0093.jpg,Twin cress,Twin cress,0.034504495561122894
0094.jpg,Twin cress,Scrambling fumitory,0.03452426567673683
0095.jpg,Twin cress,Twin cress,0.034064967185258865
0096.jpg,Twin cress,Twin cress,0.034469351172447205
0097.jpg,Twin cress,Turf speedwell,0.02961813099682331
0098.jpg,Twin cress,Twin cress,0.034394558519124985
0099.jpg,Twin cress,Twin cress,0.034524742513895035
0000.jpg,Water pepper,Water pepper,0.03453158214688301
0001.jpg,Water pepper,Water pepper,0.03419466316699982
0002.jpg,Water pepper,Water pepper,0.034529395401477814
0003.jpg,Water pepper,Wireweed,0.0228648092597723
0004.jpg,Water pepper,Sheep's sorrel,0.025370070710778236
0005.jpg,Water pepper,Water pepper,0.03307971730828285
0006.jpg,Water pepper,Water pepper,0.03409988433122635
0007.jpg,Water pepper,Water pepper,0.03452316299080849
0008.jpg,Water pepper,Water pepper,0.0345182791352272
0009.jpg,Water pepper,Water pepper,0.034531448036432266
0010.jpg,Water pepper,Water pepper,0.03452906012535095
0011.jpg,Water pepper,Water pepper,0.034519415348768234
0012.jpg,Water pepper,Water pepper,0.03449232876300812
0013.jpg,Water pepper,Water pepper,0.03450161591172218
0014.jpg,Water pepper,Water pepper,0.03448790684342384
0015.jpg,Water pepper,Water pepper,0.03445892035961151
0016.jpg,Water pepper,Water pepper,0.034469123929739
0017.jpg,Water pepper,Broom,0.021726714447140694
0018.jpg,Water pepper,Water pepper,0.03441145271062851
0019.jpg,Water pepper,Water pepper,0.034530121833086014
0020.jpg,Water pepper,Water pepper,0.03453048691153526
0021.jpg,Water pepper,Water pepper,0.03453123942017555
0022.jpg,Water pepper,Water pepper,0.0345299206674099
0023.jpg,Water pepper,Water pepper,0.03453055024147034
0024.jpg,Water pepper,Water pepper,0.03453144058585167
0025.jpg,Water pepper,Water pepper,0.034528788179159164
0026.jpg,Water pepper,Water pepper,0.03453157842159271
0027.jpg,Water pepper,Water pepper,0.03452804684638977
0028.jpg,Water pepper,Water pepper,0.033556822687387466
0029.jpg,Water pepper,Water pepper,0.03088553436100483
0030.jpg,Water pepper,Water pepper,0.03452994301915169
0031.jpg,Water pepper,Water pepper,0.03250536695122719
0032.jpg,Water pepper,Water pepper,0.03452972322702408
0033.jpg,Water pepper,Water pepper,0.034531693905591965
0034.jpg,Water pepper,Water pepper,0.03453163430094719
0035.jpg,Water pepper,Water pepper,0.02667379006743431
0036.jpg,Water pepper,Water pepper,0.03453085944056511
0037.jpg,Water pepper,Water pepper,0.03453078493475914
0038.jpg,Water pepper,Water pepper,0.034531209617853165
0039.jpg,Water pepper,Water pepper,0.03452952206134796
0040.jpg,Water pepper,Water pepper,0.03452978655695915
0041.jpg,Water pepper,Water pepper,0.03453022986650467
0042.jpg,Water pepper,Water pepper,0.034522973001003265
0043.jpg,Water pepper,Water pepper,0.03452586755156517
0044.jpg,Water pepper,Water pepper,0.03452898561954498
0045.jpg,Water pepper,Water pepper,0.0345294363796711
0046.jpg,Water pepper,Water pepper,0.034457460045814514
0047.jpg,Water pepper,Water pepper,0.034530941396951675
0048.jpg,Water pepper,Water pepper,0.034502193331718445
0049.jpg,Water pepper,Water pepper,0.03453119844198227
0050.jpg,Water pepper,Water pepper,0.03451739624142647
0051.jpg,Water pepper,Water pepper,0.034529466181993484
0052.jpg,Water pepper,Water pepper,0.03444887325167656
0053.jpg,Water pepper,Water pepper,0.03452359884977341
0054.jpg,Water pepper,Water pepper,0.034183379262685776
0055.jpg,Water pepper,Water pepper,0.034517910331487656
0056.jpg,Water pepper,Water pepper,0.0344882495701313
0057.jpg,Water pepper,Water pepper,0.03452902287244797
0058.jpg,Water pepper,Water pepper,0.03452850505709648
0059.jpg,Water pepper,Water pepper,0.034461356699466705
0060.jpg,Water pepper,Water pepper,0.03452114760875702
0061.jpg,Water pepper,Water pepper,0.033553965389728546
0062.jpg,Water pepper,Water pepper,0.03453153744339943
0063.jpg,Water pepper,Water pepper,0.034530315548181534
0064.jpg,Water pepper,Water pepper,0.03452649340033531
0065.jpg,Water pepper,Water pepper,0.03366965427994728
0066.jpg,Water pepper,Water pepper,0.03453173488378525
0067.jpg,Water pepper,Water pepper,0.03453128784894943
0068.jpg,Water pepper,Water pepper,0.03453173115849495
0069.jpg,Water pepper,Water pepper,0.03452072665095329
0070.jpg,Water pepper,Water pepper,0.033532384783029556
0071.jpg,Water pepper,Water pepper,0.03135000541806221
0072.jpg,Water pepper,Water pepper,0.03440038114786148
0073.jpg,Water pepper,Water pepper,0.034520506858825684
0074.jpg,Water pepper,Water pepper,0.03391536325216293
0075.jpg,Water pepper,Water pepper,0.03453119099140167
0076.jpg,Water pepper,Water pepper,0.034531284123659134
0077.jpg,Water pepper,Water pepper,0.03452988713979721
0078.jpg,Water pepper,Water pepper,0.034439340233802795
0079.jpg,Water pepper,Water pepper,0.034526463598012924
0080.jpg,Water pepper,Water pepper,0.03453172743320465
0081.jpg,Water pepper,Narrow-leaved plantain,0.0173935629427433
0082.jpg,Water pepper,Water pepper,0.034343522042036057
0083.jpg,Water pepper,Water pepper,0.034441083669662476
0084.jpg,Water pepper,Water pepper,0.0345187783241272
0085.jpg,Water pepper,Water pepper,0.03412802889943123
0086.jpg,Water pepper,Tradescantia,0.01909288763999939
0087.jpg,Water pepper,Water pepper,0.03452641889452934
0088.jpg,Water pepper,Willow weed,0.01850171759724617
0089.jpg,Water pepper,Water pepper,0.03422195836901665
0090.jpg,Water pepper,Water pepper,0.03452379256486893
0091.jpg,Water pepper,Water pepper,0.034453295171260834
0092.jpg,Water pepper,Water pepper,0.034470245242118835
0093.jpg,Water pepper,Water pepper,0.034503139555454254
0094.jpg,Water pepper,Water pepper,0.03409328684210777
0095.jpg,Water pepper,Water pepper,0.03423305228352547
0096.jpg,Water pepper,Water pepper,0.0345311276614666
0097.jpg,Water pepper,Wireweed,0.028425004333257675
0098.jpg,Water pepper,Water pepper,0.034388937056064606
0099.jpg,Water pepper,Water pepper,0.034459155052900314
0000.jpg,White clover,White clover,0.03449452668428421
0001.jpg,White clover,White clover,0.03433616831898689
0002.jpg,White clover,White clover,0.03452879190444946
0003.jpg,White clover,White clover,0.034530509263277054
0004.jpg,White clover,White clover,0.03409343957901001
0005.jpg,White clover,White clover,0.03453114256262779
0006.jpg,White clover,White clover,0.034525882452726364
0007.jpg,White clover,White clover,0.03452945128083229
0008.jpg,White clover,White clover,0.034498490393161774
0009.jpg,White clover,White clover,0.0345296673476696
0010.jpg,White clover,White clover,0.03447873145341873
0011.jpg,White clover,Turf speedwell,0.029797464609146118
0012.jpg,White clover,White clover,0.034283652901649475
0013.jpg,White clover,Mallow,0.018531745299696922
0014.jpg,White clover,White clover,0.03452968969941139
0015.jpg,White clover,White clover,0.0345175564289093
0016.jpg,White clover,White clover,0.034531183540821075
0017.jpg,White clover,White clover,0.03451254963874817
0018.jpg,White clover,White clover,0.03445298224687576
0019.jpg,White clover,White clover,0.034525640308856964
0020.jpg,White clover,White clover,0.03452025353908539
0021.jpg,White clover,White clover,0.034530170261859894
0022.jpg,White clover,White clover,0.034514397382736206
0023.jpg,White clover,White clover,0.03453174605965614
0024.jpg,White clover,White clover,0.03453144431114197
0025.jpg,White clover,White clover,0.034518033266067505
0026.jpg,White clover,White clover,0.034529414027929306
0027.jpg,White clover,White clover,0.030333761125802994
0028.jpg,White clover,Wireweed,0.018660640344023705
0029.jpg,White clover,Creeping oxalis,0.02635844051837921
0030.jpg,White clover,White clover,0.03445309028029442
0031.jpg,White clover,White clover,0.0345144122838974
0032.jpg,White clover,White clover,0.03393544256687164
0033.jpg,White clover,White clover,0.03453035280108452
0034.jpg,White clover,White clover,0.03452836722135544
0035.jpg,White clover,White clover,0.034529849886894226
0036.jpg,White clover,White clover,0.034343767911195755
0037.jpg,White clover,White clover,0.0345025472342968
0038.jpg,White clover,White clover,0.03451467305421829
0039.jpg,White clover,White clover,0.034484103322029114
0040.jpg,White clover,White clover,0.03452227637171745
0041.jpg,White clover,White clover,0.03452848643064499
0042.jpg,White clover,White clover,0.03452768549323082
0043.jpg,White clover,White clover,0.03449174389243126
0044.jpg,White clover,White clover,0.034523800015449524
0045.jpg,White clover,White clover,0.034530896693468094
0046.jpg,White clover,White clover,0.03449828922748566
0047.jpg,White clover,White clover,0.03453151509165764
0048.jpg,White clover,White clover,0.03452484309673309
0049.jpg,White clover,White clover,0.034410323947668076
0050.jpg,White clover,White clover,0.03452514484524727
0051.jpg,White clover,White clover,0.03443261235952377
0052.jpg,White clover,White clover,0.03443482890725136
0053.jpg,White clover,White clover,0.03450383245944977
0054.jpg,White clover,White clover,0.03438371792435646
0055.jpg,White clover,White clover,0.034487660974264145
0056.jpg,White clover,White clover,0.03447022661566734
0057.jpg,White clover,White clover,0.032036811113357544
0058.jpg,White clover,White clover,0.03453146293759346
0059.jpg,White clover,White clover,0.0345170833170414
0060.jpg,White clover,White clover,0.034497153013944626
0061.jpg,White clover,White clover,0.03453142195940018
0062.jpg,White clover,White clover,0.03443169966340065
0063.jpg,White clover,White clover,0.03448006510734558
0064.jpg,White clover,White clover,0.034494780004024506
0065.jpg,White clover,White clover,0.03453029319643974
0066.jpg,White clover,White clover,0.03453081101179123
0067.jpg,White clover,White clover,0.03444568067789078
0068.jpg,White clover,White clover,0.034371305257081985
0069.jpg,White clover,White clover,0.033311981707811356
0070.jpg,White clover,White clover,0.034479256719350815
0071.jpg,White clover,White clover,0.034528348594903946
0072.jpg,White clover,White clover,0.034490831196308136
0073.jpg,White clover,White clover,0.034511275589466095
0074.jpg,White clover,White clover,0.034509576857089996
0075.jpg,White clover,White clover,0.019249368458986282
0076.jpg,White clover,White clover,0.03452802449464798
0077.jpg,White clover,White clover,0.03451475128531456
0078.jpg,White clover,White clover,0.03452949970960617
0079.jpg,White clover,White clover,0.03452609106898308
0080.jpg,White clover,White clover,0.034506335854530334
0081.jpg,White clover,White clover,0.02229013666510582
0082.jpg,White clover,White clover,0.03452473133802414
0083.jpg,White clover,White clover,0.03435268625617027
0084.jpg,White clover,White clover,0.03448488563299179
0085.jpg,White clover,White clover,0.03451479971408844
0086.jpg,White clover,White clover,0.03444069251418114
0087.jpg,White clover,White clover,0.03450962156057358
0088.jpg,White clover,White clover,0.03452533856034279
0089.jpg,White clover,White clover,0.0345289409160614
0090.jpg,White clover,White clover,0.03451419621706009
0091.jpg,White clover,White clover,0.03452308103442192
0092.jpg,White clover,White clover,0.03453163057565689
0093.jpg,White clover,White clover,0.03453076258301735
0094.jpg,White clover,White clover,0.034072741866111755
0095.jpg,White clover,White clover,0.03431282192468643
0096.jpg,White clover,White clover,0.034512702375650406
0097.jpg,White clover,White clover,0.03452571481466293
0098.jpg,White clover,White clover,0.03453000634908676
0099.jpg,White clover,White clover,0.03452517092227936
0000.jpg,Wild radish,Wild radish,0.034489862620830536
0001.jpg,Wild radish,Wild radish,0.034499164670705795
0002.jpg,Wild radish,Wild radish,0.03453172370791435
0003.jpg,Wild radish,Wild turnip,0.03199140354990959
0004.jpg,Wild radish,Wild turnip,0.021373054012656212
0005.jpg,Wild radish,Wild radish,0.03451871871948242
0006.jpg,Wild radish,Wild radish,0.03452754393219948
0007.jpg,Wild radish,Wild radish,0.03453170508146286
0008.jpg,Wild radish,Wild radish,0.03445844352245331
0009.jpg,Wild radish,Wild radish,0.03453173115849495
0010.jpg,Wild radish,Wild radish,0.03449617698788643
0011.jpg,Wild radish,Wild radish,0.034425195306539536
0012.jpg,Wild radish,Wild radish,0.03453123942017555
0013.jpg,Wild radish,Wild radish,0.03410956263542175
0014.jpg,Wild radish,Wild radish,0.03450468182563782
0015.jpg,Wild radish,Wild radish,0.03453114628791809
0016.jpg,Wild radish,Wild radish,0.03450455144047737
0017.jpg,Wild radish,Wild radish,0.034422922879457474
0018.jpg,Wild radish,Wild radish,0.03453119099140167
0019.jpg,Wild radish,Wild radish,0.03452910855412483
0020.jpg,Wild radish,Wild radish,0.03452454134821892
0021.jpg,Wild radish,Wild radish,0.03453132137656212
0022.jpg,Wild radish,Wild radish,0.03428878262639046
0023.jpg,Wild radish,Wild radish,0.03453165292739868
0024.jpg,Wild radish,Wild radish,0.03453173488378525
0025.jpg,Wild radish,Wild radish,0.03453150391578674
0026.jpg,Wild radish,Wild radish,0.03446821868419647
0027.jpg,Wild radish,Chickweed,0.02142472192645073
0028.jpg,Wild radish,Wild radish,0.02434169314801693
0029.jpg,Wild radish,Redroot,0.01865384727716446
0030.jpg,Wild radish,Wild radish,0.03430188447237015
0031.jpg,Wild radish,Wild turnip,0.03433719649910927
0032.jpg,Wild radish,Wild radish,0.033009015023708344
0033.jpg,Wild radish,Wild radish,0.03438376635313034
0034.jpg,Wild radish,Wild radish,0.03449808433651924
0035.jpg,Wild radish,Broad-leaved fleabane,0.023356713354587555
0036.jpg,Wild radish,Wild radish,0.03452372923493385
0037.jpg,Wild radish,Wild radish,0.03452472388744354
0038.jpg,Wild radish,Wild radish,0.034429457038640976
0039.jpg,Wild radish,Wild radish,0.03453036770224571
0040.jpg,Wild radish,Wild radish,0.034527067095041275
0041.jpg,Wild radish,Wild radish,0.034528814256191254
0042.jpg,Wild radish,Wild radish,0.03452758118510246
0043.jpg,Wild radish,Wild radish,0.034514691680669785
0044.jpg,Wild radish,Wild radish,0.034531716257333755
0045.jpg,Wild radish,Wild radish,0.03452962264418602
0046.jpg,Wild radish,Wild radish,0.03452630713582039
0047.jpg,Wild radish,Wild radish,0.0345061793923378
0048.jpg,Wild radish,Wild radish,0.034528739750385284
0049.jpg,Wild radish,Wild radish,0.03448379784822464
0050.jpg,Wild radish,Wild radish,0.034360893070697784
0051.jpg,Wild radish,Wild radish,0.03453177213668823
0052.jpg,Wild radish,Wild radish,0.03453177213668823
0053.jpg,Wild radish,Wild radish,0.0345068983733654
0054.jpg,Wild radish,Wild radish,0.03442162275314331
0055.jpg,Wild radish,Wild radish,0.03453163430094719
0056.jpg,Wild radish,Wild radish,0.03452908247709274
0057.jpg,Wild radish,Wild radish,0.03452801704406738
0058.jpg,Wild radish,Wild radish,0.03452296182513237
0059.jpg,Wild radish,Wild radish,0.03452856466174126
0060.jpg,Wild radish,Wild radish,0.03453177213668823
0061.jpg,Wild radish,Wild radish,0.03453156724572182
0062.jpg,Wild radish,Wild radish,0.03453173488378525
0063.jpg,Wild radish,Wild radish,0.03453177213668823
0064.jpg,Wild radish,Wild radish,0.034531671553850174
0065.jpg,Wild radish,Wild radish,0.03446458280086517
0066.jpg,Wild radish,Wild radish,0.0336795337498188
0067.jpg,Wild radish,Wild radish,0.03451574593782425
0068.jpg,Wild radish,Wild radish,0.03452397510409355
0069.jpg,Wild radish,Winged thistle,0.025860782712697983
0070.jpg,Wild radish,Wild radish,0.034527737647295
0071.jpg,Wild radish,Wild radish,0.02956410124897957
0072.jpg,Wild radish,Wild radish,0.03422620892524719
0073.jpg,Wild radish,Wild radish,0.03452913835644722
0074.jpg,Wild radish,Wild radish,0.03453175351023674
0075.jpg,Wild radish,Turf speedwell,0.023603305220603943
0076.jpg,Wild radish,Wild radish,0.0345301553606987
0077.jpg,Wild radish,Wild radish,0.03453148156404495
0078.jpg,Wild radish,Wild radish,0.03453121334314346
0079.jpg,Wild radish,Wild radish,0.03453074023127556
0080.jpg,Wild radish,Wild radish,0.0342579185962677
0081.jpg,Wild radish,Great bindweed,0.017862791195511818
0082.jpg,Wild radish,Wild radish,0.03453177213668823
0083.jpg,Wild radish,Wild radish,0.03450525552034378
0084.jpg,Wild radish,Wild radish,0.03429454565048218
0085.jpg,Wild radish,Wild radish,0.03452709689736366
0086.jpg,Wild radish,Wild radish,0.033939264714717865
0087.jpg,Wild radish,Wild radish,0.03446099907159805
0088.jpg,Wild radish,Wild radish,0.029885683208703995
0089.jpg,Wild radish,Wild radish,0.034531738609075546
0090.jpg,Wild radish,Wild radish,0.03452805429697037
0091.jpg,Wild radish,Wild radish,0.03453047201037407
0092.jpg,Wild radish,Wild radish,0.03447699174284935
0093.jpg,Wild radish,Wild radish,0.03453173115849495
0094.jpg,Wild radish,Wild radish,0.024888940155506134
0095.jpg,Wild radish,Wild radish,0.03452473133802414
0096.jpg,Wild radish,Wild radish,0.03453177213668823
0097.jpg,Wild radish,Parsley dropwort,0.026722433045506477
0098.jpg,Wild radish,Wild radish,0.034477364271879196
0099.jpg,Wild radish,Wild radish,0.034416068345308304
0000.jpg,Wild turnip,Wild turnip,0.033483535051345825
0001.jpg,Wild turnip,Wild turnip,0.03452560305595398
0002.jpg,Wild turnip,Wild turnip,0.034521862864494324
0003.jpg,Wild turnip,Wild radish,0.021845508366823196
0004.jpg,Wild turnip,Wild turnip,0.034387242048978806
0005.jpg,Wild turnip,Wild turnip,0.03452596440911293
0006.jpg,Wild turnip,Wild turnip,0.034528058022260666
0007.jpg,Wild turnip,Wild turnip,0.03447052836418152
0008.jpg,Wild turnip,Wild turnip,0.03453011438250542
0009.jpg,Wild turnip,Wild turnip,0.03453158587217331
0010.jpg,Wild turnip,Wild turnip,0.03451858460903168
0011.jpg,Wild turnip,Wild radish,0.034474726766347885
0012.jpg,Wild turnip,Wild turnip,0.03442847728729248
0013.jpg,Wild turnip,Wild turnip,0.028553010895848274
0014.jpg,Wild turnip,Wild turnip,0.0330326072871685
0015.jpg,Wild turnip,Wild turnip,0.034525249153375626
0016.jpg,Wild turnip,Wild turnip,0.03434106707572937
0017.jpg,Wild turnip,Wild turnip,0.0345161110162735
0018.jpg,Wild turnip,Wild turnip,0.034514423459768295
0019.jpg,Wild turnip,Wild turnip,0.034193649888038635
0020.jpg,Wild turnip,Wild turnip,0.0341675728559494
0021.jpg,Wild turnip,Wild turnip,0.03453097119927406
0022.jpg,Wild turnip,Wild turnip,0.034526824951171875
0023.jpg,Wild turnip,Wild turnip,0.034411970525979996
0024.jpg,Wild turnip,Wild turnip,0.03450728580355644
0025.jpg,Wild turnip,Wild turnip,0.03449607640504837
0026.jpg,Wild turnip,Wild turnip,0.03447217866778374
0027.jpg,Wild turnip,Wild turnip,0.034461069852113724
0028.jpg,Wild turnip,Wild turnip,0.03378482535481453
0029.jpg,Wild turnip,Annual poa,0.01785513013601303
0030.jpg,Wild turnip,Wild turnip,0.03453115001320839
0031.jpg,Wild turnip,Wild turnip,0.03446755185723305
0032.jpg,Wild turnip,Wild turnip,0.034525781869888306
0033.jpg,Wild turnip,Wild turnip,0.0339074432849884
0034.jpg,Wild turnip,Wild turnip,0.03448852524161339
0035.jpg,Wild turnip,Wild turnip,0.03254615515470505
0036.jpg,Wild turnip,Wild turnip,0.034446775913238525
0037.jpg,Wild turnip,Wild turnip,0.034529007971286774
0038.jpg,Wild turnip,Wild turnip,0.034522149711847305
0039.jpg,Wild turnip,Wild turnip,0.03452717885375023
0040.jpg,Wild turnip,Wild turnip,0.03452813997864723
0041.jpg,Wild turnip,Wild turnip,0.03447308763861656
0042.jpg,Wild turnip,Wild turnip,0.034499671310186386
0043.jpg,Wild turnip,Wild turnip,0.03452980890870094
0044.jpg,Wild turnip,Wild turnip,0.034505970776081085
0045.jpg,Wild turnip,Wild turnip,0.034516435116529465
0046.jpg,Wild turnip,Wild turnip,0.034531693905591965
0047.jpg,Wild turnip,Wild turnip,0.03453012555837631
0048.jpg,Wild turnip,Wild turnip,0.034531693905591965
0049.jpg,Wild turnip,Wild turnip,0.03452739119529724
0050.jpg,Wild turnip,Wild turnip,0.03451233357191086
0051.jpg,Wild turnip,Wild turnip,0.03449537232518196
0052.jpg,Wild turnip,Wild turnip,0.03451940417289734
0053.jpg,Wild turnip,Wild turnip,0.03452296182513237
0054.jpg,Wild turnip,Suckling clover,0.029183393344283104
0055.jpg,Wild turnip,Wild turnip,0.034515950828790665
0056.jpg,Wild turnip,Wild turnip,0.034499794244766235
0057.jpg,Wild turnip,Wild turnip,0.034504447132349014
0058.jpg,Wild turnip,Wild turnip,0.034488171339035034
0059.jpg,Wild turnip,Wild turnip,0.034530214965343475
0060.jpg,Wild turnip,Wild turnip,0.03441257402300835
0061.jpg,Wild turnip,Wild turnip,0.034511275589466095
0062.jpg,Wild turnip,Wild turnip,0.03452656418085098
0063.jpg,Wild turnip,Wild turnip,0.03452799469232559
0064.jpg,Wild turnip,Wild turnip,0.021456772461533546
0065.jpg,Wild turnip,Wild turnip,0.03442975506186485
0066.jpg,Wild turnip,Wild turnip,0.03451164811849594
0067.jpg,Wild turnip,Wild turnip,0.03451703116297722
0068.jpg,Wild turnip,Wild turnip,0.034518755972385406
0069.jpg,Wild turnip,Wild turnip,0.0343458466231823
0070.jpg,Wild turnip,Wild turnip,0.03452145308256149
0071.jpg,Wild turnip,Wild turnip,0.034493979066610336
0072.jpg,Wild turnip,Wild turnip,0.03449438139796257
0073.jpg,Wild turnip,Wild turnip,0.03443475067615509
0074.jpg,Wild turnip,Wild turnip,0.03437727317214012
0075.jpg,Wild turnip,Tradescantia,0.027069564908742905
0076.jpg,Wild turnip,Wild turnip,0.03451523184776306
0077.jpg,Wild turnip,Wild turnip,0.03453131765127182
0078.jpg,Wild turnip,Wild turnip,0.03451724350452423
0079.jpg,Wild turnip,Wild turnip,0.03450310230255127
0080.jpg,Wild turnip,Wild turnip,0.03453109785914421
0081.jpg,Wild turnip,Wild turnip,0.03446987271308899
0082.jpg,Wild turnip,Wild turnip,0.03452964872121811
0083.jpg,Wild turnip,Wild turnip,0.03452494367957115
0084.jpg,Wild turnip,Wild turnip,0.0345316007733345
0085.jpg,Wild turnip,Wild turnip,0.034531522542238235
0086.jpg,Wild turnip,Wild turnip,0.0343376100063324
0087.jpg,Wild turnip,Wild turnip,0.03450882434844971
0088.jpg,Wild turnip,Wild turnip,0.023260200396180153
0089.jpg,Wild turnip,Wild turnip,0.03443469852209091
0090.jpg,Wild turnip,Wild turnip,0.03450145944952965
0091.jpg,Wild turnip,Wild turnip,0.034461189061403275
0092.jpg,Wild turnip,Wild turnip,0.03257215768098831
0093.jpg,Wild turnip,Wild turnip,0.03453107178211212
0094.jpg,Wild turnip,Wild turnip,0.034523915499448776
0095.jpg,Wild turnip,Wild turnip,0.03447462618350983
0096.jpg,Wild turnip,Wild turnip,0.03453155234456062
0097.jpg,Wild turnip,Wild turnip,0.03453171253204346
0098.jpg,Wild turnip,Wild turnip,0.034483879804611206
0099.jpg,Wild turnip,Wild turnip,0.031840477138757706
0000.jpg,Willow weed,Willow weed,0.034524980932474136
0001.jpg,Willow weed,Willow weed,0.034521061927080154
0002.jpg,Willow weed,Willow weed,0.03452925756573677
0003.jpg,Willow weed,Willow weed,0.03439025953412056
0004.jpg,Willow weed,Broad-leaved fleabane,0.03135290369391441
0005.jpg,Willow weed,Willow weed,0.03452809527516365
0006.jpg,Willow weed,Willow weed,0.03407428413629532
0007.jpg,Willow weed,Willow weed,0.03453168645501137
0008.jpg,Willow weed,Willow weed,0.03453153744339943
0009.jpg,Willow weed,Willow weed,0.0345306359231472
0010.jpg,Willow weed,Willow weed,0.03452611714601517
0011.jpg,Willow weed,Black nightshade,0.020944293588399887
0012.jpg,Willow weed,Willow weed,0.03452255204319954
0013.jpg,Willow weed,Willow weed,0.03451939672231674
0014.jpg,Willow weed,Willow weed,0.03236215561628342
0015.jpg,Willow weed,Willow weed,0.034527771174907684
0016.jpg,Willow weed,Willow weed,0.03407907485961914
0017.jpg,Willow weed,Willow weed,0.0258338563144207
0018.jpg,Willow weed,Willow weed,0.034473661333322525
0019.jpg,Willow weed,Willow weed,0.03453166037797928
0020.jpg,Willow weed,Willow weed,0.034411076456308365
0021.jpg,Willow weed,Willow weed,0.03453083336353302
0022.jpg,Willow weed,Willow weed,0.034531135112047195
0023.jpg,Willow weed,Willow weed,0.03449193388223648
0024.jpg,Willow weed,Willow weed,0.03450178727507591
0025.jpg,Willow weed,Willow weed,0.0345316082239151
0026.jpg,Willow weed,Willow weed,0.03453165292739868
0027.jpg,Willow weed,Willow weed,0.032435931265354156
0028.jpg,Willow weed,Willow weed,0.03448350355029106
0029.jpg,Willow weed,Fiddle dock,0.023079724982380867
0030.jpg,Willow weed,Willow weed,0.03452521190047264
0031.jpg,Willow weed,Willow weed,0.033960435539484024
0032.jpg,Willow weed,Willow weed,0.03439423441886902
0033.jpg,Willow weed,Willow weed,0.03450430557131767
0034.jpg,Willow weed,Willow weed,0.034498125314712524
0035.jpg,Willow weed,Willow weed,0.034529004245996475
0036.jpg,Willow weed,Willow weed,0.03453165292739868
0037.jpg,Willow weed,Willow weed,0.03448622301220894
0038.jpg,Willow weed,Willow weed,0.03420202434062958
0039.jpg,Willow weed,Willow weed,0.03452431038022041
0040.jpg,Willow weed,Willow weed,0.03453068062663078
0041.jpg,Willow weed,Willow weed,0.034283533692359924
0042.jpg,Willow weed,Willow weed,0.034514158964157104
0043.jpg,Willow weed,Willow weed,0.03453132137656212
0044.jpg,Willow weed,Willow weed,0.03452897444367409
0045.jpg,Willow weed,Willow weed,0.03452582284808159
0046.jpg,Willow weed,Willow weed,0.03453085944056511
0047.jpg,Willow weed,Willow weed,0.03424360230565071
0048.jpg,Willow weed,Willow weed,0.03414469584822655
0049.jpg,Willow weed,Willow weed,0.03450019285082817
0050.jpg,Willow weed,Willow weed,0.03453017398715019
0051.jpg,Willow weed,Willow weed,0.034529201686382294
0052.jpg,Willow weed,Willow weed,0.034528035670518875
0053.jpg,Willow weed,Willow weed,0.034529440104961395
0054.jpg,Willow weed,Willow weed,0.034505899995565414
0055.jpg,Willow weed,Willow weed,0.03453131765127182
0056.jpg,Willow weed,Willow weed,0.03447797894477844
0057.jpg,Willow weed,Willow weed,0.034531597048044205
0058.jpg,Willow weed,Willow weed,0.03453163057565689
0059.jpg,Willow weed,Willow weed,0.034531693905591965
0060.jpg,Willow weed,Willow weed,0.03453174605965614
0061.jpg,Willow weed,Willow weed,0.03453022241592407
0062.jpg,Willow weed,Willow weed,0.03452075645327568
0063.jpg,Willow weed,Willow weed,0.03453114628791809
0064.jpg,Willow weed,Willow weed,0.03441765159368515
0065.jpg,Willow weed,Willow weed,0.03453156724572182
0066.jpg,Willow weed,Willow weed,0.03452464938163757
0067.jpg,Willow weed,Willow weed,0.034525297582149506
0068.jpg,Willow weed,Willow weed,0.034520428627729416
0069.jpg,Willow weed,Twin cress,0.02058597467839718
0070.jpg,Willow weed,Willow weed,0.03453175351023674
0071.jpg,Willow weed,Willow weed,0.03453151881694794
0072.jpg,Willow weed,Willow weed,0.03452838584780693
0073.jpg,Willow weed,Willow weed,0.0345313660800457
0074.jpg,Willow weed,Willow weed,0.03453104570508003
0075.jpg,Willow weed,Willow weed,0.02988331764936447
0076.jpg,Willow weed,Willow weed,0.03436950594186783
0077.jpg,Willow weed,Willow weed,0.034528233110904694
0078.jpg,Willow weed,Willow weed,0.0345161147415638
0079.jpg,Willow weed,Willow weed,0.03451896086335182
0080.jpg,Willow weed,Willow weed,0.034438181668519974
0081.jpg,Willow weed,Sweet brier,0.016204744577407837
0082.jpg,Willow weed,Willow weed,0.03453076630830765
0083.jpg,Willow weed,Willow weed,0.03438044711947441
0084.jpg,Willow weed,Willow weed,0.03453142195940018
0085.jpg,Willow weed,Willow weed,0.03450392186641693
0086.jpg,Willow weed,Willow weed,0.03445609286427498
0087.jpg,Willow weed,Willow weed,0.03452865034341812
0088.jpg,Willow weed,Scrambling fumitory,0.019147289916872978
0089.jpg,Willow weed,Willow weed,0.034511152654886246
0090.jpg,Willow weed,Willow weed,0.03447893634438515
0091.jpg,Willow weed,Willow weed,0.03417620807886124
0092.jpg,Willow weed,Willow weed,0.034511543810367584
0093.jpg,Willow weed,Willow weed,0.03452819958329201
0094.jpg,Willow weed,Willow weed,0.03450997918844223
0095.jpg,Willow weed,Willow weed,0.03449709713459015
0096.jpg,Willow weed,Willow weed,0.034531671553850174
0097.jpg,Willow weed,Willow weed,0.02848774753510952
0098.jpg,Willow weed,Willow weed,0.03289051353931427
0099.jpg,Willow weed,Willow weed,0.03453134372830391
0000.jpg,Winged thistle,Winged thistle,0.03449176996946335
0001.jpg,Winged thistle,Winged thistle,0.034446340054273605
0002.jpg,Winged thistle,Winged thistle,0.03443611413240433
0003.jpg,Winged thistle,Spurrey,0.01605416275560856
0004.jpg,Winged thistle,Winged thistle,0.03424014896154404
0005.jpg,Winged thistle,Winged thistle,0.03451847657561302
0006.jpg,Winged thistle,Winged thistle,0.03452267497777939
0007.jpg,Winged thistle,Winged thistle,0.03452293574810028
0008.jpg,Winged thistle,Winged thistle,0.034373845905065536
0009.jpg,Winged thistle,Winged thistle,0.03452654182910919
0010.jpg,Winged thistle,Winged thistle,0.03450848162174225
0011.jpg,Winged thistle,Winged thistle,0.03447052463889122
0012.jpg,Winged thistle,Winged thistle,0.03451857715845108
0013.jpg,Winged thistle,Winged thistle,0.025041796267032623
0014.jpg,Winged thistle,Daisy,0.027180075645446777
0015.jpg,Winged thistle,Winged thistle,0.03450080752372742
0016.jpg,Winged thistle,Winged thistle,0.034293536096811295
0017.jpg,Winged thistle,Winged thistle,0.033324480056762695
0018.jpg,Winged thistle,Winged thistle,0.03427894040942192
0019.jpg,Winged thistle,Winged thistle,0.03451662138104439
0020.jpg,Winged thistle,Winged thistle,0.03452993929386139
0021.jpg,Winged thistle,Winged thistle,0.034515947103500366
0022.jpg,Winged thistle,Winged thistle,0.034518126398324966
0023.jpg,Winged thistle,Winged thistle,0.034503549337387085
0024.jpg,Winged thistle,Winged thistle,0.03453107550740242
0025.jpg,Winged thistle,Winged thistle,0.03451989218592644
0026.jpg,Winged thistle,Winged thistle,0.034314390271902084
0027.jpg,Winged thistle,Winged thistle,0.019756590947508812
0028.jpg,Winged thistle,Catsear,0.017414819449186325
0029.jpg,Winged thistle,Dandelion,0.015449664555490017
0030.jpg,Winged thistle,Winged thistle,0.03450858220458031
0031.jpg,Winged thistle,Winged thistle,0.03453175723552704
0032.jpg,Winged thistle,Winged thistle,0.03452570363879204
0033.jpg,Winged thistle,Winged thistle,0.03452623635530472
0034.jpg,Winged thistle,Winged thistle,0.034470003098249435
0035.jpg,Winged thistle,Scrambling fumitory,0.01763366349041462
0036.jpg,Winged thistle,Winged thistle,0.03453104570508003
0037.jpg,Winged thistle,Winged thistle,0.03452920913696289
0038.jpg,Winged thistle,Winged thistle,0.03452584892511368
0039.jpg,Winged thistle,Winged thistle,0.03452964127063751
0040.jpg,Winged thistle,Winged thistle,0.03420228138566017
0041.jpg,Winged thistle,Winged thistle,0.034530796110630035
0042.jpg,Winged thistle,Winged thistle,0.034494005143642426
0043.jpg,Winged thistle,Winged thistle,0.03452480211853981
0044.jpg,Winged thistle,Winged thistle,0.034209877252578735
0045.jpg,Winged thistle,Winged thistle,0.034526873379945755
0046.jpg,Winged thistle,Winged thistle,0.034530870616436005
0047.jpg,Winged thistle,Winged thistle,0.034523855894804
0048.jpg,Winged thistle,Winged thistle,0.03452059626579285
0049.jpg,Winged thistle,Winged thistle,0.03453093767166138
0050.jpg,Winged thistle,Winged thistle,0.034531477838754654
0051.jpg,Winged thistle,Winged thistle,0.03453133627772331
0052.jpg,Winged thistle,Winged thistle,0.03453109413385391
0053.jpg,Winged thistle,Winged thistle,0.03453117609024048
0054.jpg,Winged thistle,Winged thistle,0.03453107550740242
0055.jpg,Winged thistle,Winged thistle,0.03452974557876587
0056.jpg,Winged thistle,Winged thistle,0.0345175601541996
0057.jpg,Winged thistle,Winged thistle,0.03452681005001068
0058.jpg,Winged thistle,Winged thistle,0.034515347331762314
0059.jpg,Winged thistle,Winged thistle,0.03452498838305473
0060.jpg,Winged thistle,Winged thistle,0.03449702635407448
0061.jpg,Winged thistle,Winged thistle,0.03450462967157364
0062.jpg,Winged thistle,Winged thistle,0.034479666501283646
0063.jpg,Winged thistle,Winged thistle,0.03452253341674805
0064.jpg,Winged thistle,Scrambling fumitory,0.018061934038996696
0065.jpg,Winged thistle,Winged thistle,0.032691165804862976
0066.jpg,Winged thistle,Winged thistle,0.034529589116573334
0067.jpg,Winged thistle,Winged thistle,0.03388281166553497
0068.jpg,Winged thistle,Winged thistle,0.03435178101062775
0069.jpg,Winged thistle,Winged thistle,0.034519296139478683
0070.jpg,Winged thistle,Winged thistle,0.034495916217565536
0071.jpg,Winged thistle,Winged thistle,0.0345306433737278
0072.jpg,Winged thistle,Winged thistle,0.03423560410737991
0073.jpg,Winged thistle,Winged thistle,0.03449324890971184
0074.jpg,Winged thistle,Winged thistle,0.03452877700328827
0075.jpg,Winged thistle,Winged thistle,0.03167197108268738
0076.jpg,Winged thistle,Winged thistle,0.034516796469688416
0077.jpg,Winged thistle,Winged thistle,0.03452950716018677
0078.jpg,Winged thistle,Winged thistle,0.03452770411968231
0079.jpg,Winged thistle,Winged thistle,0.034528106451034546
0080.jpg,Winged thistle,Winged thistle,0.03453000262379646
0081.jpg,Winged thistle,Winged thistle,0.028234761208295822
0082.jpg,Winged thistle,Winged thistle,0.03450799360871315
0083.jpg,Winged thistle,Winged thistle,0.03450397774577141
0084.jpg,Winged thistle,Winged thistle,0.034530237317085266
0085.jpg,Winged thistle,Winged thistle,0.034489329904317856
0086.jpg,Winged thistle,Winged thistle,0.034505292773246765
0087.jpg,Winged thistle,Winged thistle,0.034530602395534515
0088.jpg,Winged thistle,Winged thistle,0.023434454575181007
0089.jpg,Winged thistle,Winged thistle,0.03452402725815773
0090.jpg,Winged thistle,Winged thistle,0.03451003134250641
0091.jpg,Winged thistle,Winged thistle,0.034516651183366776
0092.jpg,Winged thistle,Winged thistle,0.03452586382627487
0093.jpg,Winged thistle,Winged thistle,0.03450779989361763
0094.jpg,Winged thistle,Winged thistle,0.029885269701480865
0095.jpg,Winged thistle,Winged thistle,0.033644430339336395
0096.jpg,Winged thistle,Winged thistle,0.03452351316809654
0097.jpg,Winged thistle,Winged thistle,0.03453081101179123
0098.jpg,Winged thistle,Winged thistle,0.03453109413385391
0099.jpg,Winged thistle,Winged thistle,0.0345211923122406
0000.jpg,Wireweed,Wireweed,0.03453167527914047
0001.jpg,Wireweed,Wireweed,0.034309908747673035
0002.jpg,Wireweed,Wireweed,0.03453029319643974
0003.jpg,Wireweed,Wireweed,0.034456487745046616
0004.jpg,Wireweed,Spurrey,0.01501787081360817
0005.jpg,Wireweed,Wireweed,0.03453124687075615
0006.jpg,Wireweed,Wireweed,0.03453167900443077
0007.jpg,Wireweed,Wireweed,0.034531619399785995
0008.jpg,Wireweed,Wireweed,0.034527555108070374
0009.jpg,Wireweed,Wireweed,0.034070294350385666
0010.jpg,Wireweed,Wireweed,0.03436487913131714
0011.jpg,Wireweed,Wireweed,0.033933207392692566
0012.jpg,Wireweed,Wireweed,0.03400546312332153
0013.jpg,Wireweed,Wireweed,0.03392910957336426
0014.jpg,Wireweed,White clover,0.02339213900268078
0015.jpg,Wireweed,Wireweed,0.03452572226524353
0016.jpg,Wireweed,Wireweed,0.03442082181572914
0017.jpg,Wireweed,Shepherd's purse,0.019749023020267487
0018.jpg,Wireweed,Wireweed,0.03453119844198227
0019.jpg,Wireweed,Wireweed,0.03452932834625244
0020.jpg,Wireweed,Wireweed,0.03434748947620392
0021.jpg,Wireweed,Wireweed,0.03451504558324814
0022.jpg,Wireweed,Wireweed,0.03453172370791435
0023.jpg,Wireweed,Wireweed,0.03453155979514122
0024.jpg,Wireweed,Wireweed,0.03453128784894943
0025.jpg,Wireweed,Wireweed,0.034531522542238235
0026.jpg,Wireweed,Wireweed,0.03449694812297821
0027.jpg,Wireweed,Narrow-leaved plantain,0.017550453543663025
0028.jpg,Wireweed,Cape weed,0.02899007871747017
0029.jpg,Wireweed,Wireweed,0.03399734944105148
0030.jpg,Wireweed,Wireweed,0.03453177213668823
0031.jpg,Wireweed,Wireweed,0.03453173488378525
0032.jpg,Wireweed,Wireweed,0.034522343426942825
0033.jpg,Wireweed,Wireweed,0.03453076258301735
0034.jpg,Wireweed,Wireweed,0.03446868434548378
0035.jpg,Wireweed,Wireweed,0.03406304121017456
0036.jpg,Wireweed,Wireweed,0.03449738770723343
0037.jpg,Wireweed,Wireweed,0.03453116863965988
0038.jpg,Wireweed,Wireweed,0.03448735550045967
0039.jpg,Wireweed,Wireweed,0.03451161831617355
0040.jpg,Wireweed,Wireweed,0.03452733904123306
0041.jpg,Wireweed,Wireweed,0.03452811762690544
0042.jpg,Wireweed,Wireweed,0.03453007712960243
0043.jpg,Wireweed,Wireweed,0.03435729444026947
0044.jpg,Wireweed,Wireweed,0.03452977538108826
0045.jpg,Wireweed,Wireweed,0.03453105315566063
0046.jpg,Wireweed,Wireweed,0.03451591730117798
0047.jpg,Wireweed,Wireweed,0.03453175351023674
0048.jpg,Wireweed,Wireweed,0.03453085944056511
0049.jpg,Wireweed,Wireweed,0.034529224038124084
0050.jpg,Wireweed,Wireweed,0.034526482224464417
0051.jpg,Wireweed,Wireweed,0.03452817350625992
0052.jpg,Wireweed,Wireweed,0.03452698513865471
0053.jpg,Wireweed,Wireweed,0.03438546508550644
0054.jpg,Wireweed,Wireweed,0.03452146053314209
0055.jpg,Wireweed,Wireweed,0.03439150005578995
0056.jpg,Wireweed,Wireweed,0.03453173488378525
0057.jpg,Wireweed,Wireweed,0.03453173115849495
0058.jpg,Wireweed,Wireweed,0.03452985733747482
0059.jpg,Wireweed,Wireweed,0.03453092277050018
0060.jpg,Wireweed,Wireweed,0.03453176096081734
0061.jpg,Wireweed,Wireweed,0.03453097492456436
0062.jpg,Wireweed,Wireweed,0.03451944887638092
0063.jpg,Wireweed,Wireweed,0.03452587500214577
0064.jpg,Wireweed,Wireweed,0.034389156848192215
0065.jpg,Wireweed,Wireweed,0.034529782831668854
0066.jpg,Wireweed,Wireweed,0.034531738609075546
0067.jpg,Wireweed,Wireweed,0.03453173115849495
0068.jpg,Wireweed,Wireweed,0.03453069180250168
0069.jpg,Wireweed,Wireweed,0.03453101962804794
0070.jpg,Wireweed,Wireweed,0.03453126549720764
0071.jpg,Wireweed,Wireweed,0.03453122824430466
0072.jpg,Wireweed,Wireweed,0.03453037887811661
0073.jpg,Wireweed,Wireweed,0.03452727571129799
0074.jpg,Wireweed,Wireweed,0.03448990359902382
0075.jpg,Wireweed,Wireweed,0.03453144058585167
0076.jpg,Wireweed,Wireweed,0.03453173115849495
0077.jpg,Wireweed,Wireweed,0.03453055024147034
0078.jpg,Wireweed,Wireweed,0.03453035652637482
0079.jpg,Wireweed,Wireweed,0.03453139588236809
0080.jpg,Wireweed,Wireweed,0.03453173115849495
0081.jpg,Wireweed,Wireweed,0.03450231999158859
0082.jpg,Wireweed,Wireweed,0.0345238521695137
0083.jpg,Wireweed,Wireweed,0.034515783190727234
0084.jpg,Wireweed,Wireweed,0.03432563692331314
0085.jpg,Wireweed,Wireweed,0.028307022526860237
0086.jpg,Wireweed,Wireweed,0.030200907960534096
0087.jpg,Wireweed,Wireweed,0.034531619399785995
0088.jpg,Wireweed,Wireweed,0.028308095410466194
0089.jpg,Wireweed,Wireweed,0.034523312002420425
0090.jpg,Wireweed,Wireweed,0.0345040038228035
0091.jpg,Wireweed,Wireweed,0.034525804221630096
0092.jpg,Wireweed,Wireweed,0.03453151881694794
0093.jpg,Wireweed,Wireweed,0.03452994301915169
0094.jpg,Wireweed,Wireweed,0.0345286950469017
0095.jpg,Wireweed,Wireweed,0.03453176096081734
0096.jpg,Wireweed,Wireweed,0.03408820927143097
0097.jpg,Wireweed,Wireweed,0.03409881889820099
0098.jpg,Wireweed,Wireweed,0.03242233023047447
0099.jpg,Wireweed,Wireweed,0.03450475260615349
0000.jpg,Yarrow,Yarrow,0.03450452536344528
0001.jpg,Yarrow,Yarrow,0.034531231969594955
0002.jpg,Yarrow,Yarrow,0.034273307770490646
0003.jpg,Yarrow,Yarrow,0.029128577560186386
0004.jpg,Yarrow,Yarrow,0.03425648808479309
0005.jpg,Yarrow,Yarrow,0.03451879322528839
0006.jpg,Yarrow,Yarrow,0.03447568789124489
0007.jpg,Yarrow,Yarrow,0.0345182791352272
0008.jpg,Yarrow,Yarrow,0.034490980207920074
0009.jpg,Yarrow,Yarrow,0.03451161086559296
0010.jpg,Yarrow,Yarrow,0.03451387211680412
0011.jpg,Yarrow,Yarrow,0.02773718535900116
0012.jpg,Yarrow,Yarrow,0.034343067556619644
0013.jpg,Yarrow,Groundsel,0.026227416470646858
0014.jpg,Yarrow,Tauhinu,0.015264499932527542
0015.jpg,Yarrow,Yarrow,0.03426801785826683
0016.jpg,Yarrow,Yarrow,0.034498732537031174
0017.jpg,Yarrow,Yarrow,0.03160819411277771
0018.jpg,Yarrow,Yarrow,0.034531351178884506
0019.jpg,Yarrow,Yarrow,0.0345175601541996
0020.jpg,Yarrow,Yarrow,0.0345282219350338
0021.jpg,Yarrow,Yarrow,0.03441517800092697
0022.jpg,Yarrow,Yarrow,0.034531429409980774
0023.jpg,Yarrow,Yarrow,0.03453008830547333
0024.jpg,Yarrow,Yarrow,0.034522633999586105
0025.jpg,Yarrow,Yarrow,0.034506905823946
0026.jpg,Yarrow,Yarrow,0.03435700014233589
0027.jpg,Yarrow,Oxeye daisy,0.03452989086508751
0028.jpg,Yarrow,Shepherd's purse,0.019730456173419952
0029.jpg,Yarrow,Yarrow,0.031361017376184464
0030.jpg,Yarrow,Yarrow,0.03387521579861641
0031.jpg,Yarrow,Oxeye daisy,0.0339178666472435
0032.jpg,Yarrow,Yarrow,0.03449639678001404
0033.jpg,Yarrow,Yarrow,0.03449159488081932
0034.jpg,Yarrow,Yarrow,0.03444550558924675
0035.jpg,Yarrow,Yarrow,0.03439933434128761
0036.jpg,Yarrow,Yarrow,0.03447985649108887
0037.jpg,Yarrow,Yarrow,0.033841073513031006
0038.jpg,Yarrow,Daisy,0.023135928437113762
0039.jpg,Yarrow,Yarrow,0.023792970925569534
0040.jpg,Yarrow,Yarrow,0.021692734211683273
0041.jpg,Yarrow,Yarrow,0.02132374793291092
0042.jpg,Yarrow,Yarrow,0.022396327927708626
0043.jpg,Yarrow,Yarrow,0.022002914920449257
0044.jpg,Yarrow,Yarrow,0.034470945596694946
0045.jpg,Yarrow,Daisy,0.02216826006770134
0046.jpg,Yarrow,Daisy,0.023266691714525223
0047.jpg,Yarrow,Yarrow,0.03436489403247833
0048.jpg,Yarrow,Yarrow,0.027981478720903397
0049.jpg,Yarrow,Yarrow,0.025158029049634933
0050.jpg,Yarrow,Yarrow,0.02955961786210537
0051.jpg,Yarrow,Couch,0.03143584355711937
0052.jpg,Yarrow,Yarrow,0.034146908670663834
0053.jpg,Yarrow,Yarrow,0.0260186567902565
0054.jpg,Yarrow,Spurrey,0.021927526220679283
0055.jpg,Yarrow,Yarrow,0.03378130495548248
0056.jpg,Yarrow,Yarrow,0.034335050731897354
0057.jpg,Yarrow,Yarrow,0.03449120372533798
0058.jpg,Yarrow,Yarrow,0.03451838716864586
0059.jpg,Yarrow,Yarrow,0.03452090173959732
0060.jpg,Yarrow,Yarrow,0.03453116491436958
0061.jpg,Yarrow,Yarrow,0.03452135622501373
0062.jpg,Yarrow,Yarrow,0.03449815511703491
0063.jpg,Yarrow,Yarrow,0.0342436358332634
0064.jpg,Yarrow,Yarrow,0.034513626247644424
0065.jpg,Yarrow,Yarrow,0.03450196236371994
0066.jpg,Yarrow,Yarrow,0.03450404107570648
0067.jpg,Yarrow,Yarrow,0.03447357192635536
0068.jpg,Yarrow,Yarrow,0.03451948240399361
0069.jpg,Yarrow,Oxeye daisy,0.020462915301322937
0070.jpg,Yarrow,Yarrow,0.034477222710847855
0071.jpg,Yarrow,Yarrow,0.03453097492456436
0072.jpg,Yarrow,Yarrow,0.03453131020069122
0073.jpg,Yarrow,Yarrow,0.03445890173316002
0074.jpg,Yarrow,Yarrow,0.03450082242488861
0075.jpg,Yarrow,Yarrow,0.023226147517561913
0076.jpg,Yarrow,Yarrow,0.034531041979789734
0077.jpg,Yarrow,Yarrow,0.03434499353170395
0078.jpg,Yarrow,Yarrow,0.03373241797089577
0079.jpg,Yarrow,Yarrow,0.034048229455947876
0080.jpg,Yarrow,Yarrow,0.03452496603131294
0081.jpg,Yarrow,Yarrow,0.02113451063632965
0082.jpg,Yarrow,Yarrow,0.034032367169857025
0083.jpg,Yarrow,Yarrow,0.03448622301220894
0084.jpg,Yarrow,Yarrow,0.034510210156440735
0085.jpg,Yarrow,Yarrow,0.0344783291220665
0086.jpg,Yarrow,Yarrow,0.03096446767449379
0087.jpg,Yarrow,Yarrow,0.03440099209547043
0088.jpg,Yarrow,Yarrow,0.033623985946178436
0089.jpg,Yarrow,Yarrow,0.034513432532548904
0090.jpg,Yarrow,Yarrow,0.033845581114292145
0091.jpg,Yarrow,Yarrow,0.03439744561910629
0092.jpg,Yarrow,Yarrow,0.0345284678041935
0093.jpg,Yarrow,Yarrow,0.034528426826000214
0094.jpg,Yarrow,Yarrow,0.03453049063682556
0095.jpg,Yarrow,Yarrow,0.03409953787922859
0096.jpg,Yarrow,Yarrow,0.03405723348259926
0097.jpg,Yarrow,Oxeye daisy,0.03448997065424919
0098.jpg,Yarrow,Yarrow,0.034103572368621826
0099.jpg,Yarrow,Yarrow,0.034287113696336746
